-- phpMyAdmin SQL Dump
-- version 4.9.2
-- https://www.phpmyadmin.net/
--
-- Host: 127.0.0.1:3306
-- Generation Time: Feb 14, 2020 at 02:07 AM
-- Server version: 10.2.30-MariaDB
-- PHP Version: 7.2.26

SET SQL_MODE = "NO_AUTO_VALUE_ON_ZERO";
SET AUTOCOMMIT = 0;
START TRANSACTION;
SET time_zone = "+00:00";


/*!40101 SET @OLD_CHARACTER_SET_CLIENT=@@CHARACTER_SET_CLIENT */;
/*!40101 SET @OLD_CHARACTER_SET_RESULTS=@@CHARACTER_SET_RESULTS */;
/*!40101 SET @OLD_COLLATION_CONNECTION=@@COLLATION_CONNECTION */;
/*!40101 SET NAMES utf8mb4 */;

--
-- Database: `u177687112_combosuki`
--

-- --------------------------------------------------------

--
-- Table structure for table `button`
--

CREATE TABLE `button` (
  `idbutton` int(11) NOT NULL,
  `name` varchar(45) NOT NULL,
  `png` varchar(45) NOT NULL,
  `game_idgame` int(11) DEFAULT NULL,
  `order` int(11) DEFAULT NULL
) ENGINE=InnoDB DEFAULT CHARSET=utf8;

--
-- Dumping data for table `button`
--

INSERT INTO `button` (`idbutton`, `name`, `png`, `game_idgame`, `order`) VALUES
(1, '1', '1', NULL, NULL),
(2, '2', '2', NULL, NULL),
(3, '3', '3', NULL, NULL),
(4, '4', '4', NULL, NULL),
(5, '5', '5', NULL, NULL),
(6, '6', '6', NULL, NULL),
(7, '7', '7', NULL, NULL),
(8, '8', '8', NULL, NULL),
(9, '9', '9', NULL, NULL),
(10, '236', '236', NULL, NULL),
(11, '214', '214', NULL, NULL),
(12, '41236', '41236', NULL, NULL),
(13, '63214', '63214', NULL, NULL),
(14, '~', 'cancel', NULL, NULL),
(15, 'dl.', 'delay', NULL, NULL),
(16, '>', 'gap', NULL, NULL),
(17, '->', 'start', NULL, NULL),
(18, '[', 'holdLeft', NULL, NULL),
(19, ']', 'holdRight', NULL, NULL),
(20, 'j.', 'jump', NULL, NULL),
(21, 'L', 'L', 1, 30),
(22, 'M', 'M', 1, 31),
(23, 'H', 'H', 1, 32),
(24, 'S', 'S', 1, 33),
(25, 'A1', 'A1', 1, 34),
(26, 'A2', 'A2', 1, 35),
(33, 'LK', 'LK', 2, 30),
(34, 'MK', 'MK', 2, 31),
(35, 'HK', 'HK', 2, 32),
(36, 'LP', 'LP', 2, 34),
(37, 'MP', 'MP', 2, 35),
(38, 'HP', 'HP', 2, 36),
(39, '360', '632147896', 2, 15),
(40, 'dp', '623', 2, 14),
(41, 'K', 'K', 2, 33),
(42, 'P', 'P', 2, 37),
(43, 'A', 'A', 3, 200),
(44, 'B', 'B', 3, 210),
(45, 'C', 'C', 3, 220),
(46, 'P', 'P2', 3, 240),
(47, 'D', 'D', 3, 230),
(48, 'A', 'A', 4, 30),
(49, 'B', 'B', 4, 31),
(50, 'C', 'C', 4, 32),
(51, 'D', 'D', 4, 33),
(52, '623', '623', 4, 14),
(53, '421', '421', 4, 15),
(54, 'LK', 'LK', 5, 30),
(55, 'MK', 'MK', 5, 31),
(56, 'HK', 'HK', 5, 32),
(57, 'LP', 'LP', 5, 33),
(58, 'MP', 'MP', 5, 34),
(59, 'HP', 'HP', 5, 35),
(60, 'LK', 'LK', 6, 30),
(61, 'MK', 'MK', 6, 31),
(62, 'HK', 'HK', 6, 32),
(63, 'LP', 'LP', 6, 34),
(64, 'MP', 'MP', 6, 35),
(65, 'HP', 'HP', 6, 36),
(66, 'K', 'K', 6, 32),
(67, 'P', 'P', 6, 37),
(68, 'dp', '623', 6, 14),
(69, 'rdp', '421', 6, 15),
(70, '360', '632147896', 6, 15),
(71, 'A', 'A', 7, 31),
(72, 'B', 'B', 7, 32),
(73, 'C', 'C', 7, 33),
(74, 'D', 'D', 7, 34),
(75, '623', '623', 7, 15),
(76, '623', '623', 8, 14),
(77, 'P', 'P3', 8, 33),
(78, 'K', 'K3', 8, 30),
(79, 'S', 'S3', 8, 31),
(80, 'H', 'H', 8, 32),
(81, 'D', 'D', 8, 34),
(102, 'A', 'A', 10, 200),
(103, 'B', 'B', 10, 210),
(104, 'C', 'C', 10, 220),
(105, 'D', 'D', 10, 230),
(109, '623', '623', 10, 14),
(110, '421', '421', 10, 15),
(111, 'A', 'A', 11, 30),
(112, 'B', 'B', 11, 31),
(113, 'C', 'C', 11, 32),
(114, 'D', 'D', 11, 33),
(115, '44', '44', NULL, NULL),
(116, '66', '66', NULL, NULL),
(117, 'A', 'A', 12, 31),
(118, 'B', 'B', 12, 32),
(119, 'C', 'C', 12, 33),
(120, 'D', 'D', 12, 34),
(126, '1', '1', 10, 1),
(127, '~', 'cancel', 10, 18),
(128, 'dl.', 'delay', 10, 19),
(129, '>', 'gap', 10, 23),
(130, '->', 'start', 10, 24),
(131, '[', 'holdLeft', 10, 21),
(132, ']', 'holdRight', 10, 22),
(133, 'j.', 'jump', 10, 20),
(134, '44', '44', 10, 17),
(135, '66', '66', 10, 16),
(136, '63214', '63214', 10, 13),
(137, '41236', '41236', 10, 12),
(138, '214', '214', 10, 11),
(139, '2', '2', 10, 2),
(140, '3', '3', 10, 3),
(141, '4', '4', 10, 4),
(142, '5', '5', 10, 5),
(143, '6', '6', 10, 6),
(144, '7', '7', 10, 7),
(145, '8', '8', 10, 8),
(146, '9', '9', 10, 9),
(147, '236', '236', 10, 10),
(148, '1', '1', 1, 1),
(149, '~', 'cancel', 1, 18),
(150, 'dl.', 'delay', 1, 19),
(151, '>', 'gap', 1, 23),
(152, '->', 'start', 1, 24),
(153, '[', 'holdLeft', 1, 21),
(154, ']', 'holdRight', 1, 22),
(155, 'j.', 'jump', 1, 20),
(156, '44', '44', 1, 17),
(157, '66', '66', 1, 16),
(158, '63214', '63214', 1, 13),
(159, '41236', '41236', 1, 12),
(160, '214', '214', 1, 11),
(161, '2', '2', 1, 2),
(162, '3', '3', 1, 3),
(163, '4', '4', 1, 4),
(164, '5', '5', 1, 5),
(165, '6', '6', 1, 6),
(166, '7', '7', 1, 7),
(167, '8', '8', 1, 8),
(168, '9', '9', 1, 9),
(169, '236', '236', 1, 10),
(170, 'db', '1', 2, 1),
(171, '~', 'cancel', 2, 18),
(172, 'dl.', 'delay', 2, 19),
(173, '>', 'gap', 2, 23),
(174, '->', 'start', 2, 24),
(175, '[', 'holdLeft', 2, 21),
(176, ']', 'holdRight', 2, 22),
(177, 'j.', 'jump', 2, 20),
(178, 'bd', '44', 2, 17),
(179, 'fd', '66', 2, 16),
(180, 'hcb', '63214', 2, 13),
(181, 'hcf', '41236', 2, 12),
(182, 'qcb', '214', 2, 11),
(183, 'd', '2', 2, 2),
(184, 'df', '3', 2, 3),
(185, 'b', '4', 2, 4),
(186, 'st.', '5', 2, 5),
(187, 'f', '6', 2, 6),
(188, 'ub', '7', 2, 7),
(189, 'u', '8', 2, 8),
(190, 'uf', '9', 2, 9),
(191, 'qcf', '236', 2, 10),
(192, '1', '1', 3, 1),
(193, '~', 'cancel', 3, 18),
(194, 'dl.', 'delay', 3, 19),
(195, '>', 'gap', 3, 23),
(196, '->', 'start', 3, 24),
(197, '[', 'holdLeft', 3, 21),
(198, ']', 'holdRight', 3, 22),
(199, 'j.', 'jump', 3, 20),
(200, '44', '44', 3, 17),
(201, '66', '66', 3, 16),
(202, '63214', '63214', 3, 13),
(203, '41236', '41236', 3, 12),
(204, '214', '214', 3, 11),
(205, '2', '2', 3, 2),
(206, '3', '3', 3, 3),
(207, '4', '4', 3, 4),
(208, '5', '5', 3, 5),
(209, '6', '6', 3, 6),
(210, '7', '7', 3, 7),
(211, '8', '8', 3, 8),
(212, '9', '9', 3, 9),
(213, '236', '236', 3, 10),
(214, '1', '1', 4, 1),
(215, '~', 'cancel', 4, 18),
(216, 'dl.', 'delay', 4, 19),
(217, '>', 'gap', 4, 23),
(218, '->', 'start', 4, 24),
(219, '[', 'holdLeft', 4, 21),
(220, ']', 'holdRight', 4, 22),
(221, 'j.', 'jump', 4, 20),
(222, '44', '44', 4, 17),
(223, '66', '66', 4, 16),
(224, '63214', '63214', 4, 13),
(225, '41236', '41236', 4, 12),
(226, '214', '214', 4, 11),
(227, '2', '2', 4, 2),
(228, '3', '3', 4, 3),
(229, '4', '4', 4, 4),
(230, '5', '5', 4, 5),
(231, '6', '6', 4, 6),
(232, '7', '7', 4, 7),
(233, '8', '8', 4, 8),
(234, '9', '9', 4, 9),
(235, '236', '236', 4, 10),
(236, '1', '1', 5, 1),
(237, '~', 'cancel', 5, 18),
(238, 'dl.', 'delay', 5, 19),
(239, '>', 'gap', 5, 23),
(240, '->', 'start', 5, 24),
(241, '[', 'holdLeft', 5, 21),
(242, ']', 'holdRight', 5, 22),
(243, 'j.', 'jump', 5, 20),
(244, '44', '44', 5, 17),
(245, '66', '66', 5, 16),
(246, '63214', '63214', 5, 13),
(247, '41236', '41236', 5, 12),
(248, '214', '214', 5, 11),
(249, '2', '2', 5, 2),
(250, '3', '3', 5, 3),
(251, '4', '4', 5, 4),
(252, '5', '5', 5, 5),
(253, '6', '6', 5, 6),
(254, '7', '7', 5, 7),
(255, '8', '8', 5, 8),
(256, '9', '9', 5, 9),
(257, '236', '236', 5, 10),
(258, 'db', '1', 6, 1),
(259, '~', 'cancel', 6, 18),
(260, 'dl.', 'delay', 6, 19),
(261, '>', 'gap', 6, 23),
(262, '->', 'start', 6, 24),
(263, '[', 'holdLeft', 6, 21),
(264, ']', 'holdRight', 6, 22),
(265, 'j.', 'jump', 6, 20),
(266, 'bd', '44', 6, 17),
(267, 'fd', '66', 6, 16),
(268, 'hcb', '63214', 6, 13),
(269, 'hcf', '41236', 6, 12),
(270, 'qcb', '214', 6, 11),
(271, 'cr', '2', 6, 2),
(272, 'df', '3', 6, 3),
(273, 'b', '4', 6, 4),
(274, 'st', '5', 6, 5),
(275, 'f', '6', 6, 6),
(276, 'ub', '7', 6, 7),
(277, 'u', '8', 6, 8),
(278, 'uf', '9', 6, 9),
(279, 'qcf', '236', 6, 10),
(280, '1', '1', 7, 1),
(281, '~', 'cancel', 7, 18),
(282, 'dl.', 'delay_2', 7, 19),
(283, '>', 'gap', 7, 23),
(284, '->', 'start', 7, 24),
(285, '[', 'holdLeft', 7, 21),
(286, ']', 'holdRight', 7, 22),
(287, 'j.', 'jump', 7, 20),
(288, '44', '44', 7, 17),
(289, '66', '66', 7, 16),
(290, '63214', '63214', 7, 13),
(291, '41236', '41236', 7, 12),
(292, '214', '214', 7, 11),
(293, '2', '2', 7, 2),
(294, '3', '3', 7, 3),
(295, '4', '4', 7, 4),
(296, '5', '5', 7, 5),
(297, '6', '6', 7, 6),
(298, '7', '7', 7, 7),
(299, '8', '8', 7, 8),
(300, '9', '9', 7, 9),
(301, '236', '236', 7, 10),
(302, '1', '1', 8, 1),
(303, '~', 'cancel', 8, 18),
(304, 'dl.', 'delay', 8, 19),
(305, '>', 'gap', 8, 23),
(306, '->', 'start', 8, 24),
(307, '[', 'holdLeft', 8, 21),
(308, ']', 'holdRight', 8, 22),
(309, 'j.', 'jump', 8, 20),
(310, '44', '44', 8, 17),
(311, '66', '66', 8, 16),
(312, '63214', '63214', 8, 13),
(313, '41236', '41236', 8, 12),
(314, '214', '214', 8, 11),
(315, '2', '2', 8, 2),
(316, '3', '3', 8, 3),
(317, '4', '4', 8, 4),
(318, '5', '5', 8, 5),
(319, '6', '6', 8, 6),
(320, '7', '7', 8, 7),
(321, '8', '8', 8, 8),
(322, '9', '9', 8, 9),
(323, '236', '236', 8, 10),
(346, '1', '1', 11, 1),
(347, '~', 'cancel', 11, 18),
(348, 'dl.', 'delay', 11, 19),
(349, '>', 'gap', 11, 23),
(350, '->', 'start', 11, 24),
(351, '[', 'holdLeft', 11, 21),
(352, ']', 'holdRight', 11, 22),
(353, 'j.', 'jump', 11, 20),
(354, '44', '44', 11, 17),
(355, '66', '66', 11, 16),
(356, '63214', '63214', 11, 13),
(357, '41236', '41236', 11, 12),
(358, '214', '214', 11, 11),
(359, '2', '2', 11, 2),
(360, '3', '3', 11, 3),
(361, '4', '4', 11, 4),
(362, '5', '5', 11, 5),
(363, '6', '6', 11, 6),
(364, '7', '7', 11, 7),
(365, '8', '8', 11, 8),
(366, '9', '9', 11, 9),
(367, '236', '236', 11, 10),
(368, '1', '1', 12, 1),
(369, '~', 'cancel', 12, 18),
(370, 'dl.', 'delay', 12, 19),
(371, '>', 'gap', 12, 23),
(372, '->', 'start', 12, 24),
(373, '[', 'holdLeft', 12, 21),
(374, ']', 'holdRight', 12, 22),
(375, 'j.', 'jump', 12, 20),
(376, '44', '44', 12, 17),
(377, '66', '66', 12, 16),
(378, '63214', '63214', 12, 13),
(379, '41236', '41236', 12, 12),
(380, '214', '214', 12, 11),
(381, '2', '2', 12, 2),
(382, '3', '3', 12, 3),
(383, '4', '4', 12, 4),
(384, '5', '5', 12, 5),
(385, '6', '6', 12, 6),
(386, '7', '7', 12, 7),
(387, '8', '8', 12, 8),
(388, '9', '9', 12, 9),
(389, '236', '236', 12, 10),
(471, 'P', 'P', 5, 32),
(472, 'K', 'K', 5, 29),
(473, '623', '623', 5, 15),
(474, '(', 'orLeft', 1, 22),
(475, ')', 'orRight', 1, 22),
(476, ')', 'orLeft', 10, 22),
(477, '(', 'orRight', 10, 22),
(478, '(', 'orLeft', 3, 22),
(479, ')', 'orRight', 3, 22),
(480, '(', 'orLeft', 8, 22),
(481, ')', 'orRight', 8, 22),
(482, '(', 'orLeft', 11, 22),
(483, ')', 'orRight', 11, 22),
(484, '(', 'orLeft', 4, 22),
(485, ')', 'orRight', 4, 22),
(486, '(', 'orLeft', 5, 22),
(487, ')', 'orRight', 5, 22),
(488, '(', 'orLeft', 6, 22),
(489, ')', 'orRight', 6, 22),
(490, '(', 'orLeft', 2, 22),
(491, ')', 'orRight', 2, 22),
(492, '(', 'orLeft', 12, 22),
(493, ')', 'orRight', 12, 22),
(496, '(', 'orLeft', 7, 22),
(497, ')', 'orRight', 7, 22),
(498, '(whiff)', 'whiff', 1, 19),
(499, '(whiff)', 'whiff', 10, 19),
(500, '(whiff)', 'whiff', 3, 19),
(501, '(whiff)', 'whiff', 8, 19),
(502, '(whiff)', 'whiff', 11, 19),
(503, '(whiff)', 'whiff', 4, 19),
(504, '(whiff)', 'whiff', 5, 19),
(505, '(whiff)', 'whiff', 6, 19),
(506, '(whiff)', 'whiff', 2, 19),
(507, '(whiff)', 'whiff', 12, 19),
(509, '(whiff)', 'whiff', 7, 19),
(510, '421', '421', 8, 14),
(511, '(land)', 'land', 1, 19),
(512, '(land)', 'land', 10, 19),
(513, '(land)', 'land', 3, 19),
(514, '(land)', 'land', 8, 19),
(515, '(land)', 'land', 4, 19),
(516, '(land)', 'land', 5, 19),
(517, '(land)', 'land', 6, 19),
(518, '(land)', 'land', 2, 19),
(519, '(land)', 'land', 12, 19),
(521, '(land)', 'land', 7, 19),
(522, '623', '623', 11, 14),
(553, '1', '1', 20, 1),
(554, '2', '2', 20, 2),
(555, '3', '3', 20, 3),
(556, '4', '4', 20, 4),
(557, '5', '5', 20, 5),
(558, '6', '6', 20, 6),
(559, '7', '7', 20, 7),
(560, '8', '8', 20, 8),
(561, '9', '9', 20, 9),
(562, '236', '236', 20, 10),
(563, '214', '214', 20, 11),
(564, '623', '623', 20, 12),
(565, '421', '421', 20, 13),
(566, 'WP', 'weakPunch', 20, 30),
(567, 'SP', 'strongPunch', 20, 31),
(568, 'WW', 'weakWeapon', 20, 32),
(569, 'SW', 'strongWeapon', 20, 33),
(570, '>', 'gap', 20, 20),
(571, '->', 'start', 20, 21),
(572, '~', 'cancel', 20, 23);

-- --------------------------------------------------------

--
-- Table structure for table `character`
--

CREATE TABLE `character` (
  `idcharacter` int(11) NOT NULL,
  `Name` varchar(45) NOT NULL,
  `game_idgame` int(11) NOT NULL
) ENGINE=InnoDB DEFAULT CHARSET=utf8;

--
-- Dumping data for table `character`
--

INSERT INTO `character` (`idcharacter`, `Name`, `game_idgame`) VALUES
(1, 'Goku (SSJ)', 1),
(2, 'Goku (SSGSS)', 1),
(3, 'Goku Black', 1),
(4, 'Vegeta (SSJ)', 1),
(5, 'Vegeta (SSGSS)', 1),
(6, 'Gohan (Teen)', 1),
(7, 'Gohan (Adult)', 1),
(8, 'Krilin', 1),
(9, 'Yamcha', 1),
(10, 'Tien', 1),
(11, 'Trunks', 1),
(12, 'Gotenks', 1),
(13, 'Piccolo', 1),
(14, 'Nappa', 1),
(15, 'Captain Ginyu', 1),
(16, 'Frieza', 1),
(17, 'Cell', 1),
(18, 'Android 16', 1),
(19, 'Android 18', 1),
(20, 'Android 21', 1),
(21, 'Kid Buu', 1),
(22, 'Majin Buu', 1),
(23, 'Hit', 1),
(24, 'Beerus', 1),
(25, 'Broly', 1),
(26, 'Bardock', 1),
(27, 'Zamasu (Fused)', 1),
(28, 'Vegitto (SSGSS)', 1),
(29, 'Goku', 1),
(30, 'Vegeta', 1),
(31, 'Cooler', 1),
(32, 'Android 17', 1),
(33, 'Videl', 1),
(34, 'Jiren', 1),
(35, 'Ryu', 2),
(36, 'Chun-Li', 2),
(37, 'Nash', 2),
(38, 'M. Bison', 2),
(39, 'Cammy', 2),
(40, 'Birdie', 2),
(41, 'Ken', 2),
(42, 'Necalli', 2),
(43, 'Vega', 2),
(44, 'Rainbow Mika', 2),
(45, 'Rashid', 2),
(46, 'Karin', 2),
(47, 'Zangief', 2),
(48, 'Laura', 2),
(49, 'Dhalsim', 2),
(50, 'F.A.N.G', 2),
(51, 'Alex', 2),
(52, 'Guile', 2),
(53, 'Ibuki', 2),
(54, 'Balrog', 2),
(55, 'Juri', 2),
(56, 'Urien', 2),
(57, 'Akuma', 2),
(58, 'Kolin', 2),
(59, 'Ed', 2),
(60, 'Abigail', 2),
(61, 'Menat', 2),
(62, 'Zeku', 2),
(63, 'Sakura', 2),
(64, 'Blanka', 2),
(65, 'Falke', 2),
(66, 'Cody', 2),
(67, 'G', 2),
(68, 'Sagat', 2),
(69, 'Kage', 2),
(70, 'Ragna the Bloodedge', 3),
(71, 'Jin Kisaragi', 3),
(72, 'Noel Vermillion', 3),
(73, 'Rachel Alucard', 3),
(74, 'Hazama', 3),
(75, 'Iron Tager', 3),
(76, 'Hakumen', 3),
(77, 'Nu-13', 3),
(78, 'Makoto Nanaya', 3),
(79, 'Platinum the Trinity', 3),
(80, 'Izayoi', 3),
(81, 'Azrael', 3),
(82, 'Naoto Kurogane', 3),
(83, 'Nine the Phantom', 3),
(84, 'Mai Natsume', 3),
(85, 'Es', 3),
(86, 'Jubei', 3),
(87, 'Yu Narukami', 3),
(88, 'Yosuke Hanamura', 3),
(89, 'Chie Satonaka', 3),
(90, 'Yukiko Amagi', 3),
(91, 'Kanji Tatsumi', 3),
(92, 'Teddie', 3),
(93, 'Labrys', 3),
(94, 'Aegis', 3),
(95, 'Hyde', 3),
(96, 'Akihiko Sanada', 3),
(97, 'Linne', 3),
(98, 'Mitsuru Kirijo', 3),
(99, 'Naoto Shirogane', 3),
(100, 'Waldstein', 3),
(101, 'Carmine', 3),
(102, 'Orie', 3),
(103, 'Gordeau', 3),
(104, 'Merkava', 3),
(105, 'Vatista', 3),
(106, 'Seth', 3),
(107, 'Yuzuriha', 3),
(108, 'Mika', 3),
(109, 'Ruby Rose', 3),
(110, 'Weiss Schnee', 3),
(111, 'Blake Belladonna', 3),
(112, 'Yang Xiao Long', 3),
(113, 'Heart Aino', 3),
(114, 'Shiki Tohno ', 4),
(115, 'Arcueid Brunestud', 4),
(116, 'Ciel', 4),
(117, 'Akiha Tohno', 4),
(118, 'Hisui', 4),
(119, 'Kohaku', 4),
(120, 'Hisui&Kohaku', 4),
(121, 'Nrvnqsr Chaos', 4),
(122, 'Miyako Arima', 4),
(123, 'Satsuki Yumiduka', 4),
(124, 'Aoko Aozaki', 4),
(125, 'Michael Roa Valdamjong', 4),
(126, 'Shiki Nanaya', 4),
(127, 'Len', 4),
(128, 'Kouma Kishima', 4),
(129, 'Shiki Ryougi', 4),
(130, 'Sion Eltnam Atlasia', 4),
(132, 'Mech-Hisui', 4),
(133, 'White Len', 4),
(134, 'Riesbyfe Stridberg', 4),
(136, 'Akiha Vermillion', 4),
(137, 'Sion TATARI', 4),
(139, 'Warachia', 4),
(140, 'Neco-Arc', 4),
(141, 'Neco-Arc Chaos', 4),
(144, 'Koha & Mech', 4),
(145, 'Neco & Mech', 4),
(147, 'Archetype: Earth', 4),
(148, 'Powerd Ciel', 4),
(149, 'Squigly', 5),
(150, 'Big Band', 5),
(151, 'Eliza', 5),
(152, 'Ms Fortune', 5),
(153, 'Peacock', 5),
(154, 'Painwheel', 5),
(155, 'Filia', 5),
(156, 'Cerebella', 5),
(157, 'Valentine', 5),
(158, 'Parasoul', 5),
(159, 'Double', 5),
(160, 'Fukua', 5),
(161, 'Beowulf', 5),
(162, 'Robo-Fortune', 5),
(163, 'Alex', 6),
(164, 'Akuma', 6),
(165, 'Chun-Li', 6),
(166, 'Dudley', 6),
(167, 'Elena', 6),
(168, 'Gill', 6),
(169, 'Hugo', 6),
(170, 'Ibuki', 6),
(171, 'Ken', 6),
(172, 'Makoto', 6),
(173, 'Necro', 6),
(174, 'Oro', 6),
(175, 'Q', 6),
(176, 'Remy', 6),
(177, 'Ryu', 6),
(178, 'Sean', 6),
(179, 'Twelve', 6),
(180, 'Urien', 6),
(181, 'Yang', 6),
(182, 'Yun', 6),
(183, 'Red Arcueid', 4),
(184, 'Eltnum', 7),
(185, 'Nanase', 7),
(186, 'Hilda', 7),
(187, 'Seth', 7),
(188, 'Merkava', 7),
(189, 'Orie', 7),
(190, 'Waldstein', 7),
(191, 'Hyde', 7),
(192, 'Linne', 7),
(193, 'Carmine', 7),
(194, 'Gordeau', 7),
(195, 'Yuzuriha', 7),
(196, 'Vatista', 7),
(197, 'Chaos', 7),
(198, 'Byakuya', 7),
(199, 'Akatsuki', 7),
(200, 'Phonon', 7),
(201, 'Mika', 7),
(202, 'Enkidu', 7),
(203, 'Wagner', 7),
(204, 'Kum Haehyun', 8),
(205, 'Elphelt', 8),
(206, 'Sol Badguy', 8),
(207, 'Ky Kiske', 8),
(208, 'Ramlethal', 8),
(209, 'Raven', 8),
(210, 'Sin Kiske', 8),
(211, 'Johnny', 8),
(212, 'May', 8),
(213, 'Leo Whitefang', 8),
(214, 'Chipp Zanuff', 8),
(215, 'Millia Rage', 8),
(216, 'Baiken', 8),
(217, 'Answer', 8),
(218, 'Zato=1', 8),
(219, 'Potemkin', 8),
(220, 'I-no', 8),
(221, 'Slayer', 8),
(222, 'Venom', 8),
(223, 'Axl Low', 8),
(224, 'Dizzy', 8),
(225, 'Faust', 8),
(226, 'Bedman', 8),
(227, 'Jack-o', 8),
(228, 'Jam Kuradoberi', 8),
(274, 'Ragna the Bloodedge', 10),
(275, 'Jin Kisaragi', 10),
(276, 'Noel Vermillion', 10),
(277, 'Rachel Alucard', 10),
(278, 'Taokaka', 10),
(279, 'Iron Tager', 10),
(280, 'Litchi Faye Ling', 10),
(281, 'Arakune', 10),
(282, 'Bang Shishigami', 10),
(283, 'Carl Clover', 10),
(284, 'Hakumen', 10),
(285, 'ν-No.13-', 10),
(286, 'Tsubaki Yayoi', 10),
(287, 'Hazama', 10),
(288, 'μ-No.12-', 10),
(289, 'Makoto Nanaya', 10),
(290, 'Valkenhayn R. Hellsing', 10),
(291, 'Platinum the Trinity', 10),
(292, 'Relius Clover', 10),
(293, 'Izayoi', 10),
(294, 'Amane Nishiki', 10),
(295, 'Bullet', 10),
(296, 'Azrael', 10),
(297, 'Kagura Mutsuki', 10),
(298, 'Kokonoe', 10),
(299, 'Yūki Terumi', 10),
(300, 'Celica A. Mercury', 10),
(301, 'Λ-No.11-', 10),
(302, 'Hibiki Kohaku', 10),
(303, 'Naoto Kurogane', 10),
(304, 'Nine the Phantom', 10),
(305, 'Izanami', 10),
(306, 'Susanoo', 10),
(307, 'Es', 10),
(308, 'Mai Natsume', 10),
(309, 'Jūbei', 10),
(310, 'Akari Ichijou', 11),
(311, 'Amano', 11),
(312, 'Hagure Hitogata', 11),
(313, 'Hibiki Takane', 11),
(314, 'Juzoh Kanzaki', 11),
(315, 'Kaede', 11),
(316, 'Keiichiro Washizuka', 11),
(317, 'Kojiroh Sanada', 11),
(318, 'Kouryu', 11),
(319, 'Lee Rekka', 11),
(320, 'Moriya Minakata', 11),
(321, 'Mukuro', 11),
(322, 'Okina Genbu', 11),
(323, 'Setsuna', 11),
(324, 'Shigen', 11),
(325, 'Shinnosuke Kagami', 11),
(326, 'Yuki', 11),
(327, 'Zantetsu', 11),
(328, 'Velvet', 12),
(329, 'Arizona', 12),
(330, 'Tianhuo', 12),
(331, 'Pom', 12),
(332, 'Oleander', 12),
(333, 'Paprika', 12),
(479, 'Goku (GT)', 1),
(481, 'Naoto Kurogane', 3),
(511, 'Janemba', 1),
(512, 'Lucia', 2),
(513, 'Poison', 2),
(514, 'E. Honda', 2),
(515, 'Wing', 20),
(516, 'Deathscythe', 20),
(517, 'Heavyarms', 20),
(518, 'Sandrock', 20),
(519, 'Shen-Long', 20),
(520, 'Tallgeese', 20),
(521, 'Vayate', 20),
(522, 'Mercurius', 20),
(523, 'Wing Zero', 20),
(524, 'Epyon', 20),
(525, 'Gogeta (SSGSS)', 1),
(526, 'Broly (DBS)', 1),
(527, 'Gill', 2),
(528, 'Seth', 2),
(530, 'Kefla', 1),
(531, 'Goku (Ultra Instinct)', 1);

-- --------------------------------------------------------

--
-- Table structure for table `combo`
--

CREATE TABLE `combo` (
  `idcombo` int(11) NOT NULL,
  `combo` longtext NOT NULL,
  `comments` mediumtext DEFAULT NULL,
  `video` mediumtext DEFAULT NULL,
  `user_iduser` int(11) DEFAULT NULL,
  `character_idcharacter` int(11) NOT NULL,
  `submited` datetime DEFAULT NULL,
  `damage` double DEFAULT NULL,
  `type` int(11) NOT NULL,
  `verified` int(11) DEFAULT NULL,
  `patch` varchar(10) DEFAULT NULL,
  `author` varchar(45) DEFAULT NULL,
  `password` varchar(16) DEFAULT NULL
) ENGINE=InnoDB DEFAULT CHARSET=utf8;

--
-- Dumping data for table `combo`
--

INSERT INTO `combo` (`idcombo`, `combo`, `comments`, `video`, `user_iduser`, `character_idcharacter`, `submited`, `damage`, `type`, `verified`, `patch`, `author`, `password`) VALUES
(6, '2 M > 236 S > 236 L M > 6 6 > 2 M > 5 M > H > 214 M > M H > 4 4 > M > H > S > 2 S > H S > L > M > 8 > L > L > 236 L > L > L > 214 L M ', '-Near Corner\r\n-Universal (with adjustments)\r\n-7 bars, Lv. 2+ sparking\r\n\r\n(As of v1.14) Niagara Pummel (with smash) does not trigger damage penalty for later supers without Ultimate Z Change.\r\nVegetaBlue can cross-under and hook the opponent backward with his 5H. Slightly delay 5S afterward in case 5H hit a bit too hight.\r\nThanks to the damage buff to Lv. 3 supers in v1.14. Final Flash Attack (Lv.5) now deals about 2500 when fully scaled.\r\n\r\nCredit: Muto6', 'https://youtu.be/I2ZFXeefPDc?t=108', NULL, 5, '2019-03-17 02:18:46', 10000, 0, NULL, NULL, NULL, NULL),
(7, '214 H > 236 9 S > 2 M > H > 236 9 S > H > 236 S > M H > 6 6 > M > S > M > 9 > L > L > 2 H > 9 > M > H > M H > 6 6 > L M > 214 L M ', '-Corner\r\n-Universal\r\nTo perform a tigerknee off a jump-cancellable move like 5H (in sparking), slightly delay the input of 2369 after 5h connects, because 5H has long active frames. Doing \'2369\' early could either result in not getting \'9\' registered or missing the buffer window of \'236\'.\r\n', 'https://youtu.be/I2ZFXeefPDc?t=82', NULL, 1, '2019-03-17 02:19:49', 10000, 0, NULL, NULL, NULL, NULL),
(8, '5 M > 2 M > 236 M > 2 M > 5 M > 9 > L > L > S > 6 6 > L > S > L > L > 9 > L > L > S > 6 6 > L > S > L > L > L > S H > L > L > 2 H > 8 > L > L > S > 236 L > M H > S > 214 H > 214 L M ', 'Corner\r\n\r\nAfter 236M, ensure 2M connects low (or delay 5M). Otherwise the opponent would be a bit too high and j.LL would gain unwanted height.\r\nDon\'t rush for j.S after air-dash j.L, as j.L would push the dummy upward very slightly. Delaying j.S by a frame or two would make Goku relatively lower and create a longer window to link 5L.', 'https://youtu.be/I2ZFXeefPDc?t=50', NULL, 2, '2019-03-17 02:20:38', 10000, 0, NULL, NULL, NULL, NULL),
(9, '2 M > 5 M > 9 > M > H > 2 H > S H > M > H > 2 H > 9 > L > L > L > S > 214 M > A2 > 9 > L > L > L > 2 H > 9 > L > L > L > A1 > 214 L > 214 S > H M > L M > 236 H > 236 L M > A2 > 4 A1 ', '', 'https://twitter.com/Ikkisoad/status/1034131516132077570', NULL, 20, '2019-03-17 02:21:59', 9792, 3, NULL, '1.14', NULL, NULL),
(12, '1 M > 5 M > 9 > j. M > j. L > j. L > 9 > j. L > j. L > A1 > j. L > L > L > 9 > j. L > j. M > j. L > j. 2 H > H S > j. L > j. M > j. L > j. 2 H > 9 > j. L > j. L > j. L ', '', 'https://twitter.com/Ikkisoad/status/1028480317236158465', NULL, 21, '2019-03-17 02:45:28', 4697, 0, NULL, '1.15', NULL, NULL),
(13, '2 H > H S > j. M > j. S > 236 M > A1 > j. L > j. L > j. 2 H > 9 > j. L > j. L > j. L ', '', 'https://twitter.com/oPrieZT/status/1106796309116276736', NULL, 21, '2019-03-17 19:13:29', 4365, 0, NULL, '1.14', NULL, NULL),
(19, '2 M > 214 M > L M H S > L > L > L > S H > j. M > j. 2 H > 9 > j. L > j. L > j. L > j. S > j. 214 M > A2 > 9 > j. L > j. L > j. L > j. 2 H > 9 > j. L > j. L > j. L > A1 > j. 214 L > 214 S > dl. > M H > [ L M ] > A2 > 236 L M > A1 > 4 A2 ', '', 'https://twitter.com/Ikkisoad/status/1016896659610062853', NULL, 20, '2019-03-18 16:13:35', 10113, 3, NULL, '1.14', NULL, NULL),
(21, 'dp LP > qcf qcf P > df > dp P > HP HK > j. HP > HP > qcf HP ', '', 'https://www.youtube.com/watch?v=iGnJ4iHcaQg', NULL, 172, '2019-03-19 20:38:07', 0, 0, NULL, '', '', NULL),
(26, '236 H > j. 2 H > 9 > j. H > j. 236 H > [ H M ] > 4 4 > H > 9 > j. S > 6 6 > j. L > j. S > M > H > S > S > j. 236 L > j. L > j. L > 2 H > 9 > j. L > j. L > j. S > j. 236 L > M H > 236 S > 214 L M ', 'It\'s still a TOD without the last ki blast', 'https://youtu.be/qlV7nP25nRg?t=293', NULL, 21, '2019-03-20 01:28:01', 10182, 3, NULL, '1.14', NULL, NULL),
(27, 'H > 9 6 > j. H > j. 236 S > j. S > L > H > 9 > j. M > j. H > j. 236 S ~ S > j. L > j. L > j. L > j. 236 S ~ S  > j. L > j. L > j. L > j. 2 H > 9 > j. L > j. L > j. L > j. 214 H > H M > 236 H > [ M H ] > [ L M ] > 214 S > j. 214 L M ', 'Last character only to TOD', 'https://twitter.com/KyePerson/status/1105848060981047302', NULL, 20, '2019-03-20 02:10:46', 10000, 3, NULL, '1.14', NULL, NULL),
(28, '2 M > 5 M > 9 > j. M > j. 2 H > H S > j. M > j. 2 H > j. L > j. L > j. S > j. 214 M > A1 > 9 > j. L > j. L > j. 2 H > 9 > j. L > j. L > j. 236 S > H M > [ L M ] ', '', '', NULL, 20, '2019-03-20 05:12:13', 5331, 0, NULL, '1.15', NULL, NULL),
(29, '2 M > 5 M > 9 > j. M > j. 2 H > S H > j. M > j. 2 H > 9 > j. L > j. L > j. S > j. 214 M > A1 > 9 > j. L > j. L > j. 2 H > 9 > j. L > j. L > j. 214 M > 236 L M ', '', '', NULL, 20, '2019-03-20 05:24:11', 5449, 0, NULL, '1.15', NULL, NULL),
(30, '2 M > M > j. M > H > 236 M > 2 H > j. M > H > S > [ H S ] > M > H > S > 236 M > 236 L M ', 'Corner/ close to corner combo', '', NULL, 28, '2019-03-20 09:52:59', 6032, 0, NULL, NULL, NULL, NULL),
(31, '5 B > 6 B >  6 C > 2 C > 5 C > 3 C > j. C > j. 2 C > 6 6 C > 2 2 C', 'Basic bnb that ends with double buffs.', '', NULL, 203, '2019-03-20 12:38:27', 3075, 0, NULL, '', '', NULL),
(32, '2 A A > C > 214 A > 6 B > j. [ C ] > 236 [ B ] > 6 6 C > 2 2 A', 'Bnb off a bad starter (2AA, 5A > 2A etc.) without the use of a grd bar for FF. Can end in either 236AA or 214A for more meterless damage.', '', NULL, 203, '2019-03-20 13:51:09', 2427, 0, NULL, '', '', NULL),
(33, 'B > C > 3 C > j. A B C > 6 6 B > j. 236 A > 2 B > 2 C > 236 A > 6 A > 6 A ', 'Damage is without vorpal. Pretty simple Enkidu bnb. You can do the same combo if you hit with 5C instead of 5B, just remember to reverse the start (I.e 5C > 5B > 3C).', '', NULL, 202, '2019-03-20 14:11:13', 2883, 0, NULL, '', '', NULL),
(34, '2 A > B > C > 2 C > 3 C > j. A B B > 6 6 C > 236 [ B ] ', 'Bnb off a bad starter like 2A, 2AA, 5A etc. Damage is without vorpal and different depending on starter. If you hit the 214 [B] near corner you can extend the combo using 5B.', '', NULL, 202, '2019-03-20 14:18:04', 2600, 0, NULL, '', '', NULL),
(35, '2 A A A > 2 B > 5 B B > 4 B > j. [ C ] > j. 2 [ B ] > 6 6 C > 236 [ B ] > 2 C > 3 C > 214 A A', '2821 damage with Vorpal.', 'https://youtu.be/9rL0zzFbljw', NULL, 200, '2019-03-20 15:11:12', 2571, 0, NULL, '', '', NULL),
(39, '2 M > M > 4 M > 2 j. M > L > L > 2 H > [ H S ] > M > L > 2 H > M > L > 2 S > 214 L', 'Corner BnB. Not 100% sure it\'s optimal', '', NULL, 33, '2019-03-20 16:58:59', 3894, 0, NULL, NULL, NULL, NULL),
(40, '2 M > 6 H > 236 M [ L A1 ] L > 6 H > 236 M L [ L A1 ] > j. M > L > L > 2 H > [ H S ] > M > L > L > j. L L L ', 'Corner Combo for the team I use. Timing the assists can be a little difficult but a little practice will help. You can add super\'s onto the end for more damage.', '', NULL, 33, '2019-03-20 17:18:40', 5235, 0, NULL, NULL, NULL, NULL),
(43, 'M > 2 M > H > S > 2 S > L > L > 2 S > [ H S ] > L > L > 2 H > L > L > [ H A1 ] > [ L M ] > 236 S > 236 [ L M ] [ L M ] [ L M ] > 236 A2 > 214 A1 ', 'Variant of Krillin corner combo that causes TOD on any non-sparking character.', 'https://www.youtube.com/watch?v=1Y5903sGd8k', NULL, 8, '2019-03-20 20:40:08', 10163, 0, NULL, NULL, NULL, NULL),
(44, 'M > 2 M > H > S > 2 S > L > L > 2 S > [ H S ] > L L > 2 H > L > L > [ H A1 ] > [ L M ] > 236 S > 214 [ L M ]', 'Leads to hard knockdown. Optimal Krillin corner route. Can substitute j. S > 236 H over H [Goku Assist] for similar effect and one more bar.', '', NULL, 8, '2019-03-20 20:46:04', 6777, 0, NULL, NULL, NULL, NULL),
(45, 'B > 6 B > 6 C > [ B C ] > 2 2 A > 6 6 B > 214 [ A ] > 6 6 C > 236 A dl. A > 2 C > C > 2 2 C ', 'Standard bnb that ends with double buffs. Works with 5C / 6B / 214 start as well.', '', NULL, 203, '2019-03-20 23:48:15', 3619, 0, NULL, '', '', NULL),
(46, '2 M > 5 M > 9 > j. M > j. H > j. L > 9 > j. M > j. H > j. L > S > 2 M > 5 M > 2 H > H S > j. M > j. L > 9 > j. L > j. L > j. 236 S > 236 L M ', '', '', NULL, 16, '2019-03-21 00:41:07', 7075, 3, NULL, '1.14', '', NULL),
(47, '2 M > 5 M > 2 H > H S > j. M > j. L > 9 > j. L > j. M > j. [ S ] > j. 236 S > 236 L M ', '-Corner\r\n-j. [ S ] must be in the corner', '', NULL, 16, '2019-03-21 00:45:24', 5050, 0, NULL, '1.15', NULL, NULL),
(48, '2 M > 5 M > 2 H > H S > j. M > j. L > 9 > j. L > j. L > j. 2 S > j. 2 H ', 'Mid screen bnb', '', NULL, 16, '2019-03-21 00:47:00', 4015, 0, NULL, '1.15', NULL, NULL),
(49, '2 M > 5 M > 1 S > H S > j. M > j. L > 9 > j. L > j. M > A1 > j. 2 H > 2 H > S H > j. M > j. L > 9 > j. L > j. L > j. L ', 'Delay the last auto combo or else Frieza will be too low to hit the H.\r\nDoes 4722 damage if you use only one hit of the M in the last auto combo.', '', NULL, 16, '2019-03-21 00:50:38', 4827, 0, NULL, '1.15', NULL, NULL),
(50, '1 M > 5 M > 9 > j. M > j. L > j. L > 9 > j. L > j. L > A1 > j. L > 9 > j. M > j. L > j. L > 9 > j. L > L > dl. j. S > A2 > 2 9 > j. L > j. L > j. 2 H > S H > j. M > j. L > j. L > 9 > j. L > j. L > j. L ', 'Should use only 1 hit of the last M, else the H will whiff', '', NULL, 21, '2019-03-21 01:00:53', 4902, 0, NULL, '1.14', NULL, NULL),
(51, '5 M > 9 > j. M > H > 2 L > L > L > 2 M > 5 M > 9 > j. L > j. M > j. L > j. 2 H > S H > j. L > j. M > j. L > j. 2 H > 9 > j. L > j. L > j. L ', '-Big bodies only, corner only\r\n-Works on 16, Cooler and Broly\r\n', 'https://twitter.com/Ikkisoad/status/1112008199719264262', NULL, 21, '2019-03-21 01:04:12', 4897, 0, NULL, '1.15', NULL, NULL),
(52, '5 M > 9 > j. M > j. H > A1 > 6 6 > 214 M > 2 M > 5 M > 9 > j. L > j. M > j. L > j. 2 H > j. L > j. L > j. S > j. 236 L M ', '-Big bodies only, mid screen. Probably only works with Cooler, Broly and 16.\r\n-If 21 spawns on their left side you don\'t need to dash to grab', 'https://twitter.com/Ikkisoad/status/1108536635359150086', NULL, 21, '2019-03-21 01:12:05', 5612, 0, NULL, '1.15', NULL, NULL),
(53, '2 M > 5 M > 9 > j. M > j. H > S H > j. M > j. 2 H > j. L > j. L > j. S > j. 236 S > H M > [ L M ] ', '', '', NULL, 20, '2019-03-21 01:36:32', 4571, 0, NULL, '1.15', NULL, NULL),
(54, '2 M > 5 M > j. M > j. L L > j. 2 H > S H > j. M > j. L L > j. 2 H > 9 > j. L > j. L > j. S > j. 236 S > H M > [ L M ] ', '', '', NULL, 20, '2019-03-21 01:38:10', 4684, 0, NULL, '1.15', NULL, NULL),
(55, '2 M > 5 M > 9 > j. M > j. 2 H > H S > j. M > j. 2 H > 9 > j. L > j. L > j. S > j. 214 S ~ M > 236 L M ', '', '', NULL, 20, '2019-03-21 01:40:50', 5042, 0, NULL, '1.15', NULL, NULL),
(56, '2 M > 5 M > 9 > j. M > j. L > j. L > j. 2 H > S H > j. M > j. L > j. L > j. 2 H > 9 > j. L > j. L > j. S > j. 214 M > 236 L M ', '', '', NULL, 20, '2019-03-21 01:41:53', 4992, 0, NULL, '1.15', NULL, NULL),
(57, '2 M > 5 M > 9 > j. M > j. 2 H > S H > j. M > j. 2 H > 9 > j. L > j. L > j. S > j. 214 M > M H > 6 6 > L > L > L > S H > j. M > j. 2 H > 9 > j. L > j. L > j. L ', '', '', NULL, 20, '2019-03-21 01:44:02', 5195, 3, NULL, '1.14', NULL, NULL),
(58, '2 M > 5 M > j. M [2hit] >  214 M >  empty vanish > j. M [1hit] > 6 6 j. L > j. M [land] > j. L L [2hit] > j. 2 H > j. L > j. M [2hit] > j. 2 H > j. L L [2hit] > 214 M ', 'bardock rejump in spark for big damage. Note: can\'t do 5LL in the combo, has to be 2L>2M or 5L>2M in confirms.', 'https://streamable.com/s/gn1lu/hzvhuk', NULL, 26, '2019-03-21 06:18:33', 5853, 0, NULL, NULL, NULL, NULL),
(61, '2 LK > 2 MK > HP > MP HK > HP ~ 236 MK -> HK ~ j. LK > j. MK > j. HK > 2 LK > 2 MK > HK ~ j. LP > j. MK > j. HK > LP > LP > MP > 2 HP ~ 236 HP ', 'Works on all characters and probably works with a lot of other assists too. You can spend 1 bar after 236MK for more damage by using daisy pusher, and you can add battle opera at the end and do a spaced 2HP for a burst bait.', 'https://youtu.be/zMijEjxyca8', NULL, 149, '2019-03-21 14:11:43', 7403, 0, NULL, NULL, NULL, NULL),
(62, 'j. MK > d MP > MP > qcf K > P > qcf K > d P', 'Standard combo from cross-up j.mk.', '', NULL, 46, '2019-03-21 14:32:20', 0, 0, NULL, '', '', NULL),
(63, 'B > C > 3 C > 623 A > 623 B > 2 B > 236 [ B ] > B > 6 C > 236 A > 6 A > 6 A ', 'Corner combo. Works off 5C > 5C > 3C as well.', '', NULL, 202, '2019-03-21 16:56:35', 3405, 0, NULL, '', '', NULL),
(64, '2 A > B > C > 3 C > 623 B > 2 B > 236 [ B ] > B > 6 C > 236 A > 6 A > 6 A ', 'Corner combo of a bad starter (2A, 5A, 2AA etc).', '', NULL, 202, '2019-03-21 17:01:35', 2985, 0, NULL, '', '', NULL),
(65, '2 M > 5 M > 2 9 > j. M H > 236 M > j. 2 H > 9 > j. L L L S > [ H S ] > j. L L L S > 236 M > [ M H ] > 214 M > A1 > [ L M ] > 236 [ L M ] ', 'Works from round start to corner', '', NULL, 28, '2019-03-21 18:37:46', 6916, 0, NULL, NULL, NULL, NULL),
(66, '2 M > 5 M > 9 > j. M > j. H > j. 2 H > S H > j. M > j. H > j. 2 H > 9 > j. L > j. L > j. L > j. S > j. 214 S > dl. M H > [ L M ] ', 'Corner', '', NULL, 20, '2019-03-21 21:04:21', 5111, 0, NULL, '1.15', NULL, NULL),
(67, '2 M > 5 M > 9 > j. M > j. H > j. 2 H > S H > j. M > j. H > j. 2 H > 9 > j. L > j. L > j. L > j. S > j. 214 M > 236 L M ', 'Corner', '', NULL, 20, '2019-03-21 22:05:59', 5419, 0, NULL, '1.15', NULL, NULL),
(68, '2 M > dl. 5 M > 5 H > S H > j. M > j. 2 H > 9 > j. L > j. L > j. S > j. 214 M ', '', '', NULL, 20, '2019-03-21 22:10:20', 3870, 0, NULL, '1.15', NULL, NULL),
(69, '2 M > 5 H > 5 S > 236 S > [ L M H S ] > dl. 6 6 > j. [ H A2 ] > Land > 5 H > 5 S > 2 S > 2 9 > j. L L L S > [ H S ] > j. L L L > j. 2 H > 9 > j. L L L S > 236 L > 236 [ L M ] > dl. A2 > A1 > [ H S ] (Hold)', 'Mid is Tohan for this combo, but honestly anyone will work, some members of the cast can kill without the last 2 bars. Needs corner.\r\nGoku assist is optional but makes timing the j.H into 5H much easier. Basically, this is a universal corner ToD route for Vegito, any assist will work here.', '', NULL, 28, '2019-03-22 06:15:23', 11082, 0, NULL, NULL, NULL, NULL),
(70, '2 M > 5 S > 2 S > 7 (Hold) > j. L L L > j. 2 H > j. L L L S > [ H S ] > j. L L L S > 236 M > [ M H ] > 214 M > 236 [ L M ] ', 'Solo, works only when you are the one in the corner', '', NULL, 28, '2019-03-22 06:20:10', 6425, 0, NULL, NULL, NULL, NULL),
(71, '2 M > 5 S > 2 S > 2 7 (Link) > j. L L L > j. 2 H > j. L L L S > [ H S ] > j. L L L S > 236 M > [ M H ] > 214 M > A2 > [ L M ] > 236 [ L M ] ', 'Recorner combo, only works when you are the one in the corner', '', NULL, 28, '2019-03-22 06:23:17', 6794, 0, NULL, NULL, NULL, NULL),
(72, '2 M > 2 L > 5 L L > 9 > j. M L L S > [ H S ] > j. L L > j. 2 H > 9 > j. L M L S > 236 M > 236 [ L M ] ', 'Universal BnB, works anywhere on the screen', '', NULL, 28, '2019-03-22 06:26:45', 5335, 0, NULL, NULL, NULL, NULL),
(73, '2 M > 2 L > 5 L L > 9 > j. M L L S > [ H S ] > j. L L > j. 2 H > 9 > j. L M L S > 236 M > [ M H ] > 214 M ', 'Corner to corner', '', NULL, 28, '2019-03-22 06:30:32', 4887, 0, NULL, NULL, NULL, NULL),
(74, '2 M > 5 S > 214 S > L M H S > (Land) > 5 S > 6 H > 236 M L L > A1 > 6 H > 236 M L L > A2 > 236 L M > 2 S > [ L M ] > 236 L M > A1 > 4 A2', 'Corner only ToD. Dhc\'s can be in any order', '', NULL, 33, '2019-03-22 13:09:06', 10000, 0, NULL, NULL, NULL, NULL),
(75, '2 M > 5 S > 214 S > L M H S > (Land) > 5 S > 6 H > 236 M L L > A1 > 6 H > 236 M L L > A2 > 236 L M > 2 S > L M > 236 L M > A1 > 4 A2 ', 'Corner only ToD. Dhc\'s can be in any order', '', NULL, 33, '2019-03-22 13:10:04', 10000, 0, NULL, NULL, NULL, NULL),
(76, 'B > C > 2 D > [ A B C D ] > C > 623 D > 236 C > 214 D > j. D > 214 B > 214 D > 8 D > 214 D > 6 41236 D', '50% health. Depending on the timing of and jump direction into 214D at the end your opponent may fly behind you.', '', NULL, 274, '2019-03-22 14:17:42', 0, 0, NULL, '', '', NULL),
(77, '2 A A > 5 B > 2 B > 5 C > 2 C > 3 C > j. B C C > 2 3 6 B > 6 A > 6 A ', 'Midscreen/anywhere, good bnb from 2AA. Might not be consistent on small characters like Linne.', '', NULL, 202, '2019-03-22 14:31:39', 2600, 0, NULL, '', '', NULL),
(79, 'd LP > dp LP ', '', '', NULL, 164, '2019-03-22 22:24:24', 25, 0, NULL, '', '', NULL),
(80, 'j. HK > cr HK ', '', '', NULL, 177, '2019-03-22 22:26:20', 33, 0, NULL, '', '', NULL),
(81, 'L M ~ A1 > 2 8 > j. M > j. L > j. H ', 'Air fuzzy setup\r\nCorner', '', NULL, 20, '2019-03-23 01:33:34', 0, 2, NULL, '1.14', '', NULL),
(82, '2 LK > 2 MP > 2 HP > j. MK > j. HK > 2 LK > 2 MK > j. MP > j. HK > 5 HP > Pummel Horse > 2 MP > 5 HP > Run Stop > 5 LP x2 > 5 MP > 5 HP > \r\n Cerecopter Diamond Dynamo', 'cMK may whiff against Big Band with some timings.', 'https://www.youtube.com/watch?v=mpT7uQdy7R0', NULL, 156, '2019-03-23 02:59:21', 7694, 0, NULL, '', '', NULL),
(83, '2 LK > 2 MK > 5 HP > j. MP > j. HP > j. HK > tech forward > 2 MP x2 > H Beat Extend (shake) > j. LK > j. MK > 5 MK (1) > j. LP > j. LK > j. MK > 2 LP x2 > 2 MK > 5 HK > H A-Train SSJ', 'cLK instead of cLPx2 in the last string is more consistent, but lower damage. ', 'https://www.youtube.com/watch?v=A3tQnQUZRKw', NULL, 150, '2019-03-23 03:33:59', 8389, 0, NULL, '', '', NULL),
(84, '2 LK > 2 MK > 2 HP > Cilia Slide > dash > 5 LK > 5 HK > H Luger > dash > 5 MP > 5 HK > \r\nj. MP > j. HK > superjump > j. MK > j. HK > Barrel > 5 LP x2 > 5 MK x2 > 5 HP > H Bomber Car', '', 'https://www.youtube.com/watch?v=dlWHyzXlUWI', NULL, 159, '2019-03-23 03:37:19', 7805, 0, NULL, '', '', NULL),
(85, '5 B > 5 B B > 2 C > 236 C > 5 A > 5 A A > 5 A A A > 5 B > 5 B B > 9 > j. B > j. B B > 9 > j. B > j. B B > j. 236 C > 214 B + C', 'Corner-only.', '', NULL, 109, '2019-03-23 08:19:32', 10446, 0, NULL, NULL, NULL, NULL),
(86, '623 B 236 B > 8 > j. [ C ] > 8 > j. 214 C > (land)  > dl. [ C ] > dl. 4 C > 623 B 236 B > [ 9 ] > j. [ C ] > j. A > j. B > 9 > j. A > j. B > j. C > 6 ( A + D )', 'Easier on corner. Starting Overhead.\r\n\r\nThe [ 9 ] is to avoid super double jump.', '', NULL, 124, '2019-03-23 10:06:16', 0, 0, NULL, '', '', NULL),
(87, '5 P > 2 C > j. C > D + P > C > j. C > 7 j. C > 7 j. C  > 7 j. C > 2 B A + D > D > 214 B + C > P', '#semblance #dpPunish #16k #14k \r\nnon-semblance dmg: 14\'761\r\n\r\nexecution tip: mash j.C so 5P comes out easily\r\n\r\nmeterless note: you should have meter unless you pushblocked and still can\'t build enough meter or you can\'t kill but that\'s an edge case\r\nmeterless j.C ender no-semblance: 11\'064 dmg\r\n    note: combo techs out immediately, can\'t link into 2C because the frame advantage of j.C non-semblance is not enough, linking to dp is scary because he could tech out at the second hit and punish you for it (don\'t attempt it)\r\nmeterless j.C > D > 2C ender semblance only: 12\'264 dmg, leads to 2C knockdown (=> 2C mix)\r\n\r\nsemblance note: \r\nBecause of j.C hitstun, you can j.C > D > 236C > 214B+C > P for style points if you have 5 meters or even if you are stupid enough to attempt 2BA+D > 5BB236C > 214[B+C] > P ender (pls don\'t extend with 5BB[B], the dmg is not worth the risk of him teching out)\r\n', 'https://youtu.be/jWLuQVXKYAM', NULL, 112, '2019-03-23 12:39:24', 16056, 0, NULL, NULL, NULL, NULL),
(88, '...  > 5 B B > P > ~ 236 [A] lvl1 > D > 2 B > ...', 'other chars assist may be able to pickup: Yang 5P works', 'https://twitter.com/stoneeee3/status/1076790933205577728', NULL, 78, '2019-03-23 13:19:51', 0, 2, NULL, NULL, NULL, NULL),
(89, '5 A A A 5 B B 214 A A B > 5 A A A 214 A A B > 5 A A A 5 B B [ B ] > 9 jc. B > 9 jc. B [ A + D ] ', '#universal #bnb\r\nCombo tips: don\'t charge 214AAB, it\'s not 214AA[B], just tap B and don\'t hold\r\ndon\'t do a super jump cancel, do a normal one\r\n5BB214AAB > 5AAA is not the easiest part but it\'s really core to her combos structure and it waste a lot of time for you to regenerate your partner, your assist gauge (and the enemy\'s) or waste resonance time if the enemy popped it, so learn it\r\n\r\nDoing more dmg:\r\n5BB[B]214[B+C] ender does 8\'381 dmg and it does above half the health of 80% of the cast\r\nSome meterless combos can do higher dmg than this one but it requires hard links that you ain\'t gonna do online\r\n1 meter: sirius jolt is really poor, 214AAC is also poor dmg wise (links to 5A or 5BB[B] if too much hitstun decay), 214AC links from 5AAA5B in the corner only\r\nCorner: 5BB214AAA > 4A5A link is hard online and gives you 5AAA5BB214AAA > 4A5AAA5BB[B] > 9jc.B > 9jc.B[A+D] combo for 7\'272 dmg (400 dmg upgrade). Don\'t do it though (I never use it but it\'s there if you want to get style points at your local).\r\n\r\nHitstun decay notes:\r\nsqueezing 214AAB > 5AAA214AAB is only possible from 5A starter, otherwise the enemy techs out immediately at the end\r\nfrom any starter (j.CAA, j.AA, 2C214AAB > 5A...) you can loop once: 5AAA5BB214AAB > 5AAA5BB[B]\r\n\r\n5BB[B] > j.B > j.B[A+D] is the most safe ender since j.A has poor hitstun unlike j.B and 5BB[B] almost never techs out unlike 5AAA\r\nyou will see people doing j.A(A)B > j.A(A)BC as ender (or some other shit) but it\'s not nearly as universal and safe as 5BB[B] > j.B > j.B\r\n\r\nIn-game tips:\r\nThe combo itself is really tilting when you get hit by it because it takes so much fucking time for it to end. On a serious note, on it\'s own, it stalls half a resonance timer (8+ second).\r\nYou can waste all of the resonance timer with 4 bars: you end with 5BB[B]214[B+C] > 214[B+C] where you don\'t do 214[B+C] 3rd hit and instead loop it back into another 214[B+C].\r\nFor style points, you can loop 214[B+C] up to 4 times.\r\nFor even MORE style points, you can do 214[B+C] > 9j.C if you know j.C can kill: 214[B+C] is only lethal with the 3rd hit (dramatic effect and shit). You can literally tell your opponent to go get a PHD because the resonance bnb version leads to 214[B+C] 4x ORA ORA ORA loop into cute j.C ender for a 147 hits combo that takes 30s+ to end (note, you can resonance cancel 5BB214AAA xx 214[B+C] instead of 5BB[B]214[B+C] for more dmg) \r\nj.C is unescapable, you can\'t burst 214[B+C] > j.C\r\nNote: it\'s only fun the first 2-3 times if you want friends but outside of that, who knows if you can break an opponent mental state with a j.C ender in a tournament settings (accept to eat shit if you fail the j.C link)\r\n\r\nYou can remove one j.B and delay [A+D] second hit so you can chase their tech better and start pressuring them again with 2A/5A (it\'s not real but it looks real: you may lose against some buttons if you try to chase but the point is to catch people being late to react to you running at them and you can still block their wakeup super anyway)\r\n\r\nif you can make them block 2A/5A, you can throw cancel from it or stagger 5AAA5BB (which is noted 5A~A~A), surprise cancel into 5C (unsafe on block, careful) which is a frametrap even when late cancelled after some buttons (5AA or 5BB for instance), 5A > nothing to bait a pushblock for a free dp punish, cheeky 5A jump cancel j.C to catch some throw masher if you have the read (counterhit j.C is glorious)\r\n\r\nYou can use [A+D] knockdown to hard swap your partner so Makoto can regen', 'https://youtu.be/Ojile0RJCLM', NULL, 78, '2019-03-23 14:10:31', 6844, 0, NULL, NULL, NULL, NULL),
(90, ' D ~ D > j. 2 C > 66 5 C > 214 B ~ 66 B > 66 B > C > 2 C > 4 D ~ A > j. 4 D ~ A > 623 C > 63214 6 C ', '', '', NULL, 287, '2019-03-23 14:29:54', 0, 0, NULL, '', '', NULL),
(91, '5 A A A 214 A A A xx 236 B + C > 4 A A 5 B 236 B +C  > 4 A 5 B B 2 C 214 A A A  xx 236 B + C > 214 B + C ', 'The combo itself is very situationnal but what\'s important is to learn in what ways can Makoto exploit the corner on her own to do more dmg\r\n\r\nThe most important take-away is that you can link 236B+C > 214B+C with some specific juggles:\r\n5BB[B]236[B+C] > 214[B+C]\r\n214AAA xx 236B+C > 214B+C only in resonance\r\n\r\nThe other take-aways are...\r\nIf you are in resonance, you want to link as much BBS (big bang smash aka 236B+C) as possible:\r\nyou can always hit 4A after a BBS in the corner, which given sufficient hitstun, can link into:\r\n4A5AAA5BB214AAA xx 236B+C (or 5BB[B]), 4AA5B236B+C or 4A5BB2C214AAA xx 236B+C (or 5BB[B])\r\n\r\nStarter notes:\r\n5A214AAA doesn\'t lead into more dmg\r\nDepending on how close you are to the corner, you may want to do a full bnb so even if you start from around midscreen, you can still end with 5BB214AAA (more corner carry then 5BB[B]) xx 236B+C > 214B+C and optionnal 214B+C loop\r\n\r\nMeter notes:\r\nYou want to watch your ressources. You can stall time so your resonance regens (enhanced by resonance level) more meters for you to loop supers. You can also go straight into 5AAA214AAA xx 236B+C if you resonance timer is low (so you don\'t get bursted) and you get more dmg than doing from a complete bnb (bnb kills the scalling of the supers, 214B+C loop is also not great) if you can complete the combo in time.\r\nbnb starter (5AAA5BB214AAB > 5AAAA5BB[B]) allows for regen but you won\'t be able to cancel into super nor access 8 meters if reso timer runs out\r\n\r\nReminder:\r\nastral is optimal, don\'t meme and lose because you wanted to loop supers', 'https://youtu.be/FD_NW8Vo_t0', NULL, 78, '2019-03-23 15:27:03', 14727, 0, NULL, NULL, NULL, NULL),
(92, '5 A 214 A A A 6 P > 214 A [ B ] > D + P > 6 B > 214 A [ B ] > 6 A A A 214 A A A > D > 214 A C > 2 C 214 B + C > P 	', '#semblance #ToD #16k #14k #corner\r\nnon-semblance dmg: 14\'779 dmg\r\n214A[B] has great scaling (90 P2) so being able to loop Yang busted 6P with it is great\r\nYang 214C is a great extender that leads into a guaranted 2C > super or burst of ember even when stun decay should end the combo\r\n\r\nYou can remove part of the combo and you would still do great dmg\r\n\r\n214A[B] is hard to link and has some great benefits to it but the drawback is execution (the juggles are hard).\r\n\r\nNotes:\r\n214AAA active switch is possible midscreen but mad unreliable\r\n5A214AAA is one of makoto best starter (214AAA has some rule about scaling that makes it a great combo filler)\r\n \r\ncredit to baco for 214A[B] idea', 'https://youtu.be/juxTV1Lhsgc', NULL, 78, '2019-03-23 15:51:10', 16821, 0, NULL, NULL, NULL, NULL),
(93, '5 A 214 A A A 6 P > 214 A A A > D + P > 6 A > 6 A A 236 B > 5 B B [ B ] 214 [ B + C ] > P', '#semblance #ToD #14k #16k #dpPunish #midscreen\r\non counterhit, will deal 16k, Vatista being the only char that can\'t get counterhit (and consequently escape this combo)\r\nnon-semblance: 14\'350 dmg\r\n\r\n236B is a combo filler and happened to not launch because of Yang 6P\r\nThe reason that I don\'t go for resonance version of the combo is that a 3rd Yang 6P outdamages semblance dmg bonus and you can extend the combo with 5BB[B] (5AAA would tech immediately)', 'https://youtu.be/63f6TcTjiUA', NULL, 78, '2019-03-23 16:23:43', 15948, 0, NULL, '1.30', NULL, NULL),
(94, '5 B B > 5 P > ~ 236 A > D > 5 A A A 5 B B > 9 jc. B B 236 C > 5 B B > 9 hjc. B B C + 5 P > 2 B A + D > D > 214 [ B + C ] > P ', 'credit to stoneee3', 'https://youtu.be/NZWh1L1IAek', NULL, 78, '2019-03-23 16:36:40', 9011, 2, NULL, '1.30', NULL, NULL),
(95, '5 A A A 5 B B > 9 jc. B B C + 5 P > 2 B > j. C > D + P > 2 B A + D > D > 214 [ B + C ] > P 	', '#semblance\r\nnon-semblance dmg: 11\'075\r\n\r\nMakoto charge mechanic is useful in this combo because you can delay a lot before she punches while still beginning the super right before the CC gauge runs out: hold B+C and release to punch (\"[B+C]\")\r\nThe charge UI element doesn\'t show up, probably because the game developper thought \"no dmg buff due to mechanic so no need to show it\" but it\'s still there even though the damage is the same charged or uncharged while in resonance/cross combo.\r\n\r\nYou get more dmg if you don\'t do 5AAA or j.BB part. Cutting out j.BB makes the combo harder for no reason and you may need as a player just a bit of time to realise that you want to do a CC combo (1 extra second of thinking while performing the combo).\r\n\r\nTake into account the 2BA+D juggle to appropriately time when you release 214B+C\r\n\r\nSemblance note:\r\nsemblance makes every move have more hitstop so the muscle memory between the semblance and non-semblance combo is different. Here, j.C and 2BA+D part of the combo take a lot more time in semblance so you need to take that into account.\r\nIt may happen that you run out of CC time and get the non-buffed version of the super but it still connects. At worse, you rush to cancel Makoto super, miss the link and get punished for whiffing 214B+C', 'https://youtu.be/y4-mb1mkkV0', NULL, 112, '2019-03-23 19:27:29', 12881, 0, NULL, '1.30', NULL, NULL),
(97, '5 B B B > 214 B B B > 5 P > 214 B B B > [ P + D ] > 5 P > 214 [ B + C ] > P', 'Stuff after CC activation only works in corner, or 5P whiffs it\'s 2nd hit.', '', NULL, 95, '2019-03-23 20:32:47', 11046, 0, NULL, '1.31', NULL, NULL),
(98, 'j. M > j. L > 2 M > 5 M > 1 S > S H > j. M > j. L > 9 > j. L > j. L > j. 2 H > A1 > 2 H > S H > j. M > j. L > 9 > j. L L > L ', 'Does 3682 if you don\'t use both M hits on the last auto combo.', '', NULL, 16, '2019-03-23 21:04:18', 3742, 0, NULL, '', NULL, NULL),
(99, 'j. M > j. L > 2 M > 5 M > 1 S > S H > j. M > j. L > 9 > j. L > j. L > j. 2 H > A1 > 2 H > S H > j. M > j. L > 9 > j. L L > 236 S ', '', '', NULL, 16, '2019-03-23 21:10:29', 3767, 0, NULL, '', NULL, NULL),
(100, 'j. M > j. L > 2 M > 5 M > 1 S > S H > j. M > j. L > 9 > j. L > j. L > j. 2 H > A1 > 2 H > S H > j. M > j. L > 9 > j. L L > L', '', '', NULL, 16, '2019-03-23 21:11:42', 3682, 0, NULL, '', NULL, NULL),
(101, 'j. M > j. L > 2 M > 5 M > j. M > j. H A1 > 2 H > S H > j. M > j. L > 9 > j. L > j. L > j. [ S ] > j. 2 H ', 'Midscreen to corner, jS has to be on the corner.', 'https://youtu.be/PtwREwUWDdc?t=43', NULL, 16, '2019-03-23 21:14:25', 3645, 0, NULL, '', NULL, NULL),
(102, '2 M > 5 M > 7 > j. M > 7 > j. M > j. S > j. L > j. S > 5 M > 7 > j. M > 7 > j. M > j. S > j. S > 5 M > j. L > j. M > j. 2 H > S H > j. L > M > j. L > 9 > j. L L L ', '-Big body\r\n-Corner', 'https://twitter.com/Tweakk_FGC/status/1107779697130168320', NULL, 21, '2019-03-23 21:36:51', 4832, 0, NULL, '1.14', 'Tweakk', NULL),
(103, '2 M > 5 M > 9 > j. M > j. L > j. 2 H > S H > j. M > j. L > 9 > j. L > j. L > j. S > j. 214 M M ', 'bnb', '', NULL, 31, '2019-03-23 23:03:41', 4072, 0, NULL, '', NULL, NULL),
(104, '2 M > 5 M > 9 > j. M > j. L > j. 2 H > S H > j. M > j. L > 9 > j. L > j. L > j. S > j. 236 L ', 'bnb', '', NULL, 31, '2019-03-23 23:05:08', 4060, 0, NULL, '', NULL, NULL),
(105, '5 A > 2 B B > 5 B B > 5 A > 2 B B > 5 B B > 214 B + C', 'A simple bread and butter super combo, good for punishing whiffed DPs. Can be extended with [2C + 5BB] after the second loop, but requires strict timing. Not worth it most of the time especially in online play.', '', NULL, 100, '2019-03-24 00:56:06', 0, 0, NULL, 'All', NULL, NULL),
(113, ' 214 D ~ A > 66 C > 6 C > D ~ D > [ j. 2 C wiff ] > 66 C > 2 D > 214 D ~ 66 B > 4 D ~ D > j. C C > j. C C C C C > 214 B ', '', '', NULL, 287, '2019-03-24 10:00:04', 0, 0, NULL, '', '', NULL),
(115, '6 B > j. 6 D > iad > j. B > j. 4 C > j. D > 6 D > j. D > j. 6 B > j. 236 [ C D ] > 6 ] C [ ~ ] D [ > 236 D > d bug(2) > 6 [ A ] > 236 [ B ]', '0 curse start', '', NULL, 281, '2019-03-24 10:16:01', 0, 0, NULL, '', '', NULL),
(116, '(fatal counter)  5 C > A + B > Rapid cancel > 6 D > j. 623 C (follow up) j. 421 D > [ 236 A ] > 41236 C (follow up) 236 D > 6 D > 623 B (follow up) 2 2 D > 236 63214 C', 'in the first third of the screen against the wall with active flow it passes 10k\r\n6D > j623C whiffes on small chars like kokonoe, carl, noel', '', NULL, 295, '2019-03-24 15:37:00', 10008, 0, NULL, '', '', NULL),
(118, 'd MK > qcb HK ', '', '', NULL, 177, '2019-03-24 17:06:04', 0, 3, NULL, '', '', NULL),
(119, '5 A > 2 B > 2 B B > 2 C > dl. 5 B > jc > j. B > dl. j. A > j. 236 B [ B ] > land > 2 B > 5 B > 5 B B > jc > j. B > dl. j. B B > j. 236 A [ A ] > land > 236 B B B', 'Universal mid-screen combo - requires point blank 5A starter\r\nDrop the second 236B slash during first aerial portion for significantly easier combo or if not point blank 5A starter (6892 damage)', 'https://streamable.com/s/17luy/fkpemt', NULL, 107, '2019-03-24 17:54:14', 7000, 0, NULL, '', NULL, NULL),
(120, '2 A > 5 A > B > 2 B > C > 6 C > j.cancel > j. C > 2 A', 'this can loop multiple times, the point where they have to press a button is after 6C, but you can j.D to bait them into pressing a button', '', NULL, 295, '2019-03-24 21:11:54', 0, 1, NULL, '', NULL, NULL),
(121, '2 M > 5 M > 9 > j. M > j. L L > j. 2 H > S H > j. M > j. L L > j. 2 H > 9 > j. L L > j. S > j. 236 L ', '', '', NULL, 1, '2019-03-25 02:05:02', 4265, 0, NULL, '', NULL, NULL),
(122, '2 M > 5 M > 9 > j. M > j. L L > j. 2 H > H S > j. M L L > 9 > j. L L L ', '', '', NULL, 19, '2019-03-25 16:30:41', 3950, 0, NULL, '', NULL, NULL),
(123, '2 M > 5 M > 9 > j. M L L > j. 2 H > j. 214 M > H S > j. M L L > 9 > j. L L L ', '', '', NULL, 19, '2019-03-25 16:35:42', 4145, 0, NULL, '', NULL, NULL),
(124, '2 M > 5 M > 9 > j. M L > j. 2 H > H S > j. M L > j. 2 H > 9 > j. L L L ', '', '', NULL, 12, '2019-03-25 16:37:20', 4022, 0, NULL, '', NULL, NULL),
(125, '2 M > 5 M > 9 > j. M > j. L > j. 214 M > 2 M > 5 M > 2 8 > j. M L > j. 2 H > 9 > j. L L L ', '', '', NULL, 12, '2019-03-25 16:39:46', 4183, 0, NULL, '', NULL, NULL),
(126, '2 M > 5 M > 9 > j. M > j. L > j. 214 M > 2 M > 5 M > 2 8 > j. M L > j. 2 H > 9 > j. L L > j. 236 [ M ] > j. 214 [ M ] ', '', '', NULL, 12, '2019-03-25 16:42:24', 4292, 0, NULL, '1.14', NULL, NULL),
(127, '2 M > 5 M > 9 > j. M > j. 214 M > 2 M > 5 M > 2 8 > j. M L > j. 2 H > 9 > j. L L > j. 236 [ M ] > j. 214 [ M ]', '', '', NULL, 12, '2019-03-25 16:44:14', 4643, 0, NULL, '1.14', NULL, NULL),
(128, '5 A > 2 C > 236 C ~ C ~ C > dl. 236 B + C > 5 A > 5 B > 214 B ~ B > 9 > j. C > 214 C > 2 B > 2 C > 236 C ~ C ~ C > 236 B + C ', 'Corner-only.', 'https://youtu.be/j4ROMaQjn90?t=293', NULL, 70, '2019-03-26 01:45:34', 11176, 0, NULL, '', NULL, NULL),
(129, '5 A > 5 B > 5 B B > 2 C > dl. 2 B > 9 > j. A > j. A A > j. B > j. 236 A ~ 5 [ B ] > 5 A > 9 > j. A > j. A A > j. B > j. 236 A ~ 5 [ B ] > 236 A ~ 5 [ A ] ~ 5 [ A ]', '', 'https://youtu.be/TFDC2yRnomc?t=30', NULL, 107, '2019-03-26 01:58:57', 6940, 0, NULL, '', NULL, NULL),
(130, '5 A > 5 A A > 2 C > 236 A ~ 5 B ~ 4 [ B ] > dl. 5 P > 236 A ~ 5 [ A ] ~ 5 [ A ] > 5 P + D > 5 D > 5 A > 5 A A > 5 A A A > 5 B + [ P ] > 2 C > 2 1 4 B + C > 5 P', '', 'https://twitter.com/KaliburAlmighty/status/1026577990572888064', NULL, 107, '2019-03-26 18:14:42', 12144, 0, NULL, '', NULL, NULL),
(131, '2 P > 2 P > 2 P > RRC > 66 > 2 P > 2 P > 2 P > RRC > 66 > 2 P > 2 P > 2 D', '', '', NULL, 206, '2019-03-26 19:07:38', 0, 0, NULL, '', '', NULL),
(132, 'B > c.C > HCF+D~A > RDP+D > QCF+A > QCF+B > HCB+A , A , B, c.D', '', '', NULL, 280, '2019-03-26 19:12:34', 0, 0, NULL, '', '', NULL),
(133, '5 A > 5 B > 2 C > 5 C > 214 B > D > 2 C > 236 A > 236 B', '', '', NULL, 195, '2019-03-26 19:15:30', 2163, 0, NULL, '', '', NULL),
(134, '5 A > 5 B > 2 C > 5 C > 214 B > D > 2 C > 236 A > 236 B > 236 C', '', '', NULL, 195, '2019-03-26 19:16:27', 2645, 0, NULL, '', '', NULL),
(135, '5 A > 5 B > 2 C > 5 C > 214 B > D > 236 B > 236 A > 236 B', '', '', NULL, 195, '2019-03-26 19:17:43', 2215, 0, NULL, '', '', NULL),
(136, '5 A > 5 B > 5 C > 4 C > 2 C > 236 A > 412 B > j. 214 B > D > 66 C > j. 236 A > j. 236 B', '', '', NULL, 195, '2019-03-26 19:18:55', 2615, 0, NULL, '', '', NULL),
(137, '5 A > 5 C > 236 A > 9 > j. 2 [ C ] > 4 C > 2 C > 236 A > 412 B > j. 214 B > D > 66 C > j. 236 A > j. 236 B > j. 236 A', '', '', NULL, 195, '2019-03-26 19:20:43', 2975, 0, NULL, '', '', NULL),
(138, '4 C > 236 A > 9 > D > j. 5 C > j. B + C > 5 C > 2 C > 4 B > 236 B > 412 A > D > 66 C > j. 236 A > j. 236 B > j. 214 A > D > 66 B > 236 A > 412 A > A + B + C > j. 236 C > 236 C > A + B + C', '', '', NULL, 195, '2019-03-26 19:25:14', 5611, 0, NULL, '', '', NULL),
(139, 'j. 236 A > j. 412 C > 22 > A + B + C > j. B + C > j. 412 C > 236 A > 236 B > D > 236 C > 412 B > 412 A > 236 C > A + B + C', '', '', NULL, 195, '2019-03-26 19:29:01', 3699, 0, NULL, '', '', NULL),
(140, '2 M > 5 M > 9 > j. M > j. 2 H > H S > j. M > j. 2 H > 9 > j. L L > j. S > j. 236 S ~ M > A1 > 9 > L L > j. 2 H > 9 > j. L L > j. 214 S ~ M > 236 L M ', '', '', NULL, 20, '2019-03-27 03:58:20', 5854, 0, NULL, '1.15', NULL, NULL),
(141, '2 M > 5 M > 9 > j. M > j. H > j. L L > 5 H > H S > j. M > j. H > j. L > land > j. L L > j. H > j. L > j. [ S ] > 9 > j. L L L > M H > 66 > 236 S > [ M H ] > [ L M ] > 214 L M ', '', 'https://twitter.com/Ikkisoad/status/1110803396934676482', NULL, 16, '2019-03-27 14:58:42', 9263, 0, NULL, '1.15', NULL, NULL),
(142, '2 M > 5 M > 9 > j. M > j. H > j. L L > 5 H > H S > j. M > j. H > j. L > 5 L > 9 > j. L L > j. H > j. L > 9 > j. L L L > M H > 66 > 236 S > 214 L M ', '', '', NULL, 16, '2019-03-27 15:10:44', 8228, 0, NULL, '1.15', NULL, NULL),
(143, '1 M > 5 M > 9 > j. M L L > 9 > j. L L > A1 > j. L > 9 > j. L M L > j. 2 H > H S > j. L M L > j. 2 H > j. L L L > j. 236 L M ', '', '', NULL, 21, '2019-03-27 15:25:03', 5367, 0, NULL, '1.15', NULL, NULL),
(144, '1 M > 5 M > 9 > j. M L L > 9 > j. L L > A1 > j. L > 9 > j. L M L > j. 2 H > H S > j. L M L > j. 2 H > j. L L L ', '', '', NULL, 21, '2019-03-27 15:25:52', 4562, 0, NULL, '1.15', NULL, NULL),
(145, 'j. D > 623 C >md > 6 C > jc > j. D > 41236 C > 236 D > 236 63214 C', 'From Corner Only, Side Swap', '', NULL, 295, '2019-03-28 22:48:41', 3729, 0, NULL, '', '', NULL),
(146, '1 M > 5 M > 9 > j. M L L > 9 > j. L L > j. S j. 236 L > A1 > j. L L > j. 2 H > H S > j. L M L > 9 > j. L L L ', '', 'https://twitter.com/Ikkisoad/status/1111494069400883201', NULL, 21, '2019-03-30 14:42:53', 4642, 0, NULL, '1.15', NULL, NULL),
(147, '1 M > 5 M > 9 > j. M L L > 9 > j. L L > j. S > j. 236 L > A1 > 214 M > 2 M > 5 M > 9 > j. L M L > 9 > j. L L L ', '', 'https://twitter.com/Ikkisoad/status/1111494838778843136', NULL, 21, '2019-03-30 14:44:44', 4949, 0, NULL, '1.15', NULL, NULL),
(148, '1 M > 5 M > 9 > j. M L L > 9 > j. L L > j. S > 236 A1 L > 5 M > 9 > j. L M L > j. 2 H > H S > j. L M L > 9 > j. L L L ', '', 'https://twitter.com/Ikkisoad/status/1112000161029517312', NULL, 21, '2019-03-30 14:46:37', 4889, 0, NULL, '1.15', 'Ikkisoad', NULL),
(149, '1 M > 5 M > 9 > j. M > j. L > j. L > 9 > j. L > j. L > j. S > j. 236 L > A1 > 2 8 > j. L > j. M > j. L > j. 2 H > H S > j. L > j. M > j. L > 9 > j. L > j. L > j. L', '', '', NULL, 21, '2019-03-30 14:52:20', 4707, 0, NULL, '1.15', 'Ikki', NULL),
(150, '2 M > 5 M > 9 > j. M > j. 2 H > H S > j. M > j. 2 H > 9 > j. L L > j. S > j. 236 S ~ L > A1 > 2 8 > j. M > j. H > j. 2 H > j. L L > j. 214 S > M H > [ L M ] ', 'SKD', '', NULL, 20, '2019-03-30 14:58:27', 5428, 0, NULL, '1.15', NULL, NULL),
(151, '2 M ~ 236 L > 214 H S > 2 M ~ 5 M > j. M > j. H > j. L L > j. M > j. H > j. L L > j. M > j. H > j. L L > 5 H > 214 S > 236 L > 236 L M > H S ', '', 'https://twitter.com/ayatsujisama/status/1110870529907388416', NULL, 16, '2019-03-30 15:37:57', 10103, 0, NULL, '1.15', NULL, NULL),
(152, 'st. LK > hcb P ', '', '', NULL, 53, '2019-03-30 21:14:28', 138, 0, NULL, '', '', NULL),
(153, 'd MP > f HK', '', '', NULL, 53, '2019-03-30 21:15:17', 123, 0, NULL, '', '', NULL),
(154, 'd LK > st. LK > hcb P ', '', '', NULL, 53, '2019-03-30 21:15:59', 143, 0, NULL, '', '', NULL),
(155, 'd LK > st. LP > hcb P ', '', '', NULL, 53, '2019-03-30 21:16:39', 143, 0, NULL, '', '', NULL),
(156, 'd LK > d LP > hcb P ', '', '', NULL, 53, '2019-03-30 21:17:11', 143, 0, NULL, '', '', NULL),
(157, 'd LK > dp K ', '', '', NULL, 53, '2019-03-30 21:17:41', 128, 0, NULL, '', '', NULL),
(158, 'b MP > qcf LK > hcb P ', '', '', NULL, 53, '2019-03-30 21:18:21', 148, 0, NULL, '', '', NULL),
(159, 'st. LK > dp K ', '', '', NULL, 53, '2019-03-30 21:18:49', 138, 0, NULL, '', '', NULL),
(160, 'd LK > st. LK > dp K ', '', '', NULL, 53, '2019-03-30 21:19:35', 143, 0, NULL, '', '', NULL),
(161, 'st. MK > d HK ~ HK ', '', '', NULL, 53, '2019-03-30 21:20:12', 146, 0, NULL, '', '', NULL),
(162, 'd MP > hcb P ', '', '', NULL, 53, '2019-03-30 21:20:38', 168, 0, NULL, '', '', NULL),
(163, 'st. MP > st. LK > hcb P ', '', '', NULL, 53, '2019-03-30 21:21:11', 183, 0, NULL, '', '', NULL),
(164, 'd MP > dp K ', '', '', NULL, 53, '2019-03-30 21:21:39', 168, 0, NULL, '', '', NULL),
(165, 'LP > MP > HP > hcb P ', '', '', NULL, 53, '2019-03-30 21:22:18', 190, 0, NULL, '', '', NULL),
(166, 'f MK > st. LP > hcb P ', '', '', NULL, 53, '2019-03-30 21:22:56', 193, 0, NULL, '', '', NULL),
(167, 'st. MP > st. LK > dp K ', '', '', NULL, 53, '2019-03-30 21:23:45', 183, 0, NULL, '', '', NULL),
(168, 'f MK > st. LP > dp K ', '', '', NULL, 53, '2019-03-30 21:24:17', 193, 0, NULL, '', '', NULL),
(169, 'j. HK > LP ~ MP ~ HP > hcb LP ', '', '', NULL, 53, '2019-03-30 21:25:06', 244, 0, NULL, '', '', NULL),
(170, 'j. HK > LP MP HP > hcb HP', '', '', NULL, 53, '2019-03-30 21:25:30', 256, 0, NULL, '', '', NULL),
(171, 'j. MK > st. MK > st. MP > dp K ', '', '', NULL, 53, '2019-03-30 21:26:08', 246, 0, NULL, '', '', NULL),
(172, 'j. HK > st. MP > st. LK > dp HK ', '', '', NULL, 53, '2019-03-30 21:26:46', 252, 0, NULL, '', '', NULL),
(173, 'j. HK > st. HK > st. LP > qcb HP ', '', '', NULL, 53, '2019-03-30 21:27:28', 279, 0, NULL, '', '', NULL),
(174, 'j. HK > st. HK > st. LP > hcb LP', '', '', NULL, 53, '2019-03-30 21:27:48', 265, 0, NULL, '', '', NULL),
(175, 'j. HK > st. MK > st. MP > dp HK ', '', '', NULL, 53, '2019-03-30 21:28:20', 276, 0, NULL, '', '', NULL),
(176, 'j. HK > st. HK > st. LP > dp HK ', '', '', NULL, 53, '2019-03-30 21:28:49', 279, 0, NULL, '', '', NULL),
(177, 'j. HP ~ HK > st. HK > st. LK > qcb HP ', '', '', NULL, 53, '2019-03-30 21:29:31', 300, 0, NULL, '', '', NULL),
(178, 'j. HP ~ HK > st. HK > st. LK > qcb LP ', '', '', NULL, 53, '2019-03-30 21:29:47', 288, 0, NULL, '', '', NULL),
(179, 'j. HP ~ HK > st. HK > st. LP > dp K ', '', '', NULL, 53, '2019-03-30 21:30:24', 300, 0, NULL, '', '', NULL),
(180, 'j. HK > st. HK > LP ~ MP ~ HP > dp K ', '', '', NULL, 53, '2019-03-30 21:30:54', 313, 0, NULL, '', '', NULL),
(181, 'j. HK > st. HK > LP ~ MP ~ HP > hcb HP ', '', '', NULL, 53, '2019-03-30 21:31:29', 313, 0, NULL, '', '', NULL),
(182, 'd LK > st. MP > st. LK > dp HK ', '', '', NULL, 53, '2019-03-30 21:32:04', 186, 0, NULL, '', '', NULL),
(183, 'f HK > d MP ', '', '', NULL, 53, '2019-03-30 21:32:40', 156, 0, NULL, '', '', NULL),
(184, 'f HK > d HK ', '', '', NULL, 53, '2019-03-30 21:33:07', 188, 0, NULL, '', '', NULL),
(185, 'f HK > dp HK ', '', '', NULL, 53, '2019-03-30 21:33:55', 204, 0, NULL, '', '', NULL),
(186, 'f HK > b MP > qcf LK > hcb HP ', '', '', NULL, 53, '2019-03-30 21:35:19', 224, 0, NULL, '', '', NULL),
(187, 'f HK > b MP > qcf LK > hcb LP ', '', '', NULL, 53, '2019-03-30 21:35:36', 210, 0, NULL, '', '', NULL),
(188, 'f HK > b MP > qcf HK > qcf P > dp K ', '', '', NULL, 53, '2019-03-30 21:36:32', 210, 0, NULL, '', '', NULL),
(189, 'st. HK > fd > st. MK > st. MP > dp HK ', '', '', NULL, 53, '2019-03-30 21:37:20', 270, 0, NULL, '', '', NULL),
(190, 'st. HK > st. HK > st. LP > dp HK ', '', '', NULL, 53, '2019-03-30 21:38:40', 273, 0, NULL, '', '', NULL),
(191, 'd LK > st. LK > dp K K ', '', '', NULL, 53, '2019-03-30 21:39:23', 159, 0, NULL, '', '', NULL),
(192, 'd LK > st. LK > dp K K ', '', '', NULL, 53, '2019-03-30 21:39:50', 159, 0, NULL, '', '', NULL),
(193, 'd LK > st. LK > hcb P P ', '', '', NULL, 53, '2019-03-30 21:40:25', 167, 0, NULL, '', '', NULL),
(194, 'st. HK > hcb P P ', '', '', NULL, 53, '2019-03-30 21:41:30', 228, 0, NULL, '', '', NULL),
(195, '] HK [ > hcb P ', '', '', NULL, 53, '2019-03-30 21:43:44', 148, 0, NULL, '', '', NULL),
(196, 'M > 2 M > 3 H > H > 214 L > L > L > 236 L > L > L > L > 2 S > [ L M H S ] > 2 M > H > 236 L > L > L > L > 2 S > 214 [ L M ] ', '', '', NULL, 32, '2019-03-31 08:45:08', 7248, 0, NULL, '', '', NULL),
(197, 'M > 2 M > 3 H > H > 236 L > L > L > L > 2 S > A2 > 9 L > M > L > 9 L > L > [ A1 H ] > [ L M ] > 236 L > 2 S > 214 [ L M ] ', '', '', NULL, 32, '2019-04-01 07:27:55', 7490, 0, NULL, '', '', ''),
(198, '2 M > 5 M > 5 H > H S > j. M > j. L > 9 > j. L > j. L > j. 2 S > j. 2 H ', '', '', NULL, 16, '2019-04-01 20:59:10', 4005, 0, NULL, '1.15', '', 'pass'),
(199, '2 M > 5 M > 2 H > H S > j. M > j. L > j. L > 9 > j. L > j. L > j. 2 S > j. 2 H', '', '', NULL, 16, '2019-04-01 21:02:20', 4105, 0, NULL, '1.15', '', 'pass'),
(200, '2 M > 5 M > 2 H > H S > j. M > j. L > j. L > 9 > j. L > j. M > j. [ S ] > j. 236 S > 236 L M', 'Corner', '', NULL, 16, '2019-04-01 21:03:49', 5115, 0, NULL, '1.15', '', 'pass'),
(201, '2 M > 5 M > 5 H > 214 S > 2 M > dl. > 5 M > 9 > j. M > j. L > 9 > j. L > j. L > j. [ S ] > j. 236 S > j. 236 L M ', 'Corner', '', NULL, 16, '2019-04-01 21:07:24', 5492, 0, NULL, '1.15', '', 'pass'),
(202, 'j. L M ~ H > 5 L L > 5 M > 2 S > j. M ~ L L > j. S > 5 L > 8 > j. L > j. M > j. L > j. 2 H > H S > j. L M L > j. 2 H > 9 > j. L L L ', 'Corner, big only?', 'https://twitter.com/Tweakk_FGC/status/1112948885859659781', NULL, 21, '2019-04-02 05:43:20', 3685, 0, NULL, '1.15', 'Tweakk', 'pass_Tweakk'),
(203, '2 M > 5 M > 3 S > 236 L > L M H S > 2 M > 9 6 > j. M > 9 > j. M ~ 2 S > 66 -> j. M > 5 L > 5 H > 214 S > 2 M > 5 H > A1 > 214 S > 5 H > 5 S > 2 2 S > M H > [ L M ] > 236 L M > A2 > 4 A1 ', 'Corner', 'https://clips.twitch.tv/FaintLuckyCrabTwitchRaid', NULL, 16, '2019-04-02 16:30:34', 10341, 0, NULL, '1.15', 'TakedaZX', 'pass_TakedaZX'),
(204, 'j. M > 66 > 5 L > 5 M > 2 M > 5 H > dl. H S > 66 > j. M > 5 L > 3 S > H S > j. M > 7 > j. M > j. [ S ] > j. 2 H ', '', 'https://twitter.com/oPrieZT/status/1112864311632973825', NULL, 16, '2019-04-02 16:35:20', 3440, 0, NULL, '1.15', 'oPrieZT', 'pass_oPrieZT'),
(205, '5 M > 2 M > 236 L > L M H S > 2 M > 9 6 > j. M > 9 > j. M ~ 2 S > 66 -> j. M > 5 L > 5 H > 214 S > 5 L > 9 > j. M ~ H > H S > j. M > j. H > A2 > [ L M ] > 236 S > 236 L M > A2 > 4 A1 ', 'Corner', 'https://twitter.com/HarollSuarez/status/1112854576472965121', NULL, 16, '2019-04-02 21:22:00', 10193, 0, NULL, '1.15', 'Haroll', 'pass_Haroll'),
(206, '5 M > 9 > j. M > H > 2 L > L > L > 5 M > 2 M > 5 H > S ~ S > j. 236 M > j. L L > j. 2 H > 9 > j. L L > j. S > j. 236 L M ', 'Corner\r\nBig bodies', 'https://twitter.com/Ikkisoad/status/1113241968321224704', NULL, 21, '2019-04-03 00:46:39', 5809, 0, NULL, '1.15', 'Ikkisoad', 'pass_ikki48'),
(207, '2 M > 3 S > 5 H > 236 S > [ 66 ] > 5 M > 9 > j. M > j. H > j. L > 9 > j. L L > j. H > j. L > 5 S > 2 M > 5 H > 214 S > 236 L > dl. M H > 236 H > M H > 66 > j. 236 S > j. 214 L M ', '', 'https://youtu.be/g5BwE0QtB04', NULL, 16, '2019-04-03 11:47:42', 8767, 0, NULL, '1.15', 'Clayton chapman', 'pass_Clayton'),
(208, '1 M > 5 M > 9 > j. M > j. L > j. L > 9 > j. L > j. L > j. S > j. 236 ~ A1 ~ L > 2 8 > j. L > j. M > j. L > j. 2 H > H S > j. L > j. M > j. L > 9 > j. L > j. L > j. L', '', '', NULL, 21, '2019-04-03 18:12:57', 4707, 0, NULL, '1.15', 'Ikkisoad', 'pass_Ikki48'),
(209, '236 L > M H > 9 6 > j. M > j. L > 66 > 9 > j. L > j. L > j. L > j. 2 H > 9 > j. L > j. L > j. S > j. 214 S ~ M ', '', 'https://twitter.com/SSJLuffy/status/1113539782687195137', NULL, 20, '2019-04-04 04:48:03', 2737, 0, NULL, '1.15', 'SSJLuffy', 'pass_SSJLuffy'),
(210, '5 C > 2 C > 3 C > 9 > j. A > j. B >  j. C > 2 C > 9 > j. B > 66 > j. B > 2 C > 9 > j. B > 66 > j. B > 5 B > 2 B > 6 A > [ 4 ]  5 B > 2 B > 5 C > 6 C > 236 B + C >  5 B > 2 B > 6 A > 5 B > 2 B > 5 C', 'You have to be quite close to your opponent in order to pull this off. There are probably better combos out there. Mostly posting this here so the TFH section isn\'t so lonely. If this is inaccurate feel free to remove I guess.', '', NULL, 331, '2019-04-05 01:29:53', 1946, 0, NULL, 'EA #12', 'zeldstarro', ''),
(213, '2 M > 5 M > 5 H > A1 > 214 S > [ L S ] ', '2.5 ki charge', 'https://twitter.com/Ikkisoad/status/1112012374289059840', NULL, 16, '2019-04-05 12:14:36', 3465, 0, NULL, '1.15', 'Ikkisoad', 'pass_ikki48'),
(215, '5 L > 5 L > 5 L > 2 8 > j. L > j. L ~ 2 H > 9 > j. L > j. L > j. L ', 'Corner', '', NULL, 21, '2019-04-05 21:32:31', 3020, 0, NULL, '1.15', '', 'pass'),
(216, '5 L > 5 L > 5 L > H S > j. L > j. M ~ j. L > j. 2 H > 9 > j. L > j. L > j. L ', '', '', NULL, 21, '2019-04-05 21:35:25', 3000, 0, NULL, '1.15', '', 'pass'),
(217, '5 L > 5 L > 5 L > 2 8 > j. L > j. M > j. L > 2 H > 9 > j. L > j. L > j. L', 'Corner', '', NULL, 21, '2019-04-05 21:36:44', 3055, 0, NULL, '1.15', '', 'pass'),
(218, 'j. 236 S > M H > 66 > 5 L > 5 L > 5 L > H S > j. L > j. M ~ j. L > j. 2 H > j. L > j. L > j. L ', '', '', NULL, 21, '2019-04-05 21:39:05', 2880, 0, NULL, '1.15', '', 'pass'),
(219, 'j. 236 S > M H > 66 > 2 M > 5 M > 9 > j. L > j. M ~ j. L > j. 2 H > j. L > j. L > j. L', '', '', NULL, 21, '2019-04-05 21:40:45', 2800, 0, NULL, '1.15', '', 'pass'),
(220, 'j. 236 S > M H > 9 6 > j. 4 L > dl. > j. 4 L > 9 > j. L > j. L ~ j. 2 H > 9 > j. L > j. L > j. L ', '', '', NULL, 21, '2019-04-05 21:46:22', 2653, 0, NULL, '1.15', '', 'pass'),
(221, '1 M > 5 M > 9 > j. L > j. M ~ j. L > j. 2 H > H S > j. L > j. M ~ j. L > j. 2 H > 9 > j. L > j. L > j. L > j. 236 L M ', 'bnb', '', NULL, 21, '2019-04-05 21:52:27', 4692, 0, NULL, '1.15', '', 'pass'),
(222, '1 M > 5 M > 9 > j. M ~ j. L > j. L > j. 2 H > H S > j. L > j. M ~ j. L > j. 2 H > 9 > j. L > j. L > j. L > j. 236 L M', 'bnb', '', NULL, 21, '2019-04-05 21:54:22', 4702, 0, NULL, '1.15', '', 'pass'),
(223, '1 M > 5 M > 214 H > 2 M > 5 M > 9 > j. L > j. M ~ j. L > j. 2 H > j. L > j. L > j. S > j. 236 M ', '', '', NULL, 21, '2019-04-05 21:59:09', 4775, 0, NULL, '1.15', '', 'pass'),
(224, '1 M > 5 M > 9 > j. M ~ j. L > j. L > j. 2 H > H S > j. L > j. M > j. L > j. 2 H > 9 > j. L > j. L > j. S > j. 236 H > j. 236 L M ', '', '', NULL, 21, '2019-04-05 22:01:54', 4932, 0, NULL, '1.15', '', 'pass'),
(225, '1 M > 5 M > 9 > j. M ~ j. L > j. L > j. 2 H > H S > j. L > j. M > j. L > j. 2 H > 9 > j. L > j. L > j. L > M H > [ L M ] > j. 236 L M ', '', '', NULL, 21, '2019-04-05 22:03:36', 5091, 0, NULL, '1.15', '', 'pass'),
(226, '1 M > 5 M > 9 > j. M ~ j. L > j. L > j. 2 H > H S > j. L > j. M > j. L > j. 2 H > 9 > j. L > j. L > j. S > j. 236 S > j. 236 L M ', 'Corner', '', NULL, 21, '2019-04-05 22:15:45', 4830, 0, NULL, '1.15', '', 'pass'),
(227, '1 M > 5 M > 9 > j. M ~ j. L > j. L > j. 2 H > H S > j. L > j. M > j. L > j. 2 H > 9 > j. L > j. L ~ j. S > j. 236 S > M H > [ L M ] > j. 236 L M', '', '', NULL, 21, '2019-04-05 22:17:50', 5219, 0, NULL, '1.15', '', 'pass'),
(228, '1 M > 5 M > 9 > j. M ~ j. L > j. L > j. 2 H > H S > j. L > j. M ~ j. L > j. 2 H > 9 > j. L > j. L ~ j. 2 H > j. 214 L M ', '', '', NULL, 21, '2019-04-05 22:20:49', 5427, 0, NULL, '1.15', '', 'pass');
INSERT INTO `combo` (`idcombo`, `combo`, `comments`, `video`, `user_iduser`, `character_idcharacter`, `submited`, `damage`, `type`, `verified`, `patch`, `author`, `password`) VALUES
(229, '1 M > 5 M > 9 > j. M ~ j. L > j. L > j. 2 H > H S > j. L > j. M ~ j. L > j. 2 H > 9 > j. L > j. L > j. L > 66 > 214 L M', '', '', NULL, 21, '2019-04-05 22:21:59', 5597, 0, NULL, '1.15', '', 'pass'),
(230, '1 M > 5 M > 9 > j. M ~ j. L > j. L > j. 2 H > H S > j. L > j. M ~ j. L > j. 2 H > 9 > j. L > j. L > j. S > j. 236 H > M H > 66 > 1 M > 236 L M ', '', '', NULL, 21, '2019-04-05 22:26:53', 5157, 0, NULL, '1.15', '', 'pass'),
(231, '1 M > 5 M > 9 > j. M ~ j. L > j. L > j. 2 H > H S > j. L > j. M > j. L > j. 2 H > 9 > j. L > j. L > j. S > j. 236 S > j. 214 L M', 'corner', '', NULL, 21, '2019-04-05 22:28:27', 5725, 0, NULL, '1.15', '', 'pass'),
(232, '2 H > H S > j. M ~ j. L > j. L > dl. > 9 > j. L > j. L > j. L ', 'side switch', '', NULL, 21, '2019-04-05 22:34:50', 2950, 0, NULL, '1.15', '', 'pass'),
(233, '1 M > 5 M > 9 > j. M ~ j. L > j. L > j. 2 H > H S > j. L > j. M ~ j. L > j. 2 H > 9 > j. L > j. L > j. S > j. 236 H > j. 214 L M ', '', '', NULL, 21, '2019-04-05 22:42:34', 5827, 0, NULL, '1.15', '', 'pass'),
(234, '1 M > 5 M > 9 > j. M ~ j. L > j. L > j. 2 H > H S > j. L > j. M ~ j. L > j. 2 H > 9 > j. L > j. L > j. S > j. 236 H > M H > 66 > 1 M > 236 S > 236 L M', '', '', NULL, 21, '2019-04-05 22:50:26', 5352, 0, NULL, '1.15', '', 'pass'),
(235, '1 M > 5 M > 9 > j. M ~ j. L > j. L > j. 2 H > H S > j. L > j. M ~ j. L > j. 2 H > 9 > j. L > j. L > j. S > j. 236 H > M H > 66 > 1 M > 236 S > 214 L M ', '', '', NULL, 21, '2019-04-05 22:56:49', 6267, 0, NULL, '1.15', '', 'pass'),
(236, '1 M > 5 M > 9 > j. M ~ j. L > j. L > j. 2 H > H S > j. L > j. M ~ j. L > j. 2 H > 9 > j. L > j. L > j. S > j. 236 H > M H > 66 > 1 M > 214 H > 214 L M', '', '', NULL, 21, '2019-04-05 22:59:58', 6297, 0, NULL, '1.15', '', 'pass'),
(238, '2 M > 5 M > 9 > j. M > j. H > j. 2 H > H S > j. M > j. H > j. 2 H > 9 > j. L > j. L > j. L > j. S > j. 236 S or j. 214 S ~ L or M > 236 L M ', 'Corner', '', NULL, 20, '2019-04-06 15:26:35', 5599, 0, NULL, '1.15', '', 'pass'),
(239, '2 M > 5 M > 9 > j. M > j. 2 H > H S > j. M > j. 2 H > 9 > j. L > j. L > j. S > j. 214 S or 236 S ~ M or L > M H > 66 > 5 L > 5 L > 5 L > H S > j. M > j. L > j. L > 9 > j. L > j. L > j. 214 L ', '', '', NULL, 20, '2019-04-06 15:32:10', 5185, 0, NULL, '1.15', '', 'pass'),
(240, '2 M > 5 M > 9 > j. M > j. 2 H > H S > j. M > j. 2 H > 9 > j. L > j. L > j. S > j. 214 S or 236 S ~ M or L > M H > 66 > 5 L > 5 L > 5 L > H S > j. M > j. L > j. L > 9 > j. L > j. L > j. 214 S or 236 S ~ M or L', '', '', NULL, 20, '2019-04-06 15:33:34', 5320, 0, NULL, '1.15', '', 'pass'),
(241, '2 M > 5 M > 9 > j. M > j. 2 H > H S > j. M > j. 2 H > 9 > j. L > j. L > j. S > j. 214 S ~ M or L > M H > 66 > 5 L > 5 L > 5 L > H S > j. M > j. L > j. L > 9 > j. L > j. L > j. 214 S ~ M or L', '', '', NULL, 20, '2019-04-06 15:36:16', 5385, 0, NULL, '1.15', '', 'pass'),
(242, '2 M > 5 M > 9 > j. M > j. 2 H > H S > j. M > j. 2 H > 9 > j. L > j. L > j. S > j. 214 S or 236 S ~ M or L > M H > 66 > 5 L > 5 L > 5 L > H S > j. M > j. L > j. L > 9 > j. L > j. L > j. 214 S or 236 S ~ M or L > 236 L M', '', '', NULL, 20, '2019-04-06 15:41:18', 6112, 0, NULL, '1.15', '', 'pass'),
(243, '2 M > 5 M > 9 > j. M > j. 2 H > H S > j. M > j. 2 H > 9 > j. L > j. L > j. S > j. 214 S or 236 S ~ H > M H > 66 > 5 L > 5 L > 5 L > H S > j. M > j. L > j. L > 9 > j. L > j. L > j. 214 S or 236 S ~ M or L > 236 L M', '', '', NULL, 20, '2019-04-06 15:45:52', 6362, 0, NULL, '1.15', '', 'pass'),
(244, '2 M > 5 M > 9 > j. M > j. 2 H > H S > j. M > j. 2 H > 9 > j. L > j. L > j. S > j. 214 S or 236 S ~ M or L > M H > 66 > 5 L > 5 L > 5 L > H S > j. M > j. L > j. L > 9 > j. L > j. L > j. 214 S or 236 S > 214 L M', '', '', NULL, 20, '2019-04-06 16:15:32', 6966, 0, NULL, '1.15', '', 'pass'),
(245, '2 M > 5 M > 9 > j. M > j. 2 H > H S > j. M > j. 2 H > 9 > j. L > j. L > j. S > j. 214 S or 236 S ~ M or L > M H > 66 > 5 L > 5 L > 5 L > H S > j. M > j. L > j. L > 9 > j. L > j. L > j. 214 S or 236 S ~ L or M > 214 L M', '', '', NULL, 20, '2019-04-06 16:16:34', 6841, 0, NULL, '1.15', '', 'pass'),
(246, '2 M > 5 M > 9 > j. M > j. 2 H > H S > j. M > j. 2 H > 9 > j. L > j. L > j. S > j. 214 S or 236 S ~ H > M H > 66 > 5 L > 5 L > 5 L > H S > j. M > j. L > j. L > 9 > j. L > j. L > j. 214 S or 236 S > 214 L M', '', '', NULL, 20, '2019-04-06 16:17:34', 7206, 0, NULL, '1.15', '', 'pass'),
(247, '2 M > 5 M > 9 > j. M > j. 2 H > H S > j. M > j. 2 H > 9 > j. L > j. L > j. S > j. 214 S or 236 S ~ H > M H > 66 > 5 L > 5 L > 5 L > H S > j. M > j. L > j. L > 9 > j. L > j. L > j. 214 S or 236 S ~ H > 214 L M', '', '', NULL, 20, '2019-04-06 16:18:40', 7246, 0, NULL, '1.15', '', 'pass'),
(248, '2 M > 5 M > 2 H > H S > j. M > j. L > 9 > j. L > j. L > j. 236 S > j. 236 L M ', 'bnb', '', NULL, 16, '2019-04-06 16:28:54', 4738, 0, NULL, '1.15', '', 'pass'),
(249, '2 M > 5 M > 2 H > H S > j. M > j. L > 9 > j. L > j. L > j. 236 S > dl. > M H > 66 > 2 M > 5 M > 9 > j. M > j. L > 9 > j. L > j. L > j. L ', '', '', NULL, 16, '2019-04-06 16:31:04', 5031, 0, NULL, '1.15', '', 'pass'),
(250, '2 M > 5 M > 2 H > H S > j. M > j. L > 9 > j. L > j. L > j. 236 S > dl. > M H > 66 > 2 M > 5 M > 9 > j. M > j. L > 9 > j. L > j. L > j. 236 S ~ j. 236 L M ', '', '', NULL, 16, '2019-04-06 16:34:02', 5911, 0, NULL, '1.15', '', 'pass'),
(251, '2 M > 5 M > 2 H > H S > j. M > j. L > 9 > j. L > j. L > j. 236 S > dl. > M H > 66 > 2 M > 5 M > 9 > j. M > j. L > 9 > j. L > j. L > j. 236 S > j. 214 L M ', '', '', NULL, 16, '2019-04-06 16:37:23', 6764, 0, NULL, '1.15', '', 'pass'),
(252, '2 M > 214 H S > 5 M > 9 > j. M > j. H > j. L > j. L > 5 H > H S > j. M > j. H > j. L > 5 L > 9 > j. L > j. L > j. H > j. L > 9 > j. L > j. L > j. 236 S > j. 236 L M ', '', '', NULL, 16, '2019-04-06 16:41:48', 4779, 0, NULL, '1.15', '', 'pass'),
(253, '1 M > 5 M > 9 > j. M ~ j. L > j. L > 9 > j. L > j. L > A1 > j. L > 9 > j. L > j. L > j. 2 H > H S > j. L > j. M > j. L > j. 2 H > 9 > j. L > j. L > j. L ', '', 'https://youtu.be/cv80LWIWZFU', NULL, 21, '2019-04-06 17:33:51', 4522, 0, NULL, '1.15', 'Ikkisoad', 'pass'),
(254, '1 M > 5 M > 9 > j. M ~ j. L > j. L > 9 > j. L > j. L > j. S > A1 > j. 236 L > 66 > 9 > j. L > j. L > j. 2 H > H S > j. L > j. M > j. L > j. 2 H > 9 > j. L > j. L > j. L', '', 'https://youtu.be/rEfueJXHaUc', NULL, 21, '2019-04-06 17:45:42', 4692, 0, NULL, '1.15', 'Ikkisoad', 'pass'),
(255, '1 M > 5 M > 9 > j. M ~ j. L > j. L > 9 > j. L > j. L > j. S > A1 > j. 236 L > 66 > 2 9 > j. L > j. M ~ j. L > j. 2 H > H S > j. L > j. M > j. L > j. 2 H > 9 > j. L > j. L > j. L', '', 'https://youtu.be/6nSObcsB1XY', NULL, 21, '2019-04-06 17:47:06', 4757, 0, NULL, '1.15', 'Ikkisoad', 'pass'),
(260, '1 M > 5 M > 9 > j. M ~ j. L > j. H > [ M H ] > j. S > 66 > j. L > j. S > 5 M > 9 > j. L > j. M ~ j. L > j. 2 H > H S > j. L > j. M ~ j. L > j. 2 H > 9 > j. L > j. L > j. L ', '', 'https://twitter.com/Tweakk_FGC/status/1114647788531277824', NULL, 21, '2019-04-08 01:09:01', 5655, 0, NULL, '1.15', 'Tweakk', 'pass_Tweakk'),
(261, '1 M > 5 M > 9 > j. M ~ j. H > L M H S > 214 M > dl. > 5 L > 5 L > 5 L > H S > j. L > j. M ~ j. L > j. 2 H > 9 > j. L > j. L > j. S > j. 236 H > j. L M ', 'Can be done with lvl 1 spark too', 'https://youtu.be/HrpMzSpxYAo', NULL, 21, '2019-04-08 14:12:33', 6109, 0, NULL, '1.15', 'Ikkisoad', 'pass'),
(262, '2 M > 5 M > 9 > j. M > 9 > j. M > j. 214 M > L M H S > 5 L > 5 L > 5 L > H S > j. M > j. 2 H > 9 > j. L > j. L > j. S > j. 236 S ~ M > [ M H ] > j. M > j. 214 S ~ M > 236 L M ', '', '', NULL, 20, '2019-04-09 04:12:13', 6313, 0, NULL, '1.16', '', 'pass'),
(263, '5 H > H S > j. M > j. 2 H > 9 > j. L > j. L > j. S > j. 214 S or 236 S ~ L or M ', '', '', NULL, 20, '2019-04-09 04:20:25', 3600, 0, NULL, '1.16', '', 'pass'),
(264, '5 H > dl. > H S > j. 66 > j. M > 66 9 > j. L > j. L > j. L > j. 2 H > 9 > j. L > j. L > j. S > j. 214 S or j. 236 S ~ L or M ', '', '', NULL, 20, '2019-04-09 04:25:47', 4060, 0, NULL, '1.16', '', 'pass'),
(265, '5 H > dl. > H S > j. 66 > j. M > 66 9 > j. L > j. L > j. L > j. 2 H > 9 > j. L > j. L > j. S > j. 214 S or j. 236 S ~ L or M > 236 L M ', '', '', NULL, 20, '2019-04-09 04:28:20', 4852, 0, NULL, '1.16', '', 'pass'),
(266, '5 H > H S > j. M > j. L > 9 > j. L > j. L > j. 2 S > j. 2 H ', '', '', NULL, 16, '2019-04-09 04:37:22', 3380, 0, NULL, '1.16', '', 'pass'),
(267, '5 H > dl. > H S > j. 66 > j. M > 5 L > 3 S > H S > j. M > j. L > 9 > j. L > j. L > j. 2 S > j. 2 H ', '', '', NULL, 16, '2019-04-09 04:44:04', 3860, 0, NULL, '1.16', '', 'pass'),
(268, '5 H > dl. > H S > j. 66 > j. M > 5 L > 3 S > H S > j. M > j. L > 9 > j. L > j. L > j. 236 S > dl. > M H > 66 > 2 M > 5 M > 9 > j. M > j. L > 9 > j. L ', '', '', NULL, 16, '2019-04-09 04:49:17', 4596, 0, NULL, '1.16', '', 'pass'),
(269, '2 M > 5 H > dl. > H S > j. 66 > j. M > 66 9 > j. L > j. L > j. L > j. 2 H > 9 > j. L > j. L > j. S > j. 236 S or 214 S ~ L or M > 236 L M ', '', '', NULL, 20, '2019-04-09 04:55:57', 5077, 0, NULL, '1.16', '', 'pass'),
(270, '2 M > dl. > 5 M > 5 H > dl. > H S > j. 66 > j. M > 66 9 > j. L > j. L > j. L > j. 2 H > 9 > j. L > j. L > j. S > j. 236 S or 214 S ~ L or M > 236 L M', '', '', NULL, 20, '2019-04-09 04:57:40', 5257, 0, NULL, '1.16', '', 'pass'),
(271, '2 M > 5 M > 9 > j. M > j. H > j. L > j. L > 5 H > H S > j. M > j. H > j. L > 5 L > j. L > j. L > j. H > j. L > 9 > j. L > j. L > j. H > M H > 66 > 236 S > 236 L M > A1 > 4 A2 ', '', 'https://twitter.com/Ikkisoad/status/1115483352381952000', NULL, 16, '2019-04-09 05:21:50', 9908, 0, NULL, '1.16', 'Ikkisoad', 'pass'),
(272, '1 M > dl. > 5 M > dl. > 5 S > 5 H > 5 L > 5 H > 5 S > 5 S > j. 236 M > j. L > j. L ~ j. 2 H > 9 > j. L > j. L > j. S > 236 M ', '', 'https://twitter.com/Tweakk_FGC/status/1115483133212672000', NULL, 21, '2019-04-09 05:35:28', 4657, 0, NULL, '1.16', 'Tweakk', 'pass_Tweakk'),
(273, '1 M > dl. > 5 M > dl. > 5 S > 5 H > 5 L > 5 H > 5 S > 5 S > j. 236 M > j. L > j. L ~ j. 2 H > 9 > j. L > j. L > j. S > 236 L M ', 'Corner', 'https://twitter.com/Tweakk_FGC/status/1115483133212672000', NULL, 21, '2019-04-09 05:37:26', 5242, 0, NULL, '1.16', 'Tweakk', 'pass_Tweakk'),
(274, 'L M ~ A1 > 44 > 7 > j. 66 > j. L > j. L > j. M > 9 > j. M > j. H > 5 L > 2 M > 5 M > 9 > j. M > 9 > j. M > j. H > j. S > j. 214 H > 2 9 > j. L > j. L > j. 2 H > 9 > j. L > j. L > 214 M ', 'Fuzzy setup', 'https://twitter.com/yabu1/status/1115626450143535104', NULL, 20, '2019-04-09 16:49:14', 3775, 2, NULL, '1.16', 'yabu1', 'pass'),
(275, '2 H > L M H S > 5 L > 5 L > 5 L > 9 > j. M > j. S > 66 > j. L > j. L > j. H > A1 > 5 M ~ 5 H > 5 S > 9 > j. L > j. L ~ j. S > 66 > j. L > j. L > j. L > A2 > H S > j. L > j. L ~ j. L > M H > 5 H > A1 > 214 L > 236 L M > A1 > 4 A2 ', '', 'https://twitter.com/colzerbern/status/1115611456228085761', NULL, 21, '2019-04-09 16:54:11', 10182, 0, NULL, '1.16', '', 'pass'),
(276, '5 L > 5 L > A1 > 5 M > 5 M > 214 S -> j. M -> 2 L -> dl. > j. 44 > j. L -> L M -> j. 44 > j. M -> j. 44 > 2 L -> j. 44 > L M ', '', '', NULL, 20, '2019-04-10 01:43:44', 0, 1, NULL, '1.16', 'Silvius', 'pass'),
(277, '5 L > 5 L > 1 M > 5 M > 5 H > A1 > 214 S -> 9 6 > j. L > j. M > j. H ... -> 9 > j. H ...', '', '', NULL, 21, '2019-04-10 01:51:51', 0, 1, NULL, '1.16', '', 'pass'),
(278, '1 M > 5 M > 9 > j. M ~ j. L > j. L > 9 > j. L > j. L > dl. > j. S > A1 > 2 9 > j. L > j. L ~ j. 2 H > H S > j. L > j. M ~ j. L > j. 2 H > 9 > j. L > j. L > j. L ', '', '', NULL, 21, '2019-04-10 02:00:00', 4427, 0, NULL, '1.16', '', 'pass'),
(279, '1 M > 5 M > 9 > j. M ~ j. L > j. L > 9 > j. L > j. L > dl. > j. S > A1 > 2 9 > j. L > j. M ~ j. L > j. 2 H > H S > j. L > j. M ~ j. L > j. 2 H > 9 > j. L > j. L > j. L > j. 236 L M', '', '', NULL, 21, '2019-04-10 02:02:40', 5292, 0, NULL, '1.16', '', 'pass'),
(280, '1 M > 5 M > 9 > j. M ~ j. L > j. L >  j. 2 H > H S > j. L > j. M ~ j. L > j. 2 H > 9 > j. L > j. L > j. L > A1 > j. L > j. L ~ j. S > j. 236 L M ', '', '', NULL, 21, '2019-04-10 02:04:49', 5192, 0, NULL, '1.16', '', 'pass'),
(281, '1 M > 5 M > 9 > j. M ~ j. L > j. L > j. 2 H > H S > j. L > j. M ~ j. L > j. 2 H > 9 > j. L > j. L > j. L > A1 > [ L M ] > j. 236 L M', '', '', NULL, 21, '2019-04-10 02:08:59', 5081, 0, NULL, '1.16', '', 'pass'),
(282, '1 M > 5 M > 9 > j. M > j. L > j. L > 9 > j. L > j. L > j. S > j. 236 L > A1 > 2 8 > j. L > j. M > j. L > j. 2 H > H S > j. L > j. M > j. L > 9 > j. L > j. L > j. L > j. 236 L M ', '', '', NULL, 21, '2019-04-10 02:16:41', 5512, 0, NULL, '1.16', '', 'pass'),
(283, '1 M > 5 M > 9 > j. M ~ j. L > j. L > 9 > j. L > j. L > j. S > 236 A1 ~ L > 5 M > 9 > j. M ~ j. L > j. L > j. 2 H > H S > j. M ~ j. L > j. L > 9 > j. L > j. L > j. L > j. 236 L M', '', '', NULL, 21, '2019-04-10 02:42:55', 5567, 0, NULL, '1.16', '', 'pass'),
(284, '2 M > 5 M > 1 S > H S > j. M > j. L > 9 > j. L > j. L > j. L > A1 > 2 H > S H > j. M > j. L > 9 > j. L > j. L > j. L', '', '', NULL, 16, '2019-04-10 23:19:46', 4812, 0, NULL, '1.16', '', 'pass'),
(285, '5 A A A 5 B B [ B ] > 9 hjc. A A B > 9 j. A A B A + D ~ [ A ] ', '#universal\r\n\r\nleads to 5f meaty 5A with backdash, hold forward and 5A for neutral and back tech\r\nto perform the dp correctly, don\'t hold A+D and release, instead tap A+D, then press, hold and release A', 'https://youtu.be/VCLNVD-FgZI', NULL, 78, '2019-04-15 22:11:04', 6807, 0, NULL, '1.30', 'Brassens', 'combosuki55'),
(286, 'L M ~ A1 > 2 L > 8 > j. L > j. L -> j. M -> dl. > j. M ', '', 'https://youtu.be/Q2egn1gLqEY', NULL, 16, '2019-04-17 09:15:57', 0, 2, NULL, '1.16', 'Ikkisoad', 'pass'),
(287, 'L M ~ A1 > 2 L > 8 > j. L > j. M -> dl. > j. L -> 2 L ', 'You can get the last j. L to be a universal fuzzy, should practice it a bit to get used to the timing', 'https://youtu.be/Q2egn1gLqEY?t=4', NULL, 16, '2019-04-17 09:17:57', 0, 2, NULL, '1.16', 'Ikkisoad', 'pass'),
(288, '5 M > 5 M > 5 M > [ 4 ] > 5 L > 5 L > 5 L > H S > j. H > j. 2 H > 9 > j. L > j. L > j. L > j. S > j. 236 S or j. 214 S ~ L or M > 236 L M ', '#Corner', 'https://youtu.be/7P7gLOvNS2Y', NULL, 20, '2019-04-17 09:32:24', 5459, 0, NULL, '1.16', 'Ikkisoad', 'pass'),
(289, '5 M > 5 M > 5 M > [ 4 ] > 5 L > 5 L > 9 > j. M > j. H > j. 2 H > 9 > j. L > j. L > j. L > j. S > j. 236 S or j. 214 S ~ L or M > 236 L M ', '#Corner', 'https://youtu.be/xHiIWflTxA8', NULL, 20, '2019-04-17 09:36:47', 5304, 0, NULL, '1.16', 'Ikkisoad', 'pass'),
(290, '5 M > 5 M > 5 M > [ 6 ] > 2 M > 5 M > 9 > j. M > j. 2 H > 9 > j. L > j. L > j. S > j. 236 S or j. 214 S ~ L or M > 236 L M', '#Corner', 'https://youtu.be/XoRzZsGgNzw', NULL, 20, '2019-04-17 09:41:15', 5252, 0, NULL, '1.16', 'Ikkisoad', 'pass'),
(291, '5 M > 5 M > 5 M > [ 4 ] > dl. > 5 L > 5 H > H S > j. H > j. 2 H > 9 > j. L > j. L > j. L > j. S > j. 236 S or j. 214 S ~ L or M > 236 L M', '#Corner', 'https://youtu.be/1RooweEp8l8', NULL, 20, '2019-04-17 09:44:03', 5219, 0, NULL, '1.16', 'Ikkisoad', 'pass'),
(292, '5 M > 5 M > 5 M > [ 4 ] > 5 L > 5 L > 5 L > 2 8 > j. L > j. L > j. 2 H > 9 > j. L > j. L > j. L > j. S > j. 236 S or j. 214 S ~ L or M > 236 L M', '#Corner', 'https://youtu.be/mdhL_P8Om_Y', NULL, 20, '2019-04-17 09:46:33', 5474, 0, NULL, '1.16', 'Ikkisoad', 'pass'),
(293, '5 M > 5 M > 5 M > [ 4 ] > 5 L > 5 L > 5 L > 2 8 > j. L > j. L > j. L > j. 2 H > 9 > j. L > j. L > j. L > j. S > j. 236 S or j. 214 S ~ L or M > 236 L M', '#Corner', 'https://youtu.be/Dtu3agTlvkA', NULL, 20, '2019-04-17 09:48:23', 5649, 0, NULL, '1.16', 'Ikkisoad', 'pass'),
(294, '2 H > L M H S > 66 > 5 L > 5 L > 5 L > 9 > dl. > j. M > j. S > 66 > j. L > j. L > A1 > j. H > 5 M ~ 5 H > 5 S > 9 > j. L > j. L ~ j. S > 66 > j. L > j. L > j. L > A2 > H S > j. L > j. L ~ j. L > M H > 66 > A1 > 5 H > 214 L > 236 L M > A1 > 4 A2', 'Inspired by Colzerbern`s http://combosuki.com/combo.php?idcombo=275 combo', 'https://twitter.com/Ikkisoad/status/1118463664812646400', NULL, 21, '2019-04-17 10:37:06', 10073, 0, NULL, '1.16', 'Ikkisoad', 'pass'),
(295, '5 H > H S > j. M > j. 2 H > 9 > j. L > j. L > j. S > A1 > j. 214 M > 9 > j. M > j. 2 H > 9 > j. L > j. L > j. S > j. 214 M > A2 > 9 > j. L > j. L > j. 2 H > 9 > j. L > j. L > j. 236 S or 214 S ~ L or M > 236 L M', '', 'https://youtu.be/a3puzxOUYm0', NULL, 20, '2019-04-17 14:35:52', 5734, 0, NULL, '1.16', 'Ikkisoad', 'pass'),
(296, '5 H > H S > j. M > j. 2 H > 9 > j. L > j. L > A1 ~ j. S  > j. 214 M > 66 > 2 9 > j. M > j. H > j. 2 H > 9 > j. L > j. L > j. S > j. 214 M > A2 > 9 > j. L > j. L > j. 2 H > 9 > j. L > j. L > j. 236 S or 214 S ~ L or M > 236 L M', '', 'https://youtu.be/bSI6Ax4dHWI', NULL, 20, '2019-04-17 14:54:07', 5846, 0, NULL, '1.16', 'Ikkisoad', 'pass'),
(297, '5 H > H S > j. M > j. 2 H > 9 > j. L > j. L > A1 ~ j. S > j. 214 M > 2 9 > j. M > j. H > A2 > H S > j. L > j. L > j. 2 H > 9 > j. L > j. L > j. S > j. 214 M > 236 L M ', '', 'https://youtu.be/2LndTwcSuIY', NULL, 20, '2019-04-17 15:07:58', 5404, 0, NULL, '1.16', 'Ikkisoad', 'pass'),
(298, '5 H > H S > j. M > j. 2 H > 9 > j. L > j. L > A1 ~ j. S > j. 214 M > 9 > j. M > j. H > A2 > H S > j. L > j. L > j. 2 H > 9 > j. L > j. L > j. S > j. 214 S or j. 236 S ~ L or M > 236 L M', '', 'https://youtu.be/CgmkJgeHDMs', NULL, 20, '2019-04-17 15:13:46', 5579, 0, NULL, '1.16', 'Ikkisoad', 'pass'),
(299, '2 M > dl. > 5 M > 5 H > dl. > H S > j. 66 > j. M > 66 > 9 > j. L > j. L > j. L > j. 2 H > 9 > j. L > j. L > j. S > j. 236 S or j. 214 S ~ L or M > A1 > 9 > j. L > j. L > j. 2 H > 9 > j. L > j. L > j. 236 S or j. 214 S ~ L or M> 236 L M ', 'Midscreen', 'https://youtu.be/DMa1ddtvsK8', NULL, 20, '2019-04-17 21:08:04', 6029, 0, NULL, '1.16', 'Ikkisoad', 'pass'),
(301, '2 B -> 2 C -> 2 3 6 B ~ 6 B ~ 4 A -> 5 B -> 3 C -> j. B -> j. 2 C -> dl. j. C -> 2 C -> 2 3 6 A ~ 6 A ~ 4 A ~ A ~ A -> 6 6 B -> 2 3 6 A ~ 6 A ~ 6 A -> 6 2 3 C', 'BnB into gaiola do funk', '', NULL, 198, '2019-04-17 23:48:52', 0, 0, NULL, '', '', ''),
(302, 'IAD j. M L > 5 L L > 2 M > 5 M > j. M L L > j. 2 H > j. L L S > 214 L [whiff] > j. L L S > H S > j. M S > 236 M ', 'combo prático dano alto a partir de iad j.ML', 'https://streamable.com/s/e85e4/vzxpin', NULL, 17, '2019-04-18 21:50:49', 3775, 0, NULL, '1.15', 'AAG Lemon', ''),
(306, 'j. 236 S > M H > 66 > 5 L > 5 L > 5 L > H S > j. L > j. M ~ j. L > j. 2 H > j. L > j. L > j. S > j. 236 M ', '', 'https://streamable.com/s/2a4da/vmhtjb', NULL, 21, '2019-04-19 06:34:42', 2965, 0, NULL, '1.16', '', 'pass'),
(307, 'H S > j. M ~ dl. ~ j. L > dl. > j. L > 9 > j. L > j. L ~ j. 2 H > H S > j. L > j. M ~ j. L > j. 2 H > 9 > j. L > j. L > j. L ', '', 'https://streamable.com/s/x8xaw/hijebu', NULL, 21, '2019-04-19 07:07:16', 2627, 0, NULL, '1.16', '', 'pass'),
(308, 'L M ~ A1 > 44 > 7 > j. 66 > j. L > dl. > j. M > ... > H S > j. H > j. 2 H > 9 > j. L > j. L > j. S > j. 236 S ~ M > A1 > j. L > j. L > j. 2 H > 9 > j. L > j. L > j. 236 S ~ L > M H > L M ~ A1 ', '', '', NULL, 20, '2019-04-19 07:37:48', 4000, 2, NULL, '1.16', 'Ikkisoad', 'pass'),
(309, 'L M ~ A1 > 44 > 7 > j. 66 > j. L > j. L > dl. > j. M > ... > H S > j. H > j. 2 H > 9 > j. L > j. L > j. S > j. 236 S ~ M > A1 > j. L > j. L > j. 2 H > 9 > j. L > j. L > j. 236 S ~ L > M H > L M ~ A1', '', 'https://streamable.com/s/me4r0/xbtbdr', NULL, 20, '2019-04-19 07:50:59', 4000, 2, NULL, '1.16', 'Ikkisoad', 'pass'),
(310, '2 A > 2 B > 5 C > 2 C ', '', 'https://streamable.com/s/49wu9/ntzizm', NULL, 192, '2019-04-19 21:34:38', 1160, 0, NULL, '', '', 'pass'),
(311, '2 C > 6 C > 6 C > 6 C ', '', 'https://streamable.com/s/8uajn/adjdpn', NULL, 192, '2019-04-19 21:36:22', 1444, 0, NULL, '', '', 'pass'),
(312, '2 A > 2 B > 2 C > 5 C > 9 > j. B > j. C > j. 2 B ', '', 'https://streamable.com/s/n6s3l/yxxvft', NULL, 192, '2019-04-19 21:38:06', 1694, 0, NULL, '', '', 'pass'),
(313, '2 A > 2 B > 2 C > 6 C > 6 C > 6 C ', '', 'https://streamable.com/s/8lv58/ffuscf', NULL, 192, '2019-04-19 21:39:51', 1507, 0, NULL, '', '', 'pass'),
(314, '2 B > 2 C > 214 B ~ B ', '', 'https://streamable.com/s/g0zj2/qymmfb', NULL, 192, '2019-04-19 21:41:29', 1833, 0, NULL, '', '', 'pass'),
(315, '2 C > 5 C > 6 C > 63214 A ', '', 'https://streamable.com/s/9g51y/fxsbhh', NULL, 192, '2019-04-19 21:44:42', 1867, 0, NULL, '', '', 'pass'),
(316, '66 C > 236 B ', '', 'https://streamable.com/s/r54cu/sodbgx', NULL, 192, '2019-04-19 21:45:56', 1321, 0, NULL, '', '', 'pass'),
(317, '2 A > 2 B > 2 C > 6 C > 6 C > 6 C > 236 C ', '', 'https://streamable.com/s/mzwne/pphxqs', NULL, 192, '2019-04-19 21:49:49', 2198, 0, NULL, '', '', 'pass'),
(318, '2 A > 2 B > 2 C > 6 C > 6 C > 41236 D ', '', 'https://streamable.com/s/o90cv/wmvcsf', NULL, 192, '2019-04-19 21:52:49', 2962, 0, NULL, '', '', 'pass'),
(319, '2 A > 2 B > 2 C > 214 B ~ A > 9 > j. B > j. 6 B > j. C > j. 2 B > 2 C > 6 C > 6 C > 6 C ', '', 'https://streamable.com/s/k5tel/pcjynp', NULL, 192, '2019-04-19 21:56:38', 2539, 0, NULL, '', '', 'pass'),
(320, '2 B > 2 C > 5 C > 63214 A > 5 B > 9 > j. B > j. 6 B > j. C > j. 2 B > 2 C > 6 C > 6 C > 6 C ', '', 'https://streamable.com/s/fhkbc/xuynmj', NULL, 192, '2019-04-19 22:11:51', 2829, 0, NULL, '', '', 'pass'),
(321, 'C ~ [ C ] > 214 B ~ C > 9 > j. B > j. 6 B > j. C > j. 2 B > 2 C > 6 C > 6 C > 6 C ', '', 'https://streamable.com/s/zev07/xmdjkq', NULL, 192, '2019-04-19 22:15:49', 3094, 0, NULL, '', '', 'pass'),
(322, '2 C > 5 C > 63214 A > 5 B > 9 > j. B > j. 6 B > j. C > j. 2 B > 2 C > 6 C > 6 C > 6 C ', '', 'https://streamable.com/s/bgfh3/umakta', NULL, 192, '2019-04-19 22:18:21', 2842, 0, NULL, '', '', 'pass'),
(323, '6 D > j. C > 2 A > 2 B > 2 C > 5 C > 9 > j. B > j. 6 B > j. C > j. 2 B > 2 C > 6 C > 6 C > 6 C ', '', 'https://streamable.com/s/enbbe/yfwtos', NULL, 192, '2019-04-19 22:21:10', 2256, 0, NULL, '', '', 'pass'),
(324, '5 B > 5 C > 2 C > 214 B ~ A > 9 > j. B > j. 6 B > j. C > j. 2 B > 2 C > 6 C > 6 C > 6 C > 236 C ', '', 'https://streamable.com/s/ohh8v/pbobfq', NULL, 192, '2019-04-19 22:25:13', 3472, 0, NULL, '', '', 'pass'),
(325, '5 B > 5 C > 2 C > 214 B ~ A > 9 > j. B > j. 6 B > j. C > j. 2 B > 2 C > 6 C > 6 C > 6 C > A B C > A B C ', '', 'https://streamable.com/s/r5vn2/vqmgfd', NULL, 192, '2019-04-19 22:35:28', 3621, 0, NULL, '', '', 'pass'),
(326, '2 A > 2 A > 2 C dl. 214 B ~ A > 9 > 236 B > 9 > j. B > j. 6 B > j. C > j. 2 B > 2 C > 6 C > 6 C > 6 C ', '', 'https://streamable.com/s/f9vxq/xbsasj', NULL, 192, '2019-04-19 22:41:05', 2572, 0, NULL, '', '', 'pass'),
(327, '2 C > 5 C > 63214 A > 5 B > 214 B ~ A > 9 > j. B > j. 6 B > j. C > j. 2 B > 2 C > 6 C > 6 C > 6 C ', '', 'https://streamable.com/s/y2gzs/bxkggn', NULL, 192, '2019-04-19 22:49:50', 3006, 0, NULL, '', '', 'pass'),
(328, 'j. HP > st. HK > ] LP [ > hcb LP ', '', 'https://streamable.com/s/8yjs8/poxmft', NULL, 53, '2019-04-20 01:29:02', 328, 0, NULL, '', '', 'pass'),
(329, 'j. HP > st. HK > ] LP [ > hcb HP ', '', 'https://streamable.com/s/sqv4m/cqreur', NULL, 53, '2019-04-20 01:30:23', 342, 0, NULL, '', '', 'pass'),
(330, 'CORNER (CH) 5 A > 214 B > 236 B > 5 P > 236 B > C C > 5 P > 5 A > 236 B > Switch > 5 B > 214 B C > DHC', 'it\'s kinda a universal route for every character in the corner with Hakumen and Gordeau,and you can put a 5A before the second 236B but it\'s possible to not get your CC DHC', '', NULL, 76, '2019-04-20 02:37:51', 15824, 0, NULL, '1.30', 'Gokudeira12', ''),
(331, 'j. M > 2 M > 5 M > 9 > j. M > j. H > j. 2 H > H S > j. H > j. 2 H > 9 > j. L > j. L > j. S > j. 236 S or j. 214 S ~ M > A1 > 9 > j. L > j. L > j. 2 H > 9 > j. L > j. L > j. 214 S or j. 236 S ~ L or M > 236 L M ', 'Corner', 'https://streamable.com/s/rnice/fmnxrb', NULL, 20, '2019-04-20 05:48:53', 5038, 0, NULL, '1.16', '', 'pass'),
(332, 'j. M > 5 L > 5 L > 2 M > 5 M > 9 > j. M > j. 2 H > H S > j. H > j. 2 H > 9 > j. L > j. L > j. S > j. 236 S or j. 214 S ~ M > A1 > 9 > j. L > j. L > j. 2 H > 9 > j. L > j. L > j. 214 S or j. 236 S ~ L or M > 236 L M', 'Corner', 'https://streamable.com/s/q8mvo/gsuoyy', NULL, 20, '2019-04-20 05:55:05', 4937, 0, NULL, '1.16', '', 'pass'),
(333, '2 L > 5 L > 5 L > 2 M > 5 M > 5 H > 214 L > A1 > [ 6 ] > 5 L > 5 L > 2 M > 5 M > 5 H > 214 L', '', 'https://streamable.com/s/mph4d/nxxpcd', NULL, 20, '2019-04-20 06:12:37', 0, 1, NULL, '1.16', '', 'pass'),
(334, '5 L > 5 L > 1 M > 5 M > 5 H > 236 L > A1 > 6 > 5 L > 5 L > 1 M > 5 M > 5 H > 236 S ', '', 'https://streamable.com/s/0wxih/anosfe', NULL, 21, '2019-04-20 06:21:41', 0, 1, NULL, '1.16', '', 'pass'),
(335, '6 P > 5 A > 5 [ B ] (full charge) B > 236 B > D + P > 6 P > 214 ~ B > 6 P > 214 ~ B > 6 P > 214 ~ B > D (active switch) > 214 B + C > 5 P', 'Corner only. Best if used as a punish on DP/burst. The beginning 6P > 5A can be piano\'d by just holding forward.', 'https://streamable.com/s/nwefc/nqjngj', NULL, 84, '2019-04-20 15:43:54', 14350, 0, NULL, '1.30', '', ''),
(339, '1 M > 5 M ~ 5 H > 8 > j. S > j. 66 > j. L > j. S > 5 M ~ 5 H > 8 > j. S > j. 66 > j. L > j. S > 5 M ~ 5 H > 5 S ~ S > j. 236 M > j. L > j. L ~ j. 2 H > j. 9 > j. L > j. L ~ j. S > j. 236 L M ', 'Corner', 'https://twitter.com/Tweakk_FGC/status/1119651968694116358', NULL, 21, '2019-04-20 20:38:06', 6661, 0, NULL, '1.16', 'Tweakk', 'pass'),
(340, '5 L > 5 L > 2 M > A1 > 66 > 5 L > 5 L > 2 M > 5 H ', '', 'https://streamable.com/s/uh98j/gqojxx', NULL, 16, '2019-04-21 00:14:31', 0, 1, NULL, '1.16', '', 'pass'),
(341, '5 L > 5 L > A1 > 2 M ~ 5 M > 9 6 > j. M > 66 > 5 L ...', '', 'https://streamable.com/s/c1mlo/kmzgm', NULL, 16, '2019-04-21 00:16:09', 0, 1, NULL, '1.16', '', 'pass'),
(342, '5 L > 5 L > A1 > 2 M ~ 5 M > 9 6 > j. L > 66 > 5 L ...', '', 'https://streamable.com/s/xoaqg/pgzkl', NULL, 16, '2019-04-21 00:17:15', 0, 1, NULL, '1.16', '', 'pass'),
(343, '5 L > 5 L > A1 > 2 M ~ 5 M > 9 6 > 66 > 5 L > 5 L > 2 M > 5 H ', '', 'https://streamable.com/s/6lfv4/yyluhp', NULL, 16, '2019-04-21 00:19:38', 0, 1, NULL, '1.16', '', 'pass'),
(344, 'j. HP > d HP > ] LP [ > hcb LP ', '', 'https://streamable.com/s/vtptb/dsnnfi', NULL, 53, '2019-04-21 02:46:57', 337, 0, NULL, '', '', 'pass'),
(345, 'j. HP > d HP > ] LP [ > hcb HP', '', '', NULL, 53, '2019-04-21 02:48:14', 351, 0, NULL, '', '', 'pass'),
(346, 'j. HP > d HP > ] LP [ > HK HP > dl. > dp HK > [ f ] > qcf qcf K ', '', '', NULL, 53, '2019-04-21 02:50:43', 545, 0, NULL, '', '', 'pass'),
(347, '63214 B > 5 A > 2 C > 214 B ~ C > 9 > j. [ 6 B ] > j. B > j. C > 214 A ~ B > 6 C > 6 C > 6 C ', '', 'https://streamable.com/s/4nrtk/cdkzfx', NULL, 192, '2019-04-21 03:24:26', 3496, 0, NULL, '', '', 'pass'),
(348, 'j. MP > 5 LP > 5 MP > 5 HK > 623 HK > 236 P P', '', 'https://streamable.com/s/hw81p/bfkfqv', NULL, 156, '2019-04-21 03:58:28', 4624, 0, NULL, '', '', 'pass'),
(349, '5 LP > 5 LP > 5 LP > 5 LK > 5 MP > 5 MP > 5 MK > 5 HK > 5 HK > 5 HK > 236 HK > 236 K K ', '', 'https://streamable.com/s/vc7nw/rpche', NULL, 157, '2019-04-21 04:08:13', 5013, 0, NULL, '', '', 'pass'),
(350, '2 LK > 2 MK > 2 HP > 9 > j. MP > j. HK > j. 9 > j. MK > j. HK > 5 LK > 5 MK > 2 HP > 236 K K ', '', 'https://streamable.com/s/y4sw9/sqelxo', NULL, 162, '2019-04-21 06:05:20', 5249, 0, NULL, '', '', 'pass'),
(351, 'st. HK > d HP > ] LP [ > HK HP > dl. > dp HK >  [ f ] > qcf qcf K ', '', '', NULL, 53, '2019-04-21 06:12:22', 518, 0, NULL, '', '', 'pass'),
(352, 'st. HK > st. HP > ] LP [ > HK HP > dl. > dp HK > [ f ] > qcf qcf K ', '', '', NULL, 53, '2019-04-21 06:14:50', 510, 0, NULL, '', '', 'pass'),
(353, 'j. C > 5 A > 5 B > 5 C > 2 A > 2 C > 2 B > 9 > j. A > j. B > j. C > j. 9 > j. A > j. B > j. C > j. A D ', '', 'https://streamable.com/s/azsqo/pkzurf', NULL, 122, '2019-04-21 07:47:52', 4527, 0, NULL, '', '', 'pass'),
(354, '2 2 B > 9 > j. A > j. B > j. C > j. 9 > j. A > j. B > j. C > j. A D ', '', '', NULL, 122, '2019-04-21 07:50:28', 3225, 0, NULL, '', '', 'pass'),
(355, '2 2 C > 5 C > 9 > j. A > j. B > j. C > j. 9 > j. A > j. B > j. C > j. A D ', '', 'https://streamable.com/s/dn34h/rdcvjy', NULL, 122, '2019-04-21 07:52:23', 4920, 0, NULL, '', '', 'pass'),
(356, '2 2 C > 2 C > 2 B > 9 > j. A > j. B > j. C > j. 9 > j. A > j. B > j. C > j. A D ', '', 'https://streamable.com/s/eonjc/dwoqit', NULL, 122, '2019-04-21 07:53:58', 4581, 0, NULL, '', '', 'pass'),
(357, 'st. HK > st. HK > HK HP > d MP > hcb [ HP ] > dl. > ] HP [ ~ qcf HK > j. HP > qcf qcf K ', '', '', NULL, 53, '2019-04-21 15:12:12', 475, 0, NULL, '', '', 'pass'),
(358, 'j. HP > st. HP > ] LP [ > dp HK ', '', 'https://streamable.com/s/hnhgy/fpdtgh', NULL, 53, '2019-04-21 15:13:45', 342, 0, NULL, '', '', 'pass'),
(359, '2 C > 5 C > 214 B ~ A > 9 > j. B > j. 6 B > j. C > j. 2 B > 2 C > 6 C > 6 C > 6 C > A B C > 236 C > 63214 C > A B C D ', '', 'https://streamable.com/s/m83ri/wusbnf', NULL, 192, '2019-04-21 19:49:48', 4743, 0, NULL, '', '', 'pass'),
(360, 'H S > j. M > dl. > j. H > 9 > j. L > j. L > j. L > 2 H > H S > j. H > j. 2 H > j. 9 > j. L > j. L > j. L > j. S > j. 236 S or j. 214 S ~ L or M > 236 L M ', 'Corner', 'https://streamable.com/s/gujax/cxtae', NULL, 20, '2019-04-22 04:27:35', 4229, 0, NULL, '1.16', '', 'pass'),
(362, 'f HK > HK HP > b MP ~ qcf LK > hcb [ HP ] > ] HP [ ~ qcf HK > j. HP > qcf qcf K ', '', '', NULL, 53, '2019-04-22 20:51:06', 440, 0, NULL, '', '', 'pass'),
(363, 'st. HK > HK HP > d MP > hcb [ HP ] > ] HP [ ~ qcf HK > j. HP > qcf qcf K ', '', '', NULL, 53, '2019-04-22 20:53:31', 450, 0, NULL, '', '', 'pass'),
(364, 'st. HK > fd > st. MK > st. MP > ] LP [ > HK HP > [ f ] > dp HK > qcf qcf K ', '', '', NULL, 53, '2019-04-22 20:55:14', 496, 0, NULL, '', '', 'pass'),
(365, 'HK HP > d MP > dl. > f HK > u > j. HK > st. HP > ] LK [ > qcf qcf K ', '', '', NULL, 53, '2019-04-22 20:57:03', 523, 0, NULL, '', '', 'pass'),
(366, 'HK HP > d MP > hcb [ HP ] > ] HP [ ~ qcf HK > j. HP > qcf qcf K ', '', '', NULL, 53, '2019-04-22 20:58:34', 530, 0, NULL, '', '', 'pass'),
(367, 'j. HP > st. HP > ] LP [ > HK HP > [ f ] > dp HK > qcf qcf K ', '', '', NULL, 53, '2019-04-22 21:00:07', 536, 0, NULL, '', '', 'pass'),
(368, 'j. HP > d HP > ] LP [ > HK HP > [ f ] > dp HK > qcf qcf K ', '', '', NULL, 53, '2019-04-22 21:01:45', 545, 0, NULL, '', '', 'pass'),
(369, 'j. HP > st. HP > ] LP [ > b MP ~ qcf LK > hcb HP ', '', '', NULL, 53, '2019-04-22 21:03:14', 358, 0, NULL, '', '', 'pass'),
(370, 'j. HP > d HP > ] LP [ ~ dp HK ', '', '', NULL, 53, '2019-04-22 21:04:10', 351, 0, NULL, '', '', 'pass'),
(371, 'j. HP > d HP > ] LK [ > b MP ~ qcf LK > hcb HK ', '', 'https://streamable.com/s/5rs84/agdkde', NULL, 53, '2019-04-22 21:05:51', 367, 0, NULL, '', '', 'pass'),
(372, 'st. LP ~ st. MP ~ st. HP > qcf P P > qcf HK > j. qcf LP > dp K ', '', 'https://streamable.com/s/xn48s/zpyfid', NULL, 53, '2019-04-22 21:07:30', 207, 0, NULL, '', '', 'pass'),
(373, 'st. LP ~ st. MP ~ st. HP > qcf P P > qcf HK > j. qcf LP > hcb LP ', '', 'https://streamable.com/s/iaws3/ftlgwq', NULL, 53, '2019-04-22 21:09:27', 222, 0, NULL, '', '', 'pass'),
(374, 'st. LP ~ st. MP ~ HP > qcf P P > qcf HK > j. qcf LP > hcb HP ', '', 'https://streamable.com/s/7bcvn/minlca', NULL, 53, '2019-04-22 21:10:42', 232, 0, NULL, '', '', 'pass'),
(375, '2 M > 5 M > 9 > j. M > j. L > j. L > j. 2 H > H S > j. L > j. M > j. L > j. 2 H > j. 9 > j. L > j. L > j. L', '', 'https://streamable.com/s/of1ds/qztrap', NULL, 32, '2019-04-23 04:04:20', 4185, 0, NULL, '1.16', '', 'pass'),
(376, '2 M > 5 M > 236 M > 5 H > H S > j. M > j. L > j. L > j. 9 > j. L > j. L > j. [ S ] > j. 214 M > 236 L M ', 'Corner only', 'https://streamable.com/s/vyewn/ccjrpw', NULL, 24, '2019-04-23 04:07:20', 5172, 0, NULL, '1.16', '', 'pass'),
(377, '2 M > 5 M > 9 > j. M > j. L > j. L > j. 2 H > H S > j. M > j. L > j. 9 > j. L > j. L > j. [ S ] > j. 214 M > 236 L M ', '', 'https://streamable.com/s/1q54v/xludks', NULL, 24, '2019-04-23 04:12:32', 4921, 0, NULL, '1.16', '', 'pass'),
(378, '2 M > 5 M > 2 H > H S > j. M > j. L > j. 9 > j. L > j. L > j. L ', '', 'https://streamable.com/s/heq5l/ehqrmu', NULL, 34, '2019-04-23 04:14:56', 3650, 0, NULL, '1.16', '', 'pass'),
(379, '5 M > 2 M > 236 M > 2 M > 5 M > 9 > j. M > j. L > j. S > H S > j. M > j. L > j. 9 > j. L > j. L > j. 2 S > j. 2 H > 236 H S ', 'Corner only', 'https://streamable.com/s/fe1gt/fbggje', NULL, 34, '2019-04-23 04:16:57', 5334, 0, NULL, '1.16', '', 'pass'),
(380, 'j. HK > d MP > qcf P P > qcf HK > j. HP ~ j. HK ', '', 'https://streamable.com/s/v51do/ooygpp', NULL, 53, '2019-04-23 19:28:05', 285, 0, NULL, '', '', 'pass'),
(381, 'j. HP > d HP > ] LP [ > b MP ~ qcf LK > hcb P P ', '', '', NULL, 53, '2019-04-23 19:29:38', 385, 0, NULL, '', '', 'pass'),
(382, 'st. MP > d MP > qcf P P > qcf HK > j. HP ~ j. HK ', '', '', NULL, 53, '2019-04-23 19:31:10', 267, 0, NULL, '', '', 'pass'),
(383, 'j. HP > d HP > ] LP [ ~ dp HK ', '', 'https://streamable.com/s/5319h/bvdwta', NULL, 53, '2019-04-23 19:32:52', 351, 0, NULL, '', '', 'pass'),
(384, 'st. MK > st. MP > qcf P P > qcf HK > j. qcf HP > hcb LP ', '', '', NULL, 53, '2019-04-23 19:34:49', 250, 0, NULL, '', '', 'pass'),
(385, 'j. HK > d MP > qcf P P > fd > hcb LP ', '', '', NULL, 53, '2019-04-23 19:36:47', 262, 0, NULL, '', '', 'pass'),
(386, 'j. HK > d MP > qcf P P > qcf HK > j. LP ~ j. MK ', '', '', NULL, 53, '2019-04-23 19:38:36', 262, 0, NULL, '', '', 'pass'),
(388, 'j. HK > st. LP ~ st. MP ~ st. HP > qcf P P > qcf HK > j. qcf HP > hcb HP ', '', 'https://streamable.com/s/blagq/vomdvy', NULL, 53, '2019-04-23 19:41:51', 288, 0, NULL, '', '', 'pass'),
(389, 'j. HK > st. LP ~ st. MP ~ st. HP > qcf P P > qcf HK > j. qcf HP > dp HK ', '', '', NULL, 53, '2019-04-23 19:44:02', 268, 0, NULL, '', '', 'pass'),
(390, 'j. HP > st. HP > qcf P P > qcf HK > j. qcf HP > dp HK ', '', '', NULL, 53, '2019-04-23 19:45:14', 280, 0, NULL, '', '', 'pass'),
(391, 'j. HP > d HP > qcf P P > qcf HK > j. qcf HP > dp HK ', '', 'https://streamable.com/s/65at8/dmbsje', NULL, 53, '2019-04-23 19:47:13', 289, 0, NULL, '', '', 'pass'),
(392, 'j. HK > st. MK > st. MP > qcf P P > qcf LK > hcb HP ', '', 'https://streamable.com/s/1ok8u/zfcayw', NULL, 53, '2019-04-23 19:49:05', 306, 0, NULL, '', '', 'pass'),
(393, 'j. HK > st. MK > st. MP > qcf P P > qcf LK > hcb LP ', '', 'https://streamable.com/s/jasis/wxmtbl', NULL, 53, '2019-04-23 19:50:34', 294, 0, NULL, '', '', 'pass'),
(394, 'j. HP > st. HP > ] LP [ > hcb P P ', '', '', NULL, 53, '2019-04-23 19:51:48', 363, 0, NULL, '', '', 'pass'),
(395, 'j. HP > d HP > ] LP [ > hcb P P ', '', '', NULL, 53, '2019-04-23 19:52:58', 372, 0, NULL, '', '', 'pass'),
(396, 'st. HK > fd > st. MK > st. MP > qcf P P > f > [ MK MP ]', '', '', NULL, 53, '2019-04-23 19:54:28', 274, 0, NULL, '', '', 'pass'),
(397, 'st. HK > fd > st. MK > st. MP > qcf P P > fd > MK MP ', '', '', NULL, 53, '2019-04-23 19:56:07', 264, 0, NULL, '', '', 'pass'),
(398, 'j. HK > d MP > qcf P P > fd > hcb HP ', '', '', NULL, 53, '2019-04-23 19:57:33', 276, 0, NULL, '', '', 'pass'),
(399, 'st. MK > st. MP > qcf P P > qcf HK > j. qcf HP > dp HK ', '', 'https://streamable.com/s/6lg3j/viwcyk', NULL, 53, '2019-04-23 19:59:26', 232, 0, NULL, '', '', 'pass'),
(400, 'st. MK > st. MP > qcf P P > qcf HK > j. qcf HP > hcb HP ', '', '', NULL, 53, '2019-04-23 20:00:35', 262, 0, NULL, '', '', 'pass'),
(401, 'HK HP > b MP > dp MK > ] HP [ ~ qcf HK > j. HP > qcf qcf K ', '', '', NULL, 53, '2019-04-23 20:02:51', 539, 0, NULL, '', '', 'pass'),
(402, 'j. HP > st. HP > ] LP [ > b MP ~ qcf LK > hcb P P ', 'Corner only', 'https://streamable.com/s/wkhy1/yrfonv', NULL, 53, '2019-04-23 20:04:31', 376, 0, NULL, '', '', 'pass'),
(403, '236 M ~ H > 66 > 5 L (whiff) L L > 66 > 5 L L L > dl. 5 L L > 2 H > H S > j. M L > 9 >  j. L L L > ( j. S ) > 214 M > ( 236 L M > 214 L M )', 'Corner, Cell/Hit only, j.S Cell only', 'https://imgur.com/sJyThyf', NULL, 9, '2019-04-24 21:21:04', 3560, 0, NULL, '1.16', '', ''),
(404, '236 M ~ H > 66 > 5 L (whiff) L L > 66 > 5 L L > 2 H > H S > j. M L L > 9 > j. L L L > ( j. S ) > 214 M > ( 236 L M > 214 L M )', 'Corner, j.S XL size only', 'https://imgur.com/TvanCEf', NULL, 9, '2019-04-24 23:20:23', 3428, 0, NULL, '1.16', '', ''),
(405, '5 M M > 5 S > 5 H > 5 L L L > H S > j. L dl. L dl. L > j. 2 H > 9 > j. L dl. L dl. L > j. S > 236 | 214 S ~ M > dl. ( j. ) 214 L M', 'Corner, 6543 on ground 214L+M\r\n5H>5LLL doesn\'t work on smalls,  Tight window on Vegito.', 'https://imgur.com/oXsK9C3', NULL, 20, '2019-04-24 23:37:09', 6758, 0, NULL, '1.16', '', ''),
(406, '5 M M > 5 S > 5 H > H S > j. L dl. L dl. L > j. 2 H > 9 > j. L dl. L dl. L > j. S > 236 | 214 S ~ M > dl. ( j. ) 214 L M', 'Corner, 6018 on ground 214L+M', 'https://imgur.com/wDAGPUL', NULL, 20, '2019-04-25 00:12:37', 6173, 0, NULL, '1.16', '', ''),
(407, '236 L ~ H > dl. 5 L (whiff) L L > dl. 5 L L L > dl. 5 L L > 2 H > H S > j. M L > 9 > j. L L L > ( j. S ) > 214 M > ( 236 L M > 214 L M )', 'Corner, Cell/Hit only, j.S on Cell only', 'https://imgur.com/VlhNNdf', NULL, 9, '2019-04-25 00:55:50', 4261, 0, NULL, '1.16', '', ''),
(408, '236 L ~ H > dl. 5 L (whiff) L L > dl. 5 L L > 2 H > H S > j. M L L > 9 > j. L L L > ( j. S ) > 214 M > ( 236 L M > 214 L M )', 'Corner, j.S on XL size only', 'https://imgur.com/A8wM7TV', NULL, 9, '2019-04-25 00:57:07', 4095, 0, NULL, '1.16', '', ''),
(409, '5 H > 236 S > 2 L > ( 5 L ) > 2 H > H S > j. M L L > 9 > j. L L L > ( j. S ) > 214 M > ( 236 L M > 214 L M )', 'Corner, 5L is more damage only with j.S, j.S on XL only', 'https://imgur.com/dcpn1ry', NULL, 9, '2019-04-25 01:29:14', 4647, 0, NULL, '1.16', '', ''),
(410, '5 M M > 1 S > dl. 5 M > 3 S > H S > j. M L L > 9 > j. L L > j. [ S ] > 236 S > 236 L M', 'Easy Frieza corner bnb.  4550 SKD on j.[S]>j.2H', 'https://imgur.com/3HgUW5Z', NULL, 16, '2019-04-25 02:27:29', 5389, 0, NULL, '1.16', '', ''),
(411, '5 M > 2 M > 3 S > dl. 2 H > H S > j. M L L > j. L L > j. [ S ] > 236 S > dl. 236 L M > A1 > ) 236 L M ( > (land) 9 > [ L M ]', 'Corner, Frieza DHC into air DR. 6146 on snap.\r\nDHC needs to be fast enough to jump into DR before Death Ball finishes.', 'https://imgur.com/eqSD1sX', NULL, 16, '2019-04-25 02:44:09', 6121, 0, NULL, '1.16 ', '', ''),
(412, '5 M M > 3 S > dl. 2 H > H S > j. M L L > 9 > j. L L L > j. 2 S > j. 2 H', 'Frieza midscreen bnb SKD', 'https://imgur.com/LHoo5Ct', NULL, 16, '2019-04-25 03:13:17', 4300, 0, NULL, '1.16', '', ''),
(415, '5 M M > 1 S > dl. 5 H > 214 S > [ 6 ] > dl. 2 M > ) 214 S ( > dl. 5 M >  j. M > 9 > j. L L > j. [ S ] > j. 2 H', 'Corner, solo 1 disc bnb into SKD', 'https://imgur.com/pkDmdXP', NULL, 16, '2019-04-26 06:27:35', 4935, 0, NULL, '1.16', '', ''),
(416, '5 C > 214 B ~ A > 6 B > 63214 A > 5 B > 236 8 B > (land) ~ 9 > j. 6 B > j. 5 B > j. C > j. 2 B > 2 C > 6 C > 6 C > 236 [ B ] > 236 C > 6 C > 6 C > 63214 A > A B C D ', 'Veil Off', 'https://youtu.be/jYx97LQhs3A', NULL, 192, '2019-04-27 15:38:11', 5324, 0, NULL, '', 'nicotine', 'pass'),
(417, '5 C > 2 C > 214 B ~ C > 8 236 A > (land) dl. ~ 9 > j. 6 B > j. 5 B > j. C > j. 2 B > 214 B ~ B > 6 C > 6 C > 236 [ B ] > 236 C > 6 C > 6 C > 63214 A > A B C D ', 'Veil Off', 'https://youtu.be/E9B7A077TTw', NULL, 192, '2019-04-27 16:01:46', 5345, 0, NULL, '', 'nicotine', 'pass'),
(418, '2 H > H S > j. L > j. M ~ j. L > j. 2 H > j. 9 > j. L > j. L > j. L > dl. > A1 > (land) > 5 M > 9 > j. L > j. M ~ j. L > j. 2 H > j. 9 > j. L > j. L > j. S > j. 236 L M ', 'Midscreen', 'https://youtu.be/um3Ene55Mcc', NULL, 21, '2019-04-28 05:40:13', 5337, 0, NULL, '1.16', 'Ikkisoad', 'pass'),
(419, '2 H > H S > j. M > j. S > j. 236 M > A1 > j. L > j. L ~ j. 2 H > j. 9 > j. L > j. L > j. L > j. 236 L M ', 'Midscreen', 'https://youtu.be/ZIDOd6oaglk', NULL, 21, '2019-04-28 05:43:15', 5170, 0, NULL, '1.16', 'oPrieZT', 'pass'),
(420, '2 H > H S > j. M > j. S > j. 236 M > A1 > j. L > j. L ~ j. 2 H > j. 9 > j. L > j. L > j. S > j. 236 L M ', 'Midscreen', 'https://youtu.be/6ggL29UKhw0', NULL, 21, '2019-04-28 05:46:00', 5090, 0, NULL, '1.16', 'oPrieZT', 'pass'),
(422, '2 H > H S > j. L > j. M > ~ j. L > j. 2 H > j. 9 > j. L > j. L > j. L > dl. A1 > (land) 2 9 > j. L > j. L > j. 2 H > j. 9 > j. L > j. L > j. S > j. 236 L M ', 'Midscreen', 'https://youtu.be/_IYzOu_cuz0', NULL, 21, '2019-04-28 05:52:16', 5090, 0, NULL, '1.16', 'Ikkisoad', 'pass'),
(423, '2 H > H S > j. L > j. M > ~ j. L > j. 2 H > j. 9 > j. L > j. L > j. L > dl. A1 > (land) 2 9 > j. L > j. M ~ j. L > j. 2 H > j. 9 > j. L > j. L > j. S > j. 236 L M ', 'Midscreen', 'https://youtu.be/cWALijREPpY', NULL, 21, '2019-04-28 05:54:10', 5145, 0, NULL, '1.16', 'Ikkisoad', 'pass'),
(424, '2 H > H S > j. L > j. M ~ j. L > j. 2 H > j. 9 > j. L > j. L > j. L > dl. A1 > (land) > 5 M > 5 H > 5 S ~ S > j. 236 M > j. L > j. L ~ j. 2 H > j. 9 > j. L > j. L > j. S > j. 236 L M ', 'Corner', 'https://twitter.com/Ikkisoad/status/1122378653491441664', NULL, 21, '2019-04-28 05:57:23', 5807, 0, NULL, '1.16', 'Ikkisoad', 'pass'),
(425, '5 M M > 5 S > 5 H > 5 L L L > H S > j. L dl. L dl. L > j. 2 H > 9 > j. L dl. L dl. L > j. S > 236 | 214 S ~ L > dl. M H > 66 > 5 H > 214 S ~ M > ( j. ) 214 L M', 'Corner, 7110 on ground 214L+M.\r\n5H>5LLL doesn\'t work on smalls.  Tight window on Vegito.', 'https://imgur.com/F2IFbPk', NULL, 20, '2019-04-28 07:46:22', 7265, 0, NULL, '1.16', '', ''),
(426, '5 M M > 5 S > 5 H > 5 L L L > H S > j. L dl. L dl. L > j. 2 H > 9 > j. L dl. L dl. L > j. S > 236 | 214 S ~ L > dl. M H > 66 ~ [ L M ]', 'Corner, solo vanish DR\r\nBeginning doesn\'t work on smalls.', 'https://imgur.com/fbIzPvP', NULL, 20, '2019-04-28 08:34:51', 5546, 0, NULL, '1.16', '', ''),
(427, '1 M > 5 M > 9 > j. M ~ j. L > j. L > j. 9 > j. L > j. L > j. S > dl. j. 236 ~ A1 ~ L > (land) 5 M ~ 5 H > H S > j. M ~ j. L > j. L > j. 9 > j. L > j. L > j. S > j. 236 L M ', '', 'https://youtu.be/WbeQfczwLRI', NULL, 21, '2019-04-28 15:26:42', 5210, 0, NULL, '1.16', 'Ikkisoad', 'pass'),
(428, '1 M > 5 M > 9 > j. M ~ j. L > j. L > j. 9 > j. L > j. L > j. S > dl. j. 236 ~ A1 ~ L > (land) 5 M ~ 5 H > 5 S ~ S > H S > j. L > j. L ~ j. 2 H > j. 9 > j. L > j. L > j. S > j. 236 L M ', '', 'https://youtu.be/SFIkl4KeQ5U', NULL, 21, '2019-04-28 15:29:16', 5497, 0, NULL, '1.16', 'Ikkisoad', 'pass'),
(429, '2 M > 5 M > 9 > j. M > j. 9 > j. M > j. 214 M > L M H S > (whiff) 5 L > 5 L > 5 L > 2 9 > j. M > j. S > j. 9 > j. M > j. S > j. 214 M > A2 > 2 9 > j. M > j. H > j. 2 H > j. 9 > j. L > j. L > j. 214 / 236 S ~ L / M > 236 L M > A1 ', '', 'https://youtu.be/OBk8w3793ds', NULL, 20, '2019-04-28 15:33:06', 7359, 0, NULL, '1.16', 'Ikkisoad', 'pass'),
(430, '1 M > 5 M > 9 > j. M ~ j. L > j. L > j. 2 H > H S > j. L > j. M ~ j. L > j. 2 H > j. 9 > j. L > j. L > A1 ~ j. L > (land) 66 9 > j. L > j. L ~ j. 2 H > j. 9 > j. L > j. L > j. S > j. 236 L M ', '', 'https://youtu.be/n6f52kiLcHQ', NULL, 21, '2019-04-28 15:36:16', 5454, 0, NULL, '1.16', 'Ikkisoad', 'pass'),
(431, '1 M > 5 M > 9 > j. M ~ j. L > j. L > j. 2 H > H S > j. L > j. M ~ j. L > j. 2 H > j. 9 > j. L > j. L >  j. L > A1 > (land) 2 9 > j. L > j. L ~ j. 2 H > j. 9 > j. L > j. L > j. S > j. 236 L M ', '', 'https://youtu.be/IKysgizKOBE', NULL, 21, '2019-04-28 15:39:16', 5454, 0, NULL, '1.16', 'Ikkisoad', 'pass'),
(432, '1 M > 5 M > 9 > j. M ~ j. L > j. L > j. 2 H > H S > j. L > j. M ~ j. L > j. 2 H > j. 9 > j. L > j. L > j. L > A1 > (land) H S > j. L > j. L ~ j. 2 H > j. 9 > j. L > j. L > j. S > j. 236 L M ', '', 'https://youtu.be/8szrIQCcwWQ', NULL, 21, '2019-04-28 15:41:46', 5499, 0, NULL, '1.16', 'Ikkisoad', 'pass'),
(433, '1 M > 5 M > 9 > j. M ~ j. L > j. L > j. 2 H > H S > j. L > j. M ~ j. L > j. 2 H > j. 9 > j. L > j. L > j. L > A1 > (land) 2 9 > j. L > j. M ~ j. L > j. 2 H > j. 9 > j. L > j. L > j. S > j. 236 L M', '', 'https://youtu.be/UBGPOGkiiOQ', NULL, 21, '2019-04-28 15:43:50', 5514, 0, NULL, '1.16', 'Ikkisoad', 'pass'),
(434, '1 M > 5 M > 9 > j. M ~ j. L > j. L > j. 9 > j. L > j. L > j. S > j. 236 ~ A1 ~ L > (land) 9 > j. M ~ j. L > j. L > j. 2 H > H S > j. L > j. M ~ j. L > j. 2 H > j. 9 > j. L > j. L > j. L > j. 236 L M ', '', 'https://youtu.be/iyp04iyxXNc', NULL, 21, '2019-04-28 15:47:27', 5517, 0, NULL, '1.16', 'Ikkisoad', 'pass'),
(435, '1 M > 5 M > 9 > j. M ~ j. L > j. L > j. 9 > j. L > j. L > j. S > dl. j. 236 ~ A1 ~ L > (land) 5 M > 9 > j. L > j. M ~ j. L > j. 2 H > H S >  j. M ~ j. L > j. L > j. 9 > j. L > j. L > j. L > j. 236 L M', '', 'https://youtu.be/BBk34Ru32iM', NULL, 21, '2019-04-28 15:50:08', 5567, 0, NULL, '1.16', 'Ikkisoad', 'pass'),
(436, '1 M > 5 M > 9 > j. M ~ j. L > j. L > j. 2 H > H S > j. L > j. M ~ j. L > j. 2 H > j. 9 > j. L > j. L > j. L > A1 > (land) 5 M > 9 > j. L > j. M ~ j. L > j. 9 > j. L > j. L > j. S > j. 236 L M', '', 'https://youtu.be/gtExeLHO_CM', NULL, 21, '2019-04-28 15:52:53', 5567, 0, NULL, '1.16', 'Ikkisoad', 'pass'),
(437, '1 M > 5 M > 9 > j. M ~ j. L > j. L > j. 9 > j. L > j. L > j. S > dl. j. 236 ~ A1 ~ L > (land) 214 M > 2 M > 5 M > 9 > j. L > j. M ~ j. L > j. 2 H > j. 9 > j. L > j. L > j. S > j. 236 L M ', '', 'https://youtu.be/16XH-BlLjr8', NULL, 21, '2019-04-28 15:55:28', 5672, 0, NULL, '1.16', 'Ikkisoad', 'pass'),
(438, '1 M > 5 M > 9 > j. M ~ j. L > j. L > j. 9 > j. L > j. L > j. S > j. 236 L > A1 > (land) 214 M > 2 M > 5 M > 9 > j. L > j. M ~ j. L > j. 2 H > j. 9 > j. L > j. L > j. S > j. 236 L M', '', 'https://youtu.be/LPjlDW7tsqE', NULL, 21, '2019-04-28 15:59:06', 5672, 0, NULL, '1.16', 'Ikkisoad', 'pass'),
(439, '1 M > 5 M > 9 > j. M ~ j. L > j. L > j. 2 H > H S > j. L > j. M ~ j. L > j. 2 H > j. 9 > j. L > j. L > j. L > dl. A1 > (land) > 5 M > 9 > j. L > j. M ~ j. L > j. 2 H > j. 9 > j. L > j. L > j. S > j. 236 L M ', '', 'https://youtu.be/QKLsj3BfaMA', NULL, 21, '2019-04-28 16:04:06', 5694, 0, NULL, '1.16', 'Ikkisoad', 'pass'),
(440, '1 M > 5 M > 9 > j. M ~ j. H > L M H S > 214 M > 1 M > 5 M > 9 > j. M ~ j. L > j. L > j. 9 > j. L > j. L > j. S > j. 236 ~ A1 ~ L > (land) 9 > j. M ~ j. L > j. L > j. 9 > j. L > j. L ~ j. L > A1 > j. 236 L M > A1 > A2 ', 'Midscreen close to corner', 'https://youtu.be/lze9KUMK1ls', NULL, 21, '2019-04-28 16:08:08', 8058, 0, NULL, '1.16', 'Ikkisoad', 'pass'),
(441, '5 M M > 5 S > 5 H > 5 L L L > H S > j. L dl. L dl. L > j. 2 H > 9 > j. L dl. L dl. L > j. S > 236 | 214 S ~ L > dl. M H > 66 ~ [ L M ] > 214 S ~ M > 236 L M', 'Corner, solo ~0.4 bar into L1\r\n5H>5LLL doesn\'t work on smalls.  Tight window on Vegito.', 'https://imgur.com/Cs4O4Gi', NULL, 20, '2019-04-29 01:34:54', 6428, 0, NULL, '1.16', '', ''),
(442, '5 M M > 5 S > 5 H > 5 L L L > H S > j. L dl. L dl. L > j. 2 H > 9 > j. L dl. L dl. L > j. S > 236 | 214 S ~ L > dl. M H > 66 ~ [ L M ] > 214 S ~ M > j. 214 L M', 'Corner, ground 214L+M whiffs.\r\n5H>5LLL doesn\'t work on smalls.  Tight window on Vegito.', 'https://imgur.com/WRS4EFY', NULL, 20, '2019-04-29 01:46:03', 7357, 0, NULL, '1.16', '', ''),
(443, 'HK HP > st. MK > dp MK > [ f ] > b MP ', '', 'https://youtu.be/YkJFHORfGHw', NULL, 53, '2019-04-30 00:28:14', 271, 0, NULL, '', '', 'pass'),
(444, 'HK HP > d MP > dl. f HK > uf > j. MK > st. MK > st. MP > ] LP [ > qcf qcf K ', '', 'https://youtu.be/5LnUNtvpvPw', NULL, 53, '2019-04-30 00:30:26', 508, 0, NULL, '', '', 'pass'),
(445, 'HK HP > st. LP ~ st. MP ~ st. HP > hcb HP > hcb LP ', '', 'https://youtu.be/wMjBwS4kzYw', NULL, 53, '2019-04-30 18:34:47', 280, 0, NULL, '', '', 'pass'),
(446, 'HK HP > st. LP ~ st. MP ~ st. HP > hcb HP > hcb HP', '', 'https://youtu.be/40KeHYNwGUw', NULL, 53, '2019-04-30 18:35:38', 290, 0, NULL, '', '', 'pass'),
(447, 'j. HK > st. HK > HK HP > st. HP > dp HK > ] HP [ > qcf qcf K ', '', 'https://youtu.be/khw68H5ryzs', NULL, 53, '2019-04-30 18:38:22', 533, 0, NULL, '', '', 'pass'),
(448, '5 A > 5 A > 2 B > 2 C > 5 B > 5 B > 9 > j. A > j. B > j. 9 > j. A > j. B > j. C ', '', 'https://youtu.be/eOZrEJ2fjpI', NULL, 97, '2019-04-30 18:41:18', 4489, 0, NULL, '', '', 'pass'),
(449, '5 A > 5 A > 5 A > 5 B > 5 B > 5 B > 9 > j. A > j. A > 9 > j. A > j. A > j. 236 B ', '', 'https://youtu.be/GsWfplLIP7c', NULL, 109, '2019-04-30 18:43:05', 5744, 0, NULL, '', '', 'pass'),
(450, '2 LK > 2 MP > 2 HP > 9 > j. MK > j. HK > (land) 2 LK > 2 MK > 9 > j. MP > dl. j. HK > (land) 2 MP > 2 HP > 9 > j. LP >  j. LP > j. LP > j. HP > (land) > 5 LP > 5 LP > 5 MP > 5 HP > 623 HP > 236 P P ', '', 'https://youtu.be/bpP6BLzE9D4', NULL, 156, '2019-05-01 00:44:35', 7292, 0, NULL, '', 'CaioLugon', 'pass'),
(451, '2 LK > 2 MK ~ 2 HP > 9 > j. HP > j. HK > j. 236 HK > j. 236 MK > j. 66 > j. MP > j. HK > (land) 9 > j. LP > j. MP > j. HK > j. 66 > j. MK > (land) 66 > 5 LP > 5 LP > 5 LP > 5 MP > 5 MP > 2 MK > 5 HK > 5 HK > 5 HK > 236 HK > 236 K K ', '', 'https://youtu.be/puwdQCKMMwc', NULL, 157, '2019-05-01 01:45:33', 7518, 0, NULL, '', 'CaioLugon', 'pass'),
(452, '2 LK > 2 MP > 2 MK > 2 HP > 9 > dl. j. MK > j. HK > j. 9 > j. MK > j. HK > 5 [ MP ] > 5 MK > 2 HP > 9 > j. LP > j. MP > j. HK > [ 6 ] > 5 LP > 5 LP > 5 [ MP ] > 5 MK > 5 HP > 236 HK > 236 P P ', '', 'https://youtu.be/hHJ2kcr_rw0', NULL, 162, '2019-05-01 02:01:00', 6285, 0, NULL, '', 'CaioLugon', 'pass'),
(453, '5 M M > 1 S > dl. 5 H > 214 S > [ 6 ] > dl. 2 M > ) 214 S ( > dl. 5 M > 3 S > H S > j. M > 9 > j. L L > j. [ S ] > 236 S > 236 L M', 'Corner, solo 1 disc bnb into L1', 'https://imgur.com/rhT2whv', NULL, 16, '2019-05-01 06:21:19', 5921, 0, NULL, '1.16', '', ''),
(454, '5 M M > 1 S > dl. 5 H > 214 S > [ 6 ] > dl. 2 M > ) 214 S ( > ( 8 ) > [ L M ]', 'Corner, 1 disc solo DR.  4362 on snap.', 'https://imgur.com/7gcQpcn', NULL, 16, '2019-05-01 07:21:51', 4262, 0, NULL, '1.16', '', ''),
(455, '5 M M > ( 3 S > dl. ) 5 H > 214 S > 2 M (1) > 1 S > 44 > ) 214 S ( > dl. 214 S > 66 > dl. 2 M > ) 214 S ( > ( 8 ) > [ L M ]', 'Corner, double disc solo DR. 4724 on snap.\r\n3S causes 5H>214S to whiff on smalls and some mediums. 4439SKD/4514snap', 'https://imgur.com/Y5A7TeA', NULL, 16, '2019-05-02 01:31:45', 4649, 0, NULL, '1.16', '', ''),
(456, '2 M ~ A1 > 214 S > 5 [ S ] (3) > ) 214 S ( > 2 2 S > (land) 2 H > H S > j. M L L > 9 > j. L L > j. 2 S > j. 2 H', 'easy 21 midscreen discs.  4272 on [S](4)', 'https://imgur.com/MpZ1HFW', NULL, 16, '2019-05-03 06:46:55', 4275, 0, NULL, '1.16', '', ''),
(457, '1 M > 5 M > 9 > j. M ~ j. L > j. L > j. 2 H > H S > j. L > j. M ~ j. L > j. 2 H > j. 9 > j. L > j. L > j. L > dl. A1 > (land) H S > j. L > j. L > j. 2 H > j. 9 > j. L > j. L > j. S > j. L M ', '', 'https://youtu.be/c2fOT0jVaVA', NULL, 21, '2019-05-03 13:38:48', 5499, 0, NULL, '1.16', 'Ikkisoad', 'pass'),
(458, '1 M > 5 M > 9 > j. M ~ j. L > j. L > j. 2 H > H S > j. L > j. M ~ j. L > j. 2 H > j. 9 > j. L > j. L > j. L > dl. A1 > (land) H S > j. L > j. M ~ j. L > j. 2 H > j. 9 > j. L > j. L > j. S > j. L M ', '', 'https://youtu.be/WTiEqPP7Y0s', NULL, 21, '2019-05-03 13:40:24', 5559, 0, NULL, '1.16', 'Ikkisoad', 'pass');
INSERT INTO `combo` (`idcombo`, `combo`, `comments`, `video`, `user_iduser`, `character_idcharacter`, `submited`, `damage`, `type`, `verified`, `patch`, `author`, `password`) VALUES
(459, '2 LK > 2 MK ~ 2 HP > 9 > j. HP > j. 236 HK > j. 66 > j. HP > j. 236 MK > (land) 2 MK > 2 HP > 9 > j. LK ~ j. MP > j. HK > j. 236 HK > 5 LP > 5 LP > 5 LP > 2 LK > 2 LK > 5 MP > 5 MP > 2 MK > 5 HP > 236 HK > 236 K K ', '', 'https://youtu.be/Rq_y0sZ7Ack', NULL, 157, '2019-05-03 19:51:22', 7852, 0, NULL, '', 'CaioLugon', 'pass'),
(460, '2 B > 3 C > 214 B > 5 C > 6 C > 236 C ', '', '', NULL, 301, '2019-05-04 22:33:54', 2774, 0, NULL, '', '', 'pass'),
(461, '6 B > 2 D > 9 > j. C > j. 2 C > j. 9 > j. C > j. 2 C > j. 214 D ', '', '', NULL, 301, '2019-05-04 22:38:00', 2268, 0, NULL, '', '', 'pass'),
(462, 'B C > 236 D > 236 C > dl. 6 D > 2 D > 9 > j. D > j. 6 D > j. 214 D ', '', '', NULL, 301, '2019-05-04 22:51:32', 2719, 0, NULL, '', '', 'pass'),
(463, '6 A > 2 C > 9 > j. C > j. 2 C > j. 9 > j. C > j. 2 C > j. 214 D ', '', '', NULL, 301, '2019-05-04 22:53:07', 2723, 0, NULL, '', '', 'pass'),
(464, '5 B > 3 C > [ A B C D ] ', '', '', NULL, 301, '2019-05-04 22:57:45', 3740, 0, NULL, '', '', 'pass'),
(466, '1 M > 5 M > 9 > j. M ~ j. L > j. L > j. 2 H > H S > j. L > j. M ~ j. L > j. 2 H > j. 9 > j. L > j. L > j. 236 L > A1 > 2 8 > j. L > j. L > j. 2 H > j. 9 > j. L > j. L > j. S > j. 236 L M ', '', 'https://youtu.be/t_ul6VnVW-c', NULL, 21, '2019-05-07 05:21:30', 5454, 0, NULL, '1.16', '', 'pass'),
(469, '5 L > 5 L > 5 L > L > j. L > j. L > j. L > j. 2 H > j. 9 > L > dl. j. L > dl. j. L > j. S > j. 214 S ~ M > 236 L M ', 'Corner', 'https://youtu.be/RbTufYFN15U', NULL, 20, '2019-05-07 05:51:56', 4187, 0, NULL, '1.16', '', 'pass'),
(470, '5 L > 5 L > 5 L > L > j. L > j. L > j. L > j. 2 H > j. 9 > j. L > j. L > j. S > j. 236 L M ', 'Corner', 'https://youtu.be/cL3uRl0xYX4', NULL, 21, '2019-05-07 05:52:18', 4000, 0, NULL, '1.16', '', 'pass'),
(471, '5 L > 5 L > 5 L > L > j. L > j. L > j. L > j. [ S ] > j. 236 S ', 'Corner', 'https://youtu.be/Je_yIng1IjI', NULL, 16, '2019-05-07 05:52:44', 3147, 0, NULL, '1.16', '', 'pass'),
(472, '5 M > 2 M > 5 H > H S > j. M > j. 2 H > j. 9 > j. L > j. L > j. S A1 > j. 214 M > 9 > j. M > j. 2 H > j. 9 > j. L > j. L > j. S > j. 236 | 214 S ~ L | M > 236 L M ', '', 'https://youtu.be/Fc2ZAr04eXE', NULL, 20, '2019-05-07 22:07:51', 5564, 0, NULL, '1.16', 'Ikkisoad', 'pass'),
(473, '5 M > 2 M > 5 H > H S > j. M > j. 2 H > j. 9 > j. L > j. L > j. S A1 > j. 214 M > 9 > j. M > j. L > j. 2 H > j. 9 > j. L > j. L > j. S > j. 236 | 214 S ~ L | M > 236 L M', '', 'https://youtu.be/PgvjIXZxXYY', NULL, 20, '2019-05-07 22:09:23', 5624, 0, NULL, '1.16', 'Ikkisoad', 'pass'),
(474, '5 M > 2 M > 5 H > H S > j. M > j. 2 H > j. 9 > j. L > j. L > j. S A1 > j. 214 M > 66 > 9 > j. L > j. L > j. L > j. 2 H > j. 9 > j. L > j. L > j. S > j. 236 | 214 S ~ L | M > 236 L M', '', 'https://youtu.be/Xwnv0bk3kmU', NULL, 20, '2019-05-07 22:11:10', 5706, 0, NULL, '1.16', 'Ikkisoad', 'pass'),
(475, '2 M > 5 M > 9 > j. M > j. H > j. 2 H > H S > j. H > j. 2 H > j. 9 > j. L > j. L > j. L > j. S > j. 214 M > A1 > (land) 2 8 > j. M > j. H > j. 2 H > j. 9 > j. L > j. L > j. 236 | 214 S ~ L | M ', 'Corner', 'https://youtu.be/PsFxSENM3_g', NULL, 20, '2019-05-07 22:14:13', 5991, 0, NULL, '1.16', 'Ikkisoad', 'pass'),
(476, 'j. L > j. M ~ j. H > 2 L > 1 M > 5 M > 9 > j. M ~ j. L > j. L > j. 2 H > H S > j. L > j. M ~ j. L > j. 2 H > j. 9 > j. L > j. L > j. L > dl. A1 > (land) 2 8 > j. L > j. M ~ j. L > j. 9 > j. L > j. L > j. S > j. 236 L M ', '', 'https://youtu.be/6MsMXAFaanI', NULL, 21, '2019-05-07 22:16:45', 4525, 0, NULL, '1.16', 'Ikkisoad', 'pass'),
(477, 'j. L > j. M ~ j. H > 1 M > 5 M > 9 > j. M ~ j. L > j. L > j. 2 H > H S > j. L > j. M ~ j. L > j. 2 H > j. 9 > j. L > j. L > j. L > dl. A1 > H S > j. M ~ j. L >  j. L > j. 9 > j. L > j. L > j. S > j. 236 L M', '', 'https://youtu.be/QyegLBLCoFo', NULL, 21, '2019-05-07 22:18:57', 4570, 0, NULL, '1.16', 'Ikkisoad', 'pass'),
(478, '2 M > 236 M > 2 M > 5 H > H S > j. M > j. L > j. L > 9 > j. L > j. L > j. L > j. S > j. 214 M > 236 L M ', 'Corner', 'https://youtu.be/uJ-FC9gmn0Q', NULL, 479, '2019-05-09 23:43:23', 5209, 0, NULL, '1.16', '', 'pass'),
(479, '2 M > 5 M > 9 > j. M > j. L > j. H > j. S > H S > j. M > j. L > j. L > j. 9 > j. L > j. L > j. L > j. S > j. 214 M > 236 L M ', 'Corner', 'https://youtu.be/XzepTGY_5y8', NULL, 479, '2019-05-09 23:45:43', 5154, 0, NULL, '1.16', '', 'pass'),
(480, '2 M > 5 M > 9 > j. M > j. L > j. H > j. S > H S > j. M > j. L > j. L > j. 9 > j. L > j. L > j. L > j. S > j. 214 M', '', 'https://youtu.be/_0G4tAt84xA', NULL, 479, '2019-05-09 23:47:49', 4272, 0, NULL, '1.16', '', 'pass'),
(482, '5 P > 5 S > 5 H > 236 S ', '', '', NULL, 224, '2019-05-12 00:11:29', 95, 0, NULL, '', '', 'pass'),
(483, '5 P > 5 S > 5 H > 2 D > 236 S', '', '', NULL, 224, '2019-05-12 00:21:29', 114, 0, NULL, '', '', 'pass'),
(484, '5 P > 5 K > 5 S > 5 H > 2 D > 236 S', '', '', NULL, 224, '2019-05-12 00:22:59', 118, 0, NULL, '', '', 'pass'),
(485, '2 H > 9 > j. P > j. K > j. S > j. 9 > j. P > j. S > j. D ', '', '', NULL, 224, '2019-05-12 00:26:37', 158, 0, NULL, '', '', 'pass'),
(486, '6 A > 5 C > 214 A > 236 6 B > 236 B > 236 B > 6 623 C > j. 2 C (whiff) > 2 C > 5 D > 2 D > 6 D > 214 A > 6 6 > 214 A ~ 8 A > 6 6 > 5 C > 623 D > j. 2 C ', 'Mid Screen to Corner, does not work on arakune', '', NULL, 303, '2019-05-12 01:26:08', 3968, 0, NULL, '', '@kamikaze2mb (カミ風)', ''),
(487, '236 MK HP > 5 [ MP ] > 5 MK > 2 HP > 9 > j. MK > j. HK > j. 9 > j. MP > j. HK > 5 LP > 5 LP > 5 [ MP ] > 5 MK > 5 HP > 236 HK > 236 P P ', '', 'https://youtu.be/oO6HGGGYH6A', NULL, 162, '2019-05-12 04:54:58', 7605, 0, NULL, '', '', 'pass'),
(488, '214 MK HP > 2 LK > 2 MP > 2 MK > 2 HP > 9 > j. MK > j. HK > j. 9 > j. MP > j. HK > 5 LP > 5 LP > 5 [ MP ] > 5 MK > 5 HP > 236 HK > 236 P P ', '', 'https://youtu.be/4_pbXDzCS5A', NULL, 162, '2019-05-12 04:57:39', 7261, 0, NULL, '', '', 'pass'),
(489, '214 LK MP > 66 > 2 LK > 2 MP > 2 MK > 2 HP > 9 > j. MK > j. HK > j. 9 > j. MP > j. HK > 5 LP > LP > 5 [ MP ] > 5 MK > 5 HP > 236 HK > 236 P P ', '', 'https://youtu.be/fLtERfcR6BM', NULL, 162, '2019-05-12 05:00:06', 7779, 0, NULL, '', '', 'pass'),
(490, '236 LK MP > ( 66 ) 2 MP > 2 HP > 9 > j. MK > j. HK > 2 LK > 2 MK > 9 > j. MP > dl. j. HK > 5 LP > 5 LP > 5 MP > 5 HP > 623 HP > 236 P P ', '', 'https://youtu.be/1b82k_hGQL0', NULL, 156, '2019-05-12 05:02:28', 8178, 0, NULL, '', '', 'pass'),
(491, '236 MK HP > ( 66 ) 2 MP > 2 HP > 9 > j. MK > j. HK > 2 LK > 2 MK > 9 > j. MP > dl. j. HK > 5 LP > 5 LP > 5 MP > 5 HP > 623 HP > 236 P P', '', 'https://youtu.be/K2v8pUAIyVY', NULL, 156, '2019-05-12 05:05:34', 8503, 0, NULL, '', '', 'pass'),
(492, '2 LK > 2 MK ~ 2 HP > 9 > j. HP > j. HK > j. 236 HK > (land) > 66 > 2 LK > 2 HP > 214 LK MP > 214 LP > 66 > 5 LP > 5 LP > 5 LP > 5 MP > 5 MP > 2 MK ~ 5 HP > 236 [ LP ] > 236 K K ', '', 'https://youtu.be/udeRyXFqVGI', NULL, 157, '2019-05-12 05:08:38', 9810, 0, NULL, '', '', 'pass'),
(493, '2 LK > 2 MK ~ 2 HP > 9 > j. HP > j. HK > j. 236 HK > j. 236 MK > (land) > 66 > 2 LK > 2 HP > 214 LK MP > 214 LP > 66 > 5 LP > 5 LP > 5 LP > 5 MP > 5 MP > 2 MK ~ 5 HP > 236 [ LP ] > 236 K K', '', 'https://youtu.be/v-iYZlMSah4', NULL, 157, '2019-05-12 05:10:24', 9622, 0, NULL, '', '', 'pass'),
(494, '236 LK MP > 2 MP > 2 HP > 9 > j. MK > j. HK > 2 LK > 2 MK > 9 > j. MP > dl. j. HK > 5 LP > 5 LP > 5 MP > 5 HP > 623 HP > 236 P P ', '', 'https://youtu.be/cX-aXvjVDZU', NULL, 156, '2019-05-12 05:15:58', 10681, 0, NULL, '', '', 'pass'),
(495, '2 M > 5 M > 9 > j. M > j. H > j. 2 H > H S > j. H > j. 9 > j. L > j. L > j. L > j. S > j. 214 M > A1 > (land) 9 > j. L > j. L > j. 2 H > j. L > j. L > j. 214 L > dl. A2 > (land) 9 > j. 214 S ~ L > M H > 66 > [ L M ] > 236 L M > A2 > 4 A1 ', 'Corner', 'https://youtu.be/0bay9JjCC-U', NULL, 20, '2019-05-13 03:08:18', 9083, 0, NULL, '1.17', 'Ikkisoad', 'pass'),
(496, '1 M > 5 M > 9 > j. M ~ j. L > j. L > j. 2 H > H S > j. L > j. M ~ j. L > j. 2 H > j. 9 > j. L > j. L > A1 ~ j. L > (land) H S > j. L > j. L ~ j. 2 H > j. 9 > j. L > j. L > j. S > j. 236 L M', '', 'https://youtu.be/CKl9vRFCoFA', NULL, 21, '2019-05-13 03:16:24', 5499, 0, NULL, '1.17', 'Ikkisoad', 'pass'),
(497, '1 M > 5 M > 9 > j. M ~ j. L > j. L > j. 2 H > H S > j. L > j. M ~ j. L > j. 2 H > j. 9 > j. L > j. L > A1 ~ j. L > (land) H S > j. L > j. M ~ j. L > j. 2 H > j. 9 > j. L > j. L > j. S > j. 236 L M', '', 'https://youtu.be/TGmiud5wD-0', NULL, 21, '2019-05-13 03:20:26', 5559, 0, NULL, '1.17', 'Ikkisoad', 'pass'),
(498, '5 M > 1 M > 5 H > 5 S ~ S > j. 236 M > j. L > j. L ~ j. 2 H > j. 9 > j. L > j. L > j. L > A1 > H S > j. L > j. L ~ > j. S > j. 236 L M ', 'Corner', 'https://youtu.be/3Elp0iBv7ng', NULL, 21, '2019-05-13 03:24:53', 5682, 0, NULL, '1.17', '', 'pass'),
(499, 'j. L > j. M > j. H > 5 M > 1 M > 5 H > 5 S ~ S > j. 236 M > j. L > j. L ~ j. 2 H > j. 9 > j. L > j. L > j. L > A1 > H S > j. L > j. L ~ > j. S > j. 236 L M', 'Corner', 'https://youtu.be/SY8GMKWmuWM', NULL, 21, '2019-05-13 03:26:59', 4592, 0, NULL, '1.17', '', 'pass'),
(500, 'j. MK > cr MK > qcb LK > dp HP ', '', '', NULL, 164, '2019-05-13 14:40:59', 66, 0, NULL, '', '', ''),
(501, '5 M M (1) > 236 L ~ 214 H S > 5 M > 9 >  j. M H L L  > (land) 9 > j. M > j. 2 S > j. H L L > (land) 9 >  j. M H L L > (land) 5 H > 214 S > 5 H > 2 M (1) > 2 L (whiff) > ) 214 S ( > [ L M ] > 236 L > 236 | 214 L M', 'Welcome to noonteen-seventy-five Aushtin Powersh and fazha\r\nSolo corner golden confirm.  8882 on 214LM', 'https://imgur.com/24DfPHn', NULL, 16, '2019-05-14 06:03:44', 7972, 0, NULL, '1.17', '', ''),
(502, '2 M > 5 M > 9 > j. M > j. 2 H > H S > j. M > j. 2 H > j. 9 > j. L > j. L > j. S > j. 236 | 214 S ~ L | M > A1 > 66 > 9 > j. L > j. L > j. L > j. 2 H > j. 9 > j. L > j. L > j. 236 | 214 S ~ L | M > j. 236 L M ', '', 'https://youtu.be/OfjnvEryNUo', NULL, 20, '2019-05-16 22:36:22', 5926, 0, NULL, '1.17', 'Ikkisoad', 'pass'),
(503, '2 M > 5 M > 9 > j. M > j. 214 M > L M H S > 5 L (whiff) > 5 L > 5 L > 2 8 > j. H > j. 9 > j. H > j. S > j. 214 M > A2 > 9 > j. H > j. H > j. S > A1 > j. 214 M > 9 > j. L > j. L > j. 2 H > j. 9 > j. L > j. L > j. 236 S ~ L > M H > 66 > 214 S > 236 L M > A2', '', 'https://youtu.be/UcMHBduzgyM', NULL, 20, '2019-05-16 22:43:01', 9622, 0, NULL, '1.17', 'Ikkisoad', 'pass'),
(504, '2 M > 5 M > 9 > j. M > j. 214 M > L M H S > 5 L (whiff) > 5 L > 5 L > 2 8 > j. H > j. 9 > j. H > j. S > j. 214 M > A2 > 9 > j. H > j. H > j. S > A1 > j. 214 M > 9 > j. M > j. 2 H > j. 9 > j. L > j. L > j. 236 S ~ L > M H > 66 > 5 H > A2 > 214 S > 236 L M > A2 > 4 A1 ', '', 'https://youtu.be/iN_y4tLm3sQ', NULL, 20, '2019-05-16 22:46:42', 9847, 0, NULL, '1.17', 'Ikkisoad', 'pass'),
(505, 'H S > j. M > j. L > j. L > j. 9 > j. L > j. L > j. S > j. 214 H > 66 > 5 L (whiff) > 5 L > 5 L > H S > j. H > j. 2 H > j. 9 > j. L > j. L > j. L > j. S > j. 236 | 214 S ~ L | M ', 'Close to Corner', 'https://youtu.be/l4KqUdkDAd4', NULL, 20, '2019-05-16 22:49:59', 3235, 0, NULL, '1.17', '', 'pass'),
(506, 'H S > j. M > j. L > j. L > j. 9 > j. L > j. L > j. S > j. 214 H > [ 66 ] > 5 M > 9 > j. M > j. 2 H > j. 9 > j. L > j. L > j. L > j. S > j. 236 | 214 S ~ L | M', 'Close to Corner', 'https://youtu.be/U6bDXKlnGq4', NULL, 20, '2019-05-16 22:52:10', 3107, 0, NULL, '1.17', '', 'pass'),
(507, '2 M > 5 M > 9 > j. M > j. 214 M > L M H S > 5 L (whiff) > 5 L > 5 L > 2 8 > j. M > j. H > j. 9 > j. H > j. S > j. 214 M > A2 > 9 > j. M > j. H > j. 9 > j. H > j. S > A1 > j. 214 M > 9 > j. L > j. L > j. 236 S ~ L > M H > 66 > [ L M ] > A2 > 214 S > 236 L M > A1 > 4 A2 ', 'Corner', 'https://youtu.be/XkG95LN49CQ', NULL, 20, '2019-05-17 05:54:39', 9969, 0, NULL, '1.17', 'Ikkisoad', 'pass'),
(508, '2 M > 5 M > 9 > j. M > j. 214 M > L M H S > 5 L (whiff) > 5 L > 5 L > 2 8 > j. M > j. H > j. 9 > j. H > j. S > j. 214 M > A2 > 9 > j. M > j. H > j. 9 > j. H > j. S > A1 > j. 214 M > 9 > j. L > j. L > j. 236 S ~ L > M H > 66 > [ L M ] > A2 > 214 S > 236 L M > A2 > 4 A1 ', 'Corner', 'https://youtu.be/wrbScyKuNLg', NULL, 20, '2019-05-17 05:57:04', 9970, 0, NULL, '1.17', 'Ikkisoad', 'pass'),
(509, '2 M > 5 M > j. M > j. H > j. S > j. 214 M > L M H S > 5 L (whiff) > 5 L > 5 L > 2 8 > j. L > j. M > j. H > j. 9 > j. L > j. M > j. H > j. S > j. 214 M > A1 > 2 8 > j. M > j. 2 H > j. 8 > j. L > j. M > j. 214 L > A2 > 236 9 S > M H > L M > 214 S > 236 L M > A1 > 4 A2 ', 'Corner. Can replace superjump with superdash', 'https://twitter.com/Khal_il_/status/1129587215225491456', NULL, 20, '2019-05-18 03:20:01', 10010, 0, NULL, '1.17', 'Khalil_', ''),
(510, '5 M M > 214 M > L M H S > 5 L (whiff) L L > 2 9 > dl. j. H S > 9 > j. S > 214 M > A2 > 5 L L L > 2 9 > dl. j. H S > 9 > j. S > 214 M > A1 > 9 > j. L L > 9 j. L L > 236 S ~ L > dl. M H > ( 66 ~ ) [ L M ] > 214 S > A1 ~ 236 L M > A2 > 4 A1', 'Oh hai Tod', 'https://imgur.com/r7VSj05', NULL, 20, '2019-05-18 05:58:49', 10108, 0, NULL, '1.17', '', ''),
(511, '2 M > 5 M > j. M > j. H > j. S > j. 214 M > L M H S > 5 L (whiff) > 5 L > 5 L > [ 9 ] > j. L > j. L > j. L > j. 9 > j. L > j. L > j. L > j. S > j. 214 M > A2 > 2 8 > j. M > j. 2 H > 9 > j. L > A1 > j. L > j. 214 L > (land) [ 8 ] ~ j. 236 S > dl. M H > (land) [ L M ] > A2 > 214 S > 236 L M > A2 > 4 A1 ', 'Corner', 'https://youtu.be/zGuIPukoqGY', NULL, 20, '2019-05-18 08:30:45', 10044, 0, NULL, '1.17', 'Khalil_', 'pass'),
(512, '5 M M > 214 M > L M H S > 5 L (whiff) L L > 2 9 > dl. j. H S > 9 > j. S > 214 M > A1 > 2 9 > j. H S > 9 > j. S > 214 M > A2 > 5 L L L > 9 > j. L L > 9 > j. L L > 236 S ~ L > dl. M H > ( 66 ~ ) [ L M ] > A1 ~ 214 S > 236 L M > A2 > 4 A1', 'Easier Tod route.  Needs sliiiiiightly more meter (not that it really matters at this scale).', 'https://imgur.com/gGRHlAr', NULL, 20, '2019-05-18 22:10:01', 10108, 0, NULL, '1.17', '', ''),
(513, '2 M > 5 M > 9 > j. M > j. 9 > j. M > j. S > j. 214 M > L M H S > 5 L (whiff) > 5 L > 5 L > 2 9 > j. M > j. S > j. 9 > j. M > j. S > j. 214 M > A2 > 2 8 > j. M > j. H > j. 2 H > j. 9 > j. L > A1 > j. L > j. 214 L > 8 > j. 236 S ~ L > M H > 66 > [ L M ] > A2 > 214 S > 236 L M > A2 > 4 A1 ', '', 'https://youtu.be/orztcW2WDSU', NULL, 20, '2019-05-21 05:51:05', 9912, 0, NULL, '1.17', 'Ikkisoad', 'pass'),
(514, '2 M > 5 M > j. M > j. H > j. S > j. 214 M > L M H S > 5 L (whiff) > 5 L > 5 L > [ 9 ] > j. L > j. L > j. L > j. 9 > j. L > j. L > j. L > j. S > j. 214 M > A2 > 2 8 > j. M > j. 2 H > 9 > j. L > A1 > j. L > j. 214 L > (land) [ 8 ] ~ j. 236 S ~ L > M H > 66 > [ L M ] > A2 > 214 S > 236 L M > A2 > 4 A1 ', 'Corner', 'https://youtu.be/W-QXAr_yuWQ', NULL, 20, '2019-05-21 05:56:32', 10131, 0, NULL, '1.17', 'Ikkisoad', 'pass'),
(515, '2 M > 5 M > 9 > j. M > j. H > j. S > j. 214 M > L M H S > 5 L (whiff) > 5 L > 5 L > [ 9 ] > ( dl. for smalls ) > j. L > j. L > j. L > j. 9 > j. L > j. L > j. L > j. S > A1 > j. 214 H > (land) 9 > j. L > j. L > j. 2 H > j. 9 > j. L > j. L > j. 236 S ~ L > M H > 66 > [ L M ] > 214 S > 236 L M > A2 > 4 A1 ', 'Corner', 'https://youtu.be/gKy49pzVXXU', NULL, 20, '2019-05-21 06:29:09', 10044, 0, NULL, '1.17', 'Ikkisoad', 'pass'),
(517, '2 M > 5 H > 236 S > L M H S > 2 M > 5 S > 5 H > j. H > j. S > 66 > j. H > 5 L > 5 H > 5 S > j. H > 66 > j. H > 214 M > A1 > 5 L L L > Side Switch > 236 S [ 7 ] > 3 S > 214 H S > (land) > 66 > [ L M ] > 236 M > A1 > 236 L M  ', 'Corner only, 0-bar start TOD with 1 Beam Assist.', '', NULL, 479, '2019-05-27 05:02:07', 10092, 0, NULL, '1.17', 'Palaxiiusq', ''),
(518, 'j. B > 4 A > 5 A > 2 A > 2 B > 623 B > 41236 C (whiff) > 2 2 B ( A B C A B C C B 236 A ) ', 'Basic Combo using 236C on whiff', 'https://www.youtube.com/watch?v=9x6stULqzjg', NULL, 313, '2019-05-29 18:27:22', 180, 0, NULL, '', '', ''),
(519, '2 M > 5 M > 5 H > 214 S > dl. 2 M > [ 4 ] > dl. 2 M > 5 M > 1 S > H S > j. M > j. L > j. 9 > j. L > j. L > j. 236 S > 236 L M ', 'Corner only', 'https://youtu.be/j_n2lofpto4', NULL, 16, '2019-06-01 03:27:26', 5601, 0, NULL, '1.17', '', 'pass'),
(520, '5 M > 2 M > 5 S > 214 M > [ 4 ] > 5 L > 5 L > 5 L > 2 9 > j. L > j. L > j. L > j. 2 H > j. 9 > j. L > j. L > j. L > j. S > j. 214 | 236 S ~ M > 236 L M ', 'Corner only', 'https://youtu.be/XRCbPVxP5ew', NULL, 20, '2019-06-01 07:29:03', 5689, 0, NULL, '1.17', 'Ikkisoad', 'pass'),
(521, '5 M > 2 M > dl. 5 S > 5 H > dl. H S > j. M > dl. j. H > 9 > j. L > j. L > j. L > j. 2 H > j. 9 > j. L > j. L > j. L > j. S > j. 236 | 214 S ~ M > 236 L M ', 'Close to Corner', 'https://youtu.be/IOeAWj7h29k', NULL, 20, '2019-06-01 07:32:00', 5684, 0, NULL, '1.17', '', 'pass'),
(522, '[ L M ] > j. M > j. L > j. 2 H > 9 > j. L > j. L > j. S > j. 236 | 214 S ~ L | M > 236 L M ', '', 'https://youtu.be/pnBKfGGCHko', NULL, 20, '2019-06-01 07:34:58', 3809, 0, NULL, '1.17', '', 'pass'),
(523, 'j. H > 5 M > 2 M > 5 S > 214 M > [ 4 ] > 5 L > 5 L > 5 L > 2 9 > j. L > j. L > j. L > j. 2 H > j. 9 > j. L > j. L > j. L > j. S > j. 214 | 236 S ~ M > 236 L M', 'Corner', 'https://youtu.be/iZAKitxrkTo', NULL, 20, '2019-06-01 07:38:09', 4871, 0, NULL, '1.17', '', 'pass'),
(524, 'j. H > 5 L > 5 L > 5 M > 2 M > 5 S > 214 M > [ 4 ] > 5 L > 5 L > 5 L > 2 9 > j. L > j. L > j. L > j. 2 H > j. 9 > j. L > j. L > j. L > j. S > j. 214 | 236 S ~ M > 236 L M', 'Corner', 'https://youtu.be/XF2jEdTeb8Q', NULL, 20, '2019-06-01 07:40:32', 4909, 0, NULL, '1.17', '', 'pass'),
(525, '2 M > 5 M > 9 > j. M > j. 9 > j. M > j. H > L M H S > (land) 66 > 5 L > 5 L > 5 L > H S > j. M > j. S > j. 66 > j. L > j. L > j. S > j. 214 M > [ M H ] > j. M > j. S > j. 66 > j. L > j. L > j. 236 | 214 S ~ L | M > 236 L M ', '', 'https://youtu.be/9I-GeM4GGFQ', NULL, 20, '2019-06-01 07:44:22', 6532, 0, NULL, '1.17', 'Ikkisoad', 'pass'),
(526, '[ L M ] > j. M > j. L > j. 9 > j. L > j. L > j. 236 S > 236 L M ', '', 'https://youtu.be/7Qi31X2tUAc', NULL, 16, '2019-06-01 07:47:21', 3637, 0, NULL, '1.17', '', 'pass'),
(527, '2 M > 5 M > 3 S > 236 L > L M H S > dl. 66 > 2 M > 9 6 > j. M > dl. 5 M > 5 H > dl. H S > j. 66 > j. M > 5 L > 3 S > H S > j. M > j. L > j. 9 > j. L > j. L > j. 236 S > 214 L M ', '', 'https://youtu.be/tWdNsJ4bQJY', NULL, 16, '2019-06-01 07:50:51', 7410, 0, NULL, '1.17', 'Ikkisoad', 'pass'),
(528, '2 M > 5 M > 3 S > 236 L > L M H S > dl. 66 > 2 M > 9 6 > j. M > (land) 9 > j. M ~ j. 2 S > j. 66 > j. M > 5 L > 5 H > H S > j. M > j. L > j. 9 > j. L > j. L > j. 236 S > 214 L M', '', 'https://youtu.be/R7oECT5BeWM', NULL, 16, '2019-06-01 07:53:32', 7419, 0, NULL, '1.17', 'Ikkisoad', 'pass'),
(529, '2 H > H S > j. M > j. L > j. 2 S > j. 66 > j. L > j. L > j. 2 S > j. 66 > j. L > j. L > j. 236 S > M H > 66 > 2 M > 5 M > 9 > j. M > j. 9 > j. M > j. 236 S > j. 236 L M ', '', 'https://youtu.be/f-qDO2hZ2VI', NULL, 16, '2019-06-01 07:56:41', 7262, 0, NULL, '1.17', '', 'pass'),
(530, '[ 5 S ] > [ M H ] > j. 2 S > j. 66 > j. M > (land) 9 > j. L > j. L > dl. j. H > j. L > (land) 5 H > H S > j. M > j. 2 S > j. 66 > j. L > j. L > j. 2 S > j. 66 > j. L > j. L > j. 236 S > j. 236 L M ', '', 'https://youtu.be/jTijMJW1mO4', NULL, 16, '2019-06-01 07:59:48', 4564, 0, NULL, '1.17', 'Ikkisoad', 'pass'),
(531, '[ 5 S ] > [ M H ] > j. M > j. 66 > j. L > j. L > dl. j. H > j. L > (land) 5 H > H S > j. M > j. 2 S > j. 66 > j. L > j. L > j. 2 S > j. 66 > j. L > j. L > j. 236 S > j. 214 L M', '', 'https://youtu.be/KlXHY6M7gts', NULL, 16, '2019-06-01 08:03:24', 5351, 0, NULL, '1.17', 'Ikkisoad', 'pass'),
(532, '[ L M ] > j. L > j. M ~ j. L > j. 2 H > j. 9 > j. L > j. L > j. L > dl. j. 236 L M ', '', 'https://youtu.be/UJHP6SmKqUQ', NULL, 21, '2019-06-01 08:05:25', 3682, 0, NULL, '1.17', '', 'pass'),
(533, '[ L M ] > j. M ~ j. H > j. 9 > j. L > j. L > dl. j. S > j. 236 M > dl. M H > (land) 66 > 5 L (whiff) > 5 L > 5 L > H S > j. M ~ j. L > j. L > j. 9 > j. L > j. L ~ j. L ', '', 'https://youtu.be/VKQSTMWCvlU', NULL, 21, '2019-06-01 08:07:44', 3844, 0, NULL, '1.17', 'Ikkisoad', 'pass'),
(534, 'j. L > j. M ~ j. H > 5 L > 5 L > 1 M > 5 M > 9 > j. M ~ j. L > j. L > j. 2 H > H S > j. L > j. M ~ j. L > j. 2 H > j. 9 > j. L > j. L > j. L > dl. A1 > (land) H S > j. M ~ j. L > j. 9 > L > j. L ~ j. S > j. 236 L M ', '', 'https://youtu.be/NA65xozazJE', NULL, 21, '2019-06-01 08:10:43', 4557, 0, NULL, '1.17', 'Ikkisoad', 'pass'),
(535, '236 S > M H > 66 > 2 M > 5 M > 1 S > H S > j. M > j. L > j. 9 > j. L > j. L > j. 2 S > j. 2 H ', '', '', NULL, 16, '2019-06-01 18:07:58', 2900, 0, NULL, '1.17', '', 'pass'),
(536, '5 M > 2 M > 5 S > 214 M > [ 4 ] > 5 L > 5 L > 5 L > H S > j. L > dl. j. L > j. L > j. 2 H > j. 9 > j. L > j. L > j. L > j. S > j. 214 | 236 S ~ M > 236 L M', 'Corner only', '', NULL, 20, '2019-06-01 19:30:40', 5686, 0, NULL, '1.17', '', 'pass'),
(537, '5 M > 2 M > 5 S > 214 M > [ 4 ] > 5 L > 5 L > 5 L > 2 9 > j. L > j. L > j. L > j. 2 H > j. 9 > j. L > j. L > j. L > j. S > j. 214 S ~ M > 236 L M', 'Corner only', '', NULL, 20, '2019-06-01 19:31:59', 5659, 0, NULL, '1.17', '', 'pass'),
(538, '5 M > 2 M > 5 S > 214 M > [ 4 ] > 5 S > 5 H > dl. H S > j. M > dl. j. H > (land) 2 9 > j. L > j. L > j. L > j. 2 H > j. 9 > j. L > j. L > j. L > j. S > j. 236 | 214 S ~ M > 236 L M ', 'Corner only', 'https://youtu.be/961dfDSbz2w', NULL, 20, '2019-06-02 04:13:37', 5906, 0, NULL, '1.17', '', 'pass'),
(539, '2 M > 5 M > 9 > j. M > j. H > j. S > j. 214 M > L M H S > 5 L (whiff) > 5 L > 5 L > [ 9 ] > dl. j. L > j. L > j. L > j. 9 > j. L > j. L > j. L > j. S > j. 214 H > A2 > 2 8 > j. M > j. 2 H > j. 9 > j. L > j. L > j. 236 S ~ L > M H > 66 > [ L M ] > 214 S > 236 L M > A2 > 4 A1 ', 'Corner', 'https://youtu.be/V6R8GPdsEQM', NULL, 20, '2019-06-02 06:44:44', 10146, 0, NULL, '1.17', 'Ikkisoad', 'pass'),
(540, '2 M > 5 M > 9 > j. M > j. L > j. 9 > j. L > j. L > j. L > A1 > (land) 5 H > dl. H S > j. 66 > j. M > (land) 5 L > 3 S > H S > j. M > j. L > j. 9 > j. L > j. L > j. 236 S > j. 236 L M ', '', 'https://youtu.be/3h2LFj7CRBg', NULL, 16, '2019-06-02 06:48:35', 5853, 0, NULL, '1.17', 'Ikkisoad', 'pass'),
(541, '2 M > 5 M > 1 S > H S > j. M > j. L > j. 9 > j. L > j. L > j. L > A1 > (land) 1 S > H S > j. M > j. 2 S > j. 2 H ', '', 'https://youtu.be/lxhN6M9GOfg', NULL, 16, '2019-06-02 06:50:50', 4572, 0, NULL, '1.17', 'Ikkisoad', 'pass'),
(542, '2 M > 5 M > 9 > j. M > j. L > j. 9 > j. L > j. L > j. L > A1 > (land) 5 H > H S > j. M > j. L > j. 9 > j. L > j. L > j. 2 H ', '', 'https://youtu.be/sTyrQrgs0bw', NULL, 16, '2019-06-02 06:52:49', 4717, 0, NULL, '1.17', 'Ikkisoad', 'pass'),
(543, '2 M > 5 M > 9 > j. M > j. L > j. 9 > j. L > j. L > j. L > A1 > 1 S > H S > j. M > j. L > j. 9 > j. L > j. L > j. 2 S > j. 2 H ', '', 'https://youtu.be/t6NpfEy9Hic', NULL, 16, '2019-06-02 06:54:50', 5125, 0, NULL, '1.17', 'Ikkisoad', 'pass'),
(544, '214 S > 5 S x2 > [ 9 ] > dl. j. 66 > j. M > (land) 5 L > 5 H > H S > j. M > j. L > j. 9 > j. L > j. L > j. 2 S > j. 2 H ', '', 'https://youtu.be/hR0BbThVFTo', NULL, 16, '2019-06-02 06:56:45', 2692, 0, NULL, '1.17', 'Ikkisoad', 'pass'),
(545, '214 S > 5 S x2 > [ 9 ] > dl. j. 66 > j. M > (land) 5 L > 5 H > dl. H S > j. 66 > j. M > (land) 5 L > 3 S > H S >  j. M > j. L > j. 9 > j. L > j. L > j. 236 S > j. 236 L M', '', 'https://youtu.be/K5CWsF4R8cU', NULL, 16, '2019-06-02 06:58:48', 3616, 0, NULL, '1.17', 'Ikkisoad', 'pass'),
(546, '214 S > 5 S x2 > [ 9 ] > dl. j. 66 > j. M > (land) 5 L > 5 H > dl. H S > j. 66 > j. M > (land) 5 L > 3 S > H S > j. M > j. L > j. 9 > j. L > j. L > j. 236 S > j. 236 L M', '', 'https://youtu.be/Wn0ry8B0hwo', NULL, 16, '2019-06-02 07:01:08', 3651, 0, NULL, '1.17', 'Ikkisoad', 'pass'),
(547, '214 S > 5 S x2 > 66 > 2 M > dl. 5 M > 5 H > dl. H S > j. 66 > j. M > (land) 5 L > 3 S > H S > j. M > j. L > 9 > j. L > j. L > j. 236 S > j. 236 L M ', '', 'https://youtu.be/1m5vrPS8i1k', NULL, 16, '2019-06-02 07:03:24', 3661, 0, NULL, '1.17', 'Ikkisoad', 'pass'),
(548, '2 M > 5 M > 9 > j. M > j. L > 9 A1 > j. L > j. L ~ j. L > (land) 2 H > H S > j. M > j. L > j. 9 > j. L > j. L > j. 236 S > j. 236 L M ', '', 'https://youtu.be/M8sTSsmcgrs', NULL, 16, '2019-06-02 07:05:23', 5279, 0, NULL, '1.17', 'Ikkisoad', 'pass'),
(549, '5 L (whiff) > 5 L (whiff) > 5 L > 2 9 > j. M > j. L > j. 9 > j. L > j. L > j. 2 S > 2 H ', '', 'https://youtu.be/hRIDtSmxb14', NULL, 16, '2019-06-02 07:07:08', 2980, 0, NULL, '1.17', 'Ikkisoad', 'pass'),
(550, '6 B > 2 C > 623 C > 214 B > 5 D D > 4 D D > 2 D D > j. 5 D D > j. 6 D D > j. 5 D D > jc > j. 6 D D > j. 5 D D > j. 6 D D > j. 214 D', 'Good Punish Combo. Simple and easy', '', NULL, 285, '2019-06-02 12:56:35', 4104, 0, NULL, '', 'Dustloop', ''),
(551, '2 B > 3 C > 623 C > 214 C > 5 C > 6 C > 66 > 5 B > 6 A > 6 C > 66 > 3 C > 236 D > 214 D ~ C > 3 C > 236 D > 214 A > 6 C > 236 [ D ]', 'Good Corner Carry', '', NULL, 285, '2019-06-02 12:59:49', 3610, 0, NULL, '', 'Dustloop ', ''),
(552, '2 A > 2 B > 6 B > 3 C > 236 D > 214 B > 5 D D > 4 D D > 2 D D > j. 5 D D > j. 6 D D > j. 5 D D > JC > j. 5 D D > j. 6 D D > j. 5 D D > j. 214 D', 'Good starter from one of Nu\'s fastest moves', '', NULL, 285, '2019-06-02 13:03:40', 2813, 0, NULL, '', 'Dustloop ', ''),
(553, '6 A > 5 C > 623 C > 214 B > 5 D D > 4 D D > 2 D D > j. 5 D D > j. 6 D D > j. 5 D D > JC > j. 6 D D > j. 5 D D > j. 6 D D > j. 214 D', '6A anti air, drive route which is burst safe', '', NULL, 285, '2019-06-02 13:06:46', 3764, 0, NULL, '', 'Dustloop ', ''),
(554, '4 D D > 236 D > 214 D ~ C > (microdash) 6 B > 623 C > (microdash) 6 B > 6 A > 6 C > 236 [ D ] > 5 C > 3 C > 236 D > 214 A > 6 C > 236 [ D ]', 'Corner combo off drive. Go backstabby ', '', NULL, 285, '2019-06-02 13:10:20', 3211, 0, NULL, '', 'Dustloop ', ''),
(555, '5 A > 5 B > 214 A > 2 B > 236 B > 5 C > OD > 5 C > 214 A > 623 A > 5 C > EA', '5A starter', '', NULL, 284, '2019-06-02 13:29:07', 0, 0, NULL, '', '', ''),
(556, '5 C > 3 C > 236 [ A ] > 5 A > 5 B > 6 A > 6 C > 8 j. 2 C > j. 6 D > 236 [ A ] ~ D > ( 6 B > 5 C > 3 C (1) > 236 [ A ] ) x2 > 5 C =>2 2 B ', 'Basic BNB, works off 5C and 3C', '', NULL, 298, '2019-06-02 13:33:58', 0, 0, NULL, '', '', ''),
(557, 'Throw > 236 [ D ] > 5 D D > 4 D D > 2 D D > j. 5 D D > j. 6 D D > j. 5 D D > jc > j. 2 D D > j. 5 D D > j. 6 D D > j. 214 D', 'Basic Bread and Butter, hard to burst', '', NULL, 285, '2019-06-02 13:34:34', 3096, 0, NULL, '', 'Dustloop', ''),
(558, 'Air Throw > 6 D > 2 D D > iAD j. B > jC > 623 C > 214 B > 2 D D > 6 D > 2 D D > j. 5 D D > j. 6 D D > jc > j. 5 D D > j. 214 D', 'Scream ', '', NULL, 285, '2019-06-02 13:37:12', 3145, 0, NULL, '', 'Dustloop', ''),
(559, '5 B > 5 C > 3 C > 214 A . 6 623 C > (whiff) j. 2 C > 66 . 3 C > 214 D  > 66 . ( 5 B / 2 C ) > 236 B > 236 B > 236 B > 66 . 214 A . 8 A > 66 . 5 C > 623 D', 'Player in corner', 'https://gfycat.com/thirdvacantclingfish-alternativeroute-cornercarry-blazblue', NULL, 303, '2019-06-02 13:39:15', 3566, 0, NULL, '', '', ''),
(560, '1 M > 5 M > 9 > j. M ~ j. L > j. L > j. 2 H > H S > j. L > j. M > j. L > j. 2 H > j. 9 > j. L > j. L > j. L > A1 > j. L M ~ A1 -> (land) 9 6 > j. L > j. H > (land) 9 > j. H > j. S > j. 236 H > j. L > j. L ~ j. 2 H > j. 9 > j. L > j. L > j. L -> (land) 9 6 > j. L > j. H > (land) 9 > j. H > j. S > j. 236 M > A2 > j. L > j. L ~ j. 2 H > H S > j. L > j. M ~ j. L > j. 2 H > j. 9 > j. L > j. L > j. L ', 'Corner', 'https://youtu.be/xwkeZLElAPQ', NULL, 21, '2019-06-02 22:16:53', 4000, 2, NULL, '1.17', '', 'pass'),
(561, '214 S > 5 S x2 > 66 > 2 L (whiff) > 2 M > 5 M > 5 H > dl. H S > j. 66 > j. M > (land) 5 L > 3 S > H S > j. M > j. L > j. 9 > j. L > j. L > j. 236 S > j. 236 L M ', '', 'https://youtu.be/03pyAsk0EPY', NULL, 16, '2019-06-02 22:21:04', 3696, 0, NULL, '1.17', '', 'pass'),
(562, '5 [ S ] > A1 > 214 S > 5 S x2 > 66 > 2 L (whiff) > 2 M > 5 M > 5 H > H S > j. M > j. L > j. 9 > j. L > j. L > j. 236 S > j. 236 L M', '', 'https://youtu.be/Dgu5g2IzAkI', NULL, 16, '2019-06-02 22:23:36', 3496, 0, NULL, '1.17', '', 'pass'),
(563, '5 M > 2 M > 5 H > dl. H S > j. 66 > M > (land) 5 L > 3 S > H S > j. M > j. L > j. 9 > j. L > j. L > j. 236 S > j. 236 L M ', '', 'https://youtu.be/2SEr_ZOf_bI', NULL, 16, '2019-06-02 22:25:59', 5119, 0, NULL, '1.17', '', 'pass'),
(564, '214 S > 5 S x2 > 66 > 2 L (whiff) > 2 M > 5 M > 5 H > H S > j. M > j. L > j. 9 > j. L > j. L > j. 2 S > j. 2 H ', '', 'https://youtu.be/WOHwT42BgTA', NULL, 16, '2019-06-02 22:37:36', 2737, 0, NULL, '1.17', '', 'pass'),
(565, '2 M > 5 M > 9 > j. M > j. 2 H > dl. 9 > j. L > j. L > j. S > j. 214 L > j. L > j. L > j. S > dl. H S > j. M > j. S > j. 214 L > j. L > j. L > j. S > dl. > j. 236 M > 236 L M ', 'Corner', 'https://youtu.be/VjKSR8W3jcU', NULL, 17, '2019-06-03 06:40:35', 5715, 0, NULL, '1.17', '', 'pass'),
(566, '5 S > A1 > 66 > 9 > j. L > j. L > j. L > j. 2 H > H S > j. M > j. 2 H > j. 9 > j. L > j. L > j. 236 | 214 S ~ L | M > 236 L M ', '', 'https://youtu.be/RcpJQhi-GfQ', NULL, 20, '2019-06-03 07:23:03', 3982, 0, NULL, '1.17', '', 'pass'),
(567, '5 M > 2 M > 3 S > dl. 2 H > H S > j. M > j. L > j. L > j. 9 > j. L > j. L > j. 236 S > j. 236 L M ', '', 'https://youtu.be/1bsbUZkKpQ0', NULL, 16, '2019-06-03 07:25:13', 5022, 0, NULL, '1.17', '', 'pass'),
(568, '214 H > 66 > 5 L > 5 L > 5 L > H S > j. L > j. M ~ j. L > j. 2 H > j. 9 > j. L > j. L > j. S > j. 236 M ', '', 'https://youtu.be/dPpnCY_5gys', NULL, 21, '2019-06-03 07:26:46', 3495, 0, NULL, '1.17', '', 'pass'),
(569, '3 M > 2 M > A1 > 2 M > 66 > 9 > j. M ~ j. L > j. L > j. 2 H > H S > j. L > j. M ~ j. L > j. 2 H > j. 9 > j. L > j. L > j. L > j. 236 L M ', '', 'https://youtu.be/toiWDCUT2LY', NULL, 21, '2019-06-03 07:28:37', 3767, 0, NULL, '1.17', '', 'pass'),
(570, '3 M > A1 > 66 > 9 > j. M ~ j. L > j. 2 H > H S > j. L > j. M ~ j. L > j. 2 H > j. 9 > j. L > j. L > j. L > j. 236 L M ', '', 'https://youtu.be/tPQ1s8U5CoM', NULL, 21, '2019-06-03 07:30:33', 3645, 0, NULL, '1.17', '', 'pass'),
(571, 'j. L > j. S > j. 236 H > j. M > j. L > j. 2 H > j. 9 > j. L > j. L > j. S > j. 236 S ', 'Fuzzy', 'https://youtu.be/hPrijkGmQQI', NULL, 21, '2019-06-03 07:32:00', 3538, 0, NULL, '1.17', '', 'pass'),
(572, 'j. L > j. S > j. 236 H > j. M ~ j. L > j. 2 H > j. 9 > j. L > j. L > j. L ', 'Fuzzy', 'https://youtu.be/GJCBEYG8Kik', NULL, 21, '2019-06-03 07:33:10', 3410, 0, NULL, '1.17', '', 'pass'),
(573, '5 M > 9 > j. M > j. H > j. 66 > j. L > j. M > j. H > 5 L > 5 L > 5 M > 2 M > 5 H > 5 S ~ S > j. 236 M > j. L > j. L ~ j. 2 H > j. 9 > j. L > j. L > j. S > j. 236 H > M H > 236 S > [ M H ] > j. [ L M ] > (land) 214 L M ', 'Corner\r\nWorks only on Xtra Large characters, A16, Broly and Cooler.', 'https://youtu.be/RIXr56k88zI', NULL, 21, '2019-06-07 06:35:28', 9074, 0, NULL, '1.17', 'Ikkisoad', 'pass'),
(574, '5 L > 5 L > 2 M > 5 M > 5 S > 5 H > 2 H > 236 L ', '', 'https://youtu.be/9FLuyFx1kg0', NULL, 16, '2019-06-07 06:39:09', 0, 1, NULL, '1.17', '', 'pass'),
(575, '1 M > 5 M > 9 > j. H > L M H S > 66 > 214 M > 66 > 5 L > 5 L > 5 L > H S > j. L > j. M ~ j. L > j. 2 H > 9 > j. L > j. L > j. S > j. 236 H > j. L M', '', 'https://youtu.be/RC9QikobqAE', NULL, 21, '2019-06-07 06:41:28', 6189, 0, NULL, '1.17', '', 'pass'),
(576, '5 L (whiff) > 5 L > 9 > j. H > j. 236 M > [ M H ] > j. H > j. 66 > j. H > j. S > (land) 1 M > 5 M > 214 H > 1 M > 5 M ~ 5 H > 5 S ~ S > j. 236 M > j. L > j. L > j. S > j. 66 > j. L > j. L ~ j. S > j. 236 H > M H > (land) 236 S > 214 L M ', 'Xtra Large chars only', 'https://twitter.com/fenritti/status/1122869146054578176', NULL, 21, '2019-06-07 16:16:24', 10010, 0, NULL, '1.17', 'fenritti', 'pass_fenritti'),
(577, '2 M > 5 M > 9 > j. M > j. 9 > j. M > j. 214 M > L M H S > 5 L (whiff) > 5 L > 5 L > H S > j. L > j. L > j. 2 H > j. 9 > j. L > j. L > j. L > j. S > j. 214 M > A2 > 2 8 > j. M > j. 2 H > j. 9 > j. L > A1 > j. L > j. 214 L > [ 8 ] > j. 236 S ~ L > M H > [ L M ] > A2 > 214 S > 236 L M > A2 > 4 A1 ', '', 'https://youtu.be/paJkJSQfR7w', NULL, 20, '2019-06-14 21:18:36', 10128, 0, NULL, '1.17', 'Ikkisoad', 'pass'),
(578, '5 M > 2 M > 214 M > L M H S > 5 L (whiff) > 5 L > 5 L > 2 9 > dl. j. M > j. S > 9 > j. M > j. S > j. 214 M > A2 > 2 8 > j. M > j. 2 H > j. 9 > j. L > A1 > j. L > j. 214 L > (land) 9 > j. L > j. L > j. 2 H > j. 9 > j. L > j. L > j. 236 S ~ L > M H > 66 > [ L M ] > A2 > 214 S > 236 L M > A2 > 4 A1 ', '', 'https://youtu.be/la2J8eQ1DE4', NULL, 20, '2019-06-14 21:23:59', 9964, 0, NULL, '1.17', 'Ikkisoad', 'pass'),
(579, '5 M > 2 M > 5 S > 214 M > [ 4 ] > 5 S > 5 H > dl. H S > j. M > dl. j. H > (land) 2 9 > j. L > j. L > j. L > j. 2 H > j. 9 > j. L > j. L > j. L > j. 236 S ~ L > M H > 66 > [ L M ] > 214 S > 214 L M ', 'Corner', 'https://youtu.be/B7Q9QP0vTRw', NULL, 20, '2019-06-15 18:33:50', 7239, 0, NULL, '1.17', '', 'pass'),
(580, '5 L > 5 L > A1 > 2 M > 5 M > H S > dl. j. M > (land) 5 M > 5 H > 214 L ', '', 'https://youtu.be/IyZL0OZ0P0o', NULL, 20, '2019-06-15 18:38:52', 0, 1, NULL, '1.17', '', 'pass'),
(581, '5 M > 2 M > 5 S > 214 M > L M H S > 5 L (whiff) > 5 L > 5 L > 2 9 > dl. j. M > j. S > j. 9 > j. M > j. S > j. 214 M > A2 > 2 8 > j. M > j. S > j. 9 > j. M > A1 > j. S > (land) 9 > j. L > j. L > j. 236 S ~ L > M H > 66 > [ L M ] > A2 > 214 S > 236 L M > A2 > 4 A1 ', '', 'https://youtu.be/qvI9Fb_wzxE', NULL, 20, '2019-06-15 18:45:22', 9978, 0, NULL, '1.17', '', 'pass'),
(582, '2 H > L M H S > 5 L (whiff) > 5 L > 5 L > 2 9 > dl. j. M > j. S > j. 9 > j. M > j. S > A2 > 2 9 > j. M > j. S > j. 9 > j. M > A1 > j. S > j. 214 M > (land) 9 > j. L > j. L > j. 2 H > j. 9 > j. L > j. L > j. 236 S ~ L > M H > 66 > [ L M ] > A2 > 214 S > 236 L M > A2 > 4 A1 ', '', 'https://youtu.be/Xa07Dpng6II', NULL, 20, '2019-06-15 18:48:17', 10018, 0, NULL, '1.17', 'Ikkisoad', 'pass'),
(583, '5 M > 2 M > 5 S > 214 M > L M H S > 5 L (whiff) > 5 L > 5 L > 2 9 > dl. j. M > j. S > j. 66 > j. L > j. L > j. S > j. 214 M > A2 > 2 8 > j. M > j. S > j. 9 > j. M > A1 > j. S > (land) 9 > j. L > j. L > j. 236 S ~ L > M H > 66 > [ L M ] > A2 > 214 S > 236 L M > A2 > 4 A1', 'Midscreen to corner', 'https://youtu.be/y21AMdFVr2Q', NULL, 20, '2019-06-15 18:52:35', 10053, 0, NULL, '1.17', 'Ikkisoad', 'pass'),
(584, '2 M > 5 M > 9 > j. M > j. 214 M > L M H S > 5 L (whiff) > 5 L > 5 L > 2 9 > dl. j. M > j. S > j. 9 > j. M > j. S > j. 214 M > A2 > 2 8 > j. M > j. S > j. 9 > j. M > A1 > j. S > (land) 9 > j. L > j. L > j. 236 S ~ L > M H > 66 > [ L M ] > A2 > 214 S > 236 L M > A2 > 4 A1', '', 'https://youtu.be/T9SwXfmlsWs', NULL, 20, '2019-06-15 18:56:26', 10058, 0, NULL, '1.17', 'Ikkisoad', 'pass'),
(585, '5 M > 2 M > 5 S > 214 M > [ 4 ] > 5 L > 5 L > 5 L > L M H S > 5 L (whiff) > 5 L > 5 L > 2 8 > j. H > j. 2 H > j. 9 > j. L > j. L > j. L > j. S > A2 > 2 8 > j. M > j. 2 H > j. L > A1 > j. L > j. 214 L > (land) [ 8 ] > j. 236 S ~ L > M H > 66 > [ L M ] > A2 > 214 S > 236 L M > A2 > 4 A1 ', 'Corner', 'https://youtu.be/rSwxtRTPRy0', NULL, 20, '2019-06-15 19:01:54', 10139, 0, NULL, '1.17', 'Ikkisoad', 'pass'),
(586, '5 M > 2 M > 5 S > 214 M > [ 4 ] > 5 L > 5 L > 5 L > L M H S > 5 L (whiff) > 5 L > 5 L > 2 8 > j. H > j. 2 H > j. 9 > j. L > j. L > j. L > j. S > A2 > 2 8 > j. M > j. 2 H > j. L > A1 > j. L > j. 214 L > (land) [ 8 ] > j. 236 S ~ L > M H > 66 > [ L M ] > A2 > 214 S > 236 L M > A2 > 4 A1', 'Corner', 'https://youtu.be/-Iu0eElG6AQ', NULL, 20, '2019-06-15 19:04:31', 10215, 0, NULL, '1.17', 'Ikkisoad', 'pass'),
(587, '5 M > 9 > j. M ~ j. H > j. 66 > j. H > (land) 5 L > 5 L > 2 M > 9 6 > j. M > (land) 9 > j. M > j. 2 S > j. 66 > j. M > (land) 5 L > 5 H > H S > j. M > j. L > j. 9 > j. L > j. L > j. L > dl. M H > (land) 66 > 236 S > [ M H ] > [ L M ] > 214 L M ', 'XL Chars and Corner only', 'https://youtu.be/Q-cmoG4dcpk', NULL, 16, '2019-06-15 19:09:48', 8828, 0, NULL, '1.17', 'Ikkisoad', 'pass'),
(588, '2 M > 5 M > 9 > j. M > j. L > j. 2 H > H S > j. M > j. L > j. 2 H > j. 9 > j. L > j. L > j. L > (land) 236 L M ', '', 'https://youtu.be/tHfqK18iiGg', NULL, 12, '2019-06-15 20:22:59', 4742, 0, NULL, '1.17', '', 'pass'),
(589, '2 M > 5 M > 9 > j. M > j. L > j. 9 > j. L > j. L > j. L > A1 > (land) 66 > 2 9 > j. M > j. L > j. 2 H > H S > j. M > j. L > j. 2 H > j. 9 > j. L > j. L > j. L > (land) 236 L M ', '', 'https://youtu.be/ZuGN9jZG16Q', NULL, 12, '2019-06-15 20:27:46', 5449, 0, NULL, '1.17', '', 'pass'),
(590, '5 M > 9 > j. M > j. H > j. 66 > j. L > j. M > j. H > 5 L > 5 L > 5 M > 2 M > 5 H > 5 S ~ S > j. 236 M > j. L > j. L ~ j. 2 H > j. 9 > j. L > j. L > j. S > j. 236 H > M H > 236 S > [ M H ] > j. [ L M ] > j. 236 L M ', 'XL Chars and Corner only', 'https://youtu.be/kdYufxj5ZVw', NULL, 21, '2019-06-15 20:30:32', 8179, 0, NULL, '1.17', 'Ikkisoad', 'pass'),
(591, '236 H > j. M ~ j. L > j. 2 H > j. 9 > j. L > j. L > j. S > 236 ~ A1 ~ L > 9 > j. M ~ j. L > j. L > j. 2 H > j. 9 > j. L > j. L > j. S > j. 236 M ', '', 'https://youtu.be/kSAxqFqAS5c', NULL, 21, '2019-06-15 20:33:20', 4470, 0, NULL, '1.17', '', 'pass'),
(592, '1 M > 5 M > 9 > j. M ~ j. L > j. L > j. 9 > j. L > j. L > j. S > dl. j. 236 ~ A1 ~ L > (land) 5 L (whiff) > 5 L > 9 > j. L > j. M ~ j. L > j. 2 H > H S > j. L > j. M ~ j. L > j. 2 H > j. 9 > j. L > j. L > j. L > j. 236 L M', '', 'https://youtu.be/re5cg2XVsFg', NULL, 21, '2019-06-15 20:35:35', 5624, 0, NULL, '1.17', '', 'pass'),
(593, '1 M > 5 M > 9 > j. M ~ j. L > j. L > j. 9 > j. L > j. L > j. S ~ j. 236  L > A1 > (land) 214 M > 66 > 5 L > 5 L > 5 L > H S > j. M ~ j. L > j. L > j. 9 > j. L > j. L > j. S > j. 236 L M', '', 'https://youtu.be/whBFnCBa7PE', NULL, 21, '2019-06-15 20:40:13', 5670, 0, NULL, '1.17', 'Ikkisoad', 'pass'),
(594, '1 M > 5 M > 9 > j. M ~ j. L > j. L > j. 9 > j. L > j. L > j. S > dl. j. 236 ~ A1 ~ L > (land) 5 M > 9 > j. M ~ j. L > j. L > j. 2 H > H S > j. M ~ j. L > j. L > j. 9 > j. L > j. L > j. L > A2 > [ L M ] > j. 236 L M', '', 'https://youtu.be/iXQo2e3jPws', NULL, 21, '2019-06-15 20:43:22', 5906, 0, NULL, '1.17', '', 'pass'),
(595, '1 M > 5 M > 9 > j. H > L M H S > (land) 214 M > 66 > 5 L > 5 L > 5 L > 2 8 > j. M ~ j. 2 H > j. 9 > j. L > j. L ~ j. L > A1 > (land) 9 > j. M ~ j. 2 H > j. 9 > L > j. L > j. L > A2 > j. S > j. 236 M > M H > 236 S > 236 L M > A1 > 4 A2 ', 'Corner', 'https://youtu.be/eE9AKvgMmZQ', NULL, 21, '2019-06-15 20:47:01', 9696, 0, NULL, '1.17', '', ''),
(596, 'L M ~ A1 > dl. 9 > j. 2 H > A1 -> j. 66 > j. L ... -> (land) 2 L ...', 'Snap', 'https://youtu.be/3oVW36W-Ufk', NULL, 21, '2019-06-15 20:50:28', 0, 2, NULL, '1.17', '', 'pass'),
(597, 'j. H > j. S > j. 236 H > j. L > j. L ~ j. 2 H > j. 9 > j. L > j. L > j. S > 236 ~ A1  ~ L > L M ~ A1 ', 'Corner', 'https://youtu.be/iZHv6OffwHU', NULL, 21, '2019-06-15 20:53:25', 4330, 0, NULL, '1.17', 'Ikkisoad', 'pass'),
(598, '2 M > 5 M > 5 H > 214 S > 2 M > 5 M > 1 S > H S > j. M > j. L > j. 9 > j. L > j. L > j. [ S ] > j. 236 S > j. 236 L M ', 'Corner', 'https://youtu.be/zkxEED5_tug', NULL, 16, '2019-06-16 22:26:17', 5636, 0, NULL, '1.17', '', 'pass'),
(599, 'j. H > 5 L > 5 L > 2 M > 5 M > 5 H > 214 S > 2 M > [ 4 ] > dl. 2 M > 5 M > 1 S > H S > j. M > j. L > j. 9 > j. L > j. L > j. 236 S > j. 236 L M ', 'Corner', 'https://youtu.be/2oRvgsTnkMg', NULL, 16, '2019-06-16 22:28:18', 4929, 0, NULL, '1.17', '', 'pass'),
(600, '1 M > 5 M > 9 > j. M ~ j. L > j. L > j. 9 > j. L > j. L > j. S > j. 236 ~ A1 ~ L > (land) 9 > j. M ~ j. L > j. L > 2 H > H S > j. L > j. M ~ j. L > j. 2 H > j. 9 > j. L > j. L > j. L > A2 > j. L M ~ A1 > (land) 214 L > 236 L M > A1 ', 'Last char only', 'https://youtu.be/ecCtT3wDvOY', NULL, 21, '2019-06-16 22:30:57', 6859, 0, NULL, '1.17', 'Ikkisoad', 'pass'),
(601, '5 L > 5 L > A1 > 5 M > 5 M > H S > j. 66 > dl. j. M > (land) 9 > j. L > j. 214 H > L M ~ A1 ', 'Corner\r\nSnap\r\nFuzzy', 'https://youtu.be/Ou91jiqUD6o', NULL, 20, '2019-06-18 02:35:07', 2320, 2, NULL, '1.17', 'Ikkisoad', 'pass'),
(602, '5 L > 5 L > A1 > 5 M > 5 M > H S > j. 66 > dl. j. M > (land) 9 > j. L > j. 214 H > 9 > j. L > j. L > j. L > j. 2 H > j. 9 > j. L > j. L > j. L > j. 214 M ', 'Corner\r\nFuzzy', 'https://youtu.be/q5Bo7LqPR3E', NULL, 20, '2019-06-18 02:38:10', 3105, 2, NULL, '1.17', 'Ikkisoad', 'pass'),
(603, '5 L > 5 L > A1 > 5 M > 5 M > H S > j. 66 > dl. j. M > (land) 9 > j. L > j. 214 H > 5 L (whiff) > 5 L > 5 L > H S >  j. M > j. H > j. 2 H > j. 9 > j. L > j. L > j. L > j. S > j. 214 | 236 S ~ L | M', 'Corner\r\nFuzzy', 'https://youtu.be/9g3AUC48DqI', NULL, 20, '2019-06-18 02:42:08', 3542, 2, NULL, '1.17', 'Ikkisoad', 'pass'),
(604, '5 L > 5 L > A1 > 5 M > 5 M > H S > j. 66 > dl. j. M > (land) 9 > j. L > j. 214 M > A2 > 9 > j. L > j. L > j. L > j. 2 H > j. 9 > j. L > j. L > j. L > j. S > j. 214 | 236 S ~ L | M > 236 L M', 'Corner\r\nFuzzy', 'https://youtu.be/LchLZ9YprbM', NULL, 20, '2019-06-18 02:44:53', 3854, 2, NULL, '1.17', 'Ikkisoad', 'pass'),
(605, '5 L > 5 L > 1 M > 5 M > 5 H > A1 > 214 S > [ 9 ] > dl. j. H > (land) 9 > j. L > j. 236 M > A2 > j. L > j. L ~ j. 2 H > H S > j. L > j. M ~ j. L > j. 2 H > j. 9 > j. L > j. L > j. L ', 'Corner\r\nFuzzy', 'https://youtu.be/AL8TB3jhki4', NULL, 21, '2019-06-18 02:47:51', 3247, 2, NULL, '1.17', 'Ikkisoad', 'pass'),
(606, '5 L > 5 L > 1 M > 5 M > 5 H > A1 > 214 S > [ 9 ] > dl. j. H > (land) 9 > j. L > j. 236 H > j. L > j. L ~ j. 2 H > j. L > j. L > j. L', 'Corner\r\nFuzzy', 'https://youtu.be/_AyPKN7irl0', NULL, 21, '2019-06-18 02:49:50', 3355, 2, NULL, '1.17', 'Ikkisoad', 'pass'),
(607, '2 S > A1 > (land) 66 > 9 > j. M > j. L > j. 2 H > H S > j. M > j. 2 H > j. 9 > j. L > j. L > j. 236 | 214 S ~ L | M > 236 L M ', '', 'https://youtu.be/TOvUNAYA7RQ', NULL, 20, '2019-06-18 06:42:08', 3732, 0, NULL, '1.17', 'Ikkisoad', 'pass'),
(608, '2 S > A1 > (land) 66 > 9 > j. M > j. L > j. L > j. 2 H > H S > j. M > j. 2 H > j. 9 > j. L > j. L > j. 236 | 214 S ~ L | M > 236 L M', '', 'https://youtu.be/-qEDIh47FOo', NULL, 20, '2019-06-18 06:43:11', 3737, 0, NULL, '1.17', 'Ikkisoad', 'pass'),
(609, '236 L > A1 > 66 > 9 > j. L > j. L > j. L > j. 2 H > H S > j. M > j. 2 H > j. 9 > j. L > j. L > j. S > j. 236 | 214 S ~ L | M > 236 L M ', '', 'https://youtu.be/ibVsAcMML-Q', NULL, 20, '2019-06-18 06:46:23', 4282, 0, NULL, '1.17', 'Ikkisoad', 'pass'),
(610, '5 L > 5 L > A1 > 5 M > 2 M > H S > j. 66 > dl. j. H > (land) 9 > j. L > j. [ S ] > j. 236 S > A2 > (land) 5 M > 3 S > H S > j. M > j. L > j. 9 > j. L > j. L > j. [ S ] > j. 236 S ~ 236 L M ', 'Corner\r\nFuzzy', 'https://youtu.be/T1aFa7lJ7bQ', NULL, 16, '2019-06-18 06:48:51', 4295, 2, NULL, '1.17', 'Ikkisoad', 'pass'),
(611, '236 S > A1 > 66 > 214 L ', '', 'https://youtu.be/Sa_uoKnVXow', NULL, 21, '2019-06-18 06:50:28', 2651, 0, NULL, '1.17', 'Ikkisoad', 'pass'),
(612, '236 S > A1 > H S > j. L > j. M ~ j. L > j. 2 H > j. 9 > j. L > j. L > j. S > j. 236 M ', '', 'https://youtu.be/z41cy9mBzoM', NULL, 21, '2019-06-18 06:51:56', 3256, 0, NULL, '1.17', 'Ikkisoad', 'pass'),
(613, '236 S > A1 > 66 > j. M ~ j. L > j. 2 H > j. 9 > j. L > j. L > j. S > j. 236 M', '', 'https://youtu.be/ELKIaBDDcfs', NULL, 21, '2019-06-18 06:56:05', 3351, 0, NULL, '1.17', 'Ikkisoad', 'pass'),
(614, '2 S > A1 > 66 > 9 > j. L > j. L ~ j. 2 H > H S > j. L > j. M ~ j. L > j. 2 H > j. 9 > j. L > j. L > j. L > j. 236 L M ', '', 'https://youtu.be/oL-c_1LcZ_E', NULL, 21, '2019-06-18 07:05:09', 3835, 0, NULL, '1.17', 'Ikkisoad', 'pass'),
(615, '236 S > A1 > H S > j. L > j. M ~ j. L > j. 2 H > j. 9 > j. L > j. L > j. S > j. 236 M ', '', 'https://youtu.be/w2YRTMp16eo', NULL, 21, '2019-06-18 07:06:42', 3256, 0, NULL, '1.17', 'Ikkisoad', 'pass'),
(616, '236 S > A1 > 66 > 9 > j. L > j. L ~ j. 2 H > j. 9 > j. L > j. L > j. S > j. 236 M', '', 'https://youtu.be/QC2YA98qLJ8', NULL, 21, '2019-06-18 07:08:01', 3341, 0, NULL, '1.17', 'Ikkisoad', 'pass'),
(618, '1 M > 2 S > j. 236 S > j. L M H S > (land) 214 M > 66 > 5 L > 5 L > 5 L > 2 8 > j. M ~ j. 2 H > j. 9 > j. L > j. L > j. L > A1 > (land) 9 > j. M ~ j. 2 H > j. 9 > j. L > j. L ~ j. L > A2 > j. 236 M > M H > (land) 236 S > 236 L M > A1 > 4 A2 ', 'Corner', 'https://youtu.be/hlV_mFmY-5k', NULL, 21, '2019-07-03 03:08:05', 10108, 0, NULL, '1.17', 'Ikkisoad', 'pass'),
(619, '1 M > 2 S > j. 236 S > j. L M H S > (land) 214 M > 66 > 5 L > 5 L > 5 L > [ 4 ] > j. M > j. S > j. 66 > j. L > j. L > A1 > j. L > (land) 9 > j. M ~ j. 2 H > j. 9 > j. L > j. L ~ j. L > A2 > j. 236 M > M H > (land) 236 S > 236 L M > A1 > 4 A2', 'Corner', 'https://youtu.be/2n8-NsWV3CA', NULL, 21, '2019-07-03 03:13:30', 10133, 0, NULL, '1.17', 'Ikkisoad', 'pass'),
(620, '2 B > 2 C JC j. B > j. C land j. C dJC j. C', 'Easy corner combo for all moons', '', NULL, 121, '2019-08-16 01:52:27', 0, 0, NULL, '', '', ''),
(621, '2 B > 2 C JC j. B > j. C (land) j. C dJC j. C', 'Easy corner combo for all moons', '', NULL, 121, '2019-08-16 01:53:36', 0, 0, NULL, '', '', ''),
(622, '2 C > 5 C [ 8 ] j. [ B ] j. C j. 2 A > 2 C > 2 ] B [ ', '', '', NULL, 196, '2019-08-16 01:57:17', 0, 0, NULL, '', '', ''),
(623, 'st LP > st MP > st HP > hcb HP ', 'Close', '', NULL, 170, '2019-08-31 03:41:49', 38, 0, NULL, '', '', ''),
(624, '2 B > 2 C > 5 [ C ] > 4 2 1 B > (whiff) 2 A > 2 2 ...', 'Drops on Hyde, Linne, Hilda', '', NULL, 184, '2019-11-13 00:58:58', 0, 0, NULL, '', '', ''),
(625, '(whiff) 5 L > 5 L > 5 M > 2 M ~ 1 S > 5 M > 9 > j. M > j. 2 S > j. H > j. L > j. 8 > j. L > j. 2 S > j. H > j. M > (land) 5 M > 9 > j. L > j. 2 S > j. H > j. M > (land) 2 M > 5 [ S ] > 5 M > 5 H > 214 S > 5 [ S ] > 2 2 S > M H > [ L M ] > 236 L > 214 L M ', 'Close to corner', 'https://youtu.be/tHFWRMtcs7M', NULL, 16, '2019-11-13 01:34:16', 10000, 0, NULL, '', 'yxiao1988', 'pass'),
(626, '(whiff) 5 L > 5 L > 5 M > 2 M > 5 S > 214 M > [ 4 ] > 5 S > 5 H > dl. H S > j. M > dl. j. H > (land) 2 9 > j. L > j. L > j. L > j. 2 H > j. 9 > j. L > j. L > j. L > j. S > j. 236 | 214 S ~ M > 236 L M', 'Corner', 'https://youtu.be/4nTc2w7MrSA', NULL, 20, '2019-11-13 18:37:48', 6056, 0, NULL, '', 'Ikkisoad', 'pass'),
(627, '(whiff) 5 L > 5 L > 5 M > 2 M > 5 S > 214 M > [ 4 ] > 5 S > 5 H > dl. H S > j. M > dl. j. H > (land) 2 9 > j. L > j. L > j. L > j. 2 H > j. 9 > j. L > j. L > j. L > j. S > j. 236 | 214 S ~ M > j. 214 L M', 'Corner', 'https://youtu.be/MpS96QvbYUw', NULL, 20, '2019-11-13 18:50:36', 6940, 0, NULL, '', 'Ikkisoad', 'pass'),
(628, '2 M > 5 M > 9 > j. M > j. L > j. L > j. 2 H > j. 214 M > H S > j. M > j. L > j. L > j. 2 H > j. 9 > j. L > j. L > j. L > 236 L M ', '', '', NULL, 19, '2019-11-14 03:04:47', 5052, 0, NULL, '', '', 'pass'),
(629, '2 M > 5 M > 9 > j. M > j. 9 > j. M > j. H > A1 > j. 214 M > (land) 66 > 2 M > 5 M > 9 > j. M > j. L > j. 2 H > j. 214 M > H S > j. M > j. L > j. 2 H > j. 9 > j. L > j. L > j. L > 236 L M ', '', 'https://youtu.be/b8dNzf5WaQE', NULL, 19, '2019-11-14 04:59:28', 6132, 0, NULL, '', 'Ikkisoad', 'pass'),
(630, '2 M > 5 M > 9 > j. M > j. L > j. L > j. 9 > j. L > j. L > j. L > A1 > j. 214 M > (land) 66 > 2 M > 5 M > 9 > j. M > j. L > j. 2 H > j. 214 M > H S > j. M > j. 2 H > j. 9 > j. L > j. L > j. L > 236 L M ', '', 'https://youtu.be/cPQkEUWzZTA', NULL, 19, '2019-11-14 05:08:38', 5916, 0, NULL, '', 'Ikkisoad', 'pass'),
(631, '2 M > 5 M > 9 > j. M > j. L j. L > j. 2 H > dl. j. 214 M > (land) > 2 M > 5 [ S ] > 5 H > H S > j. M > j. 2 H > j. 9 > j. L > j. L > j. 2 H > 236 L M ', 'Corner', 'https://youtu.be/qFqAwiN2dKw', NULL, 19, '2019-11-14 15:12:45', 5382, 0, NULL, '', 'Ikkisoad', 'pass'),
(632, '2 M > 5 M > 9 > j. M > j. L > j. L > dl. 9 > j. L > j. L > j. 2 H > j. 214 M > H S > j. L > j. L > j. L ', 'The idea is possible, but this is so hard that it took me way too many tries to consider using it as a bnb.', 'https://youtu.be/kdDHLLB9SxM', NULL, 19, '2019-11-14 15:16:59', 4030, 0, NULL, '', 'Ikkisoad', 'pass'),
(633, '2 H > j. 214 M > H S > j. M > j. L > j. 2 H > j. 9 > j. L > j. L > j. L ', '', '', NULL, 19, '2019-11-14 15:40:34', 3415, 0, NULL, '', '', 'pass'),
(634, '2 H > dl. j. 214 M > (land) 66 > 2 M > 5 M > 9 > j. M > j. L > j. 2 H > j. 9 > j. L > j. L > j. L ', '', '', NULL, 19, '2019-11-14 15:42:27', 3875, 0, NULL, '', '', 'pass'),
(635, '2 H > dl. j. 214 M > (land) 2 M > 5 [ S ] > 5 H > H S > j. M > j. 2 H > j. 9 > j. L > j. L > j. 2 H > 236 L M ', 'Corner', 'https://youtu.be/QLMwMzhGynE', NULL, 19, '2019-11-14 15:45:07', 4675, 0, NULL, '', '', 'pass'),
(636, '2 M > 5 M > 9 > j. M > j. L > j. L > j. 2 H > dl. j. 214 M > (land) 2 M > 5 [ S ] > 5 H > H S > j. M > j. 2 H > j. 9 > j. L > j. L > j. > A1 > j. 214 M > (land) [ L M ] > 236 L > 236 L M > A1 ', 'Corner', 'https://youtu.be/OjxEfYAfKIU', NULL, 19, '2019-11-14 16:06:02', 6865, 0, NULL, '', 'Ikkisoad', 'pass'),
(637, 'd LK > d LP > MK MP ', '', '', NULL, 61, '2019-11-15 01:37:00', 111, 0, NULL, '', '', 'pass'),
(638, 'j. HP > st. HK > d MP > qcf LP HP ', '', '', NULL, 61, '2019-11-15 01:38:54', 315, 0, NULL, '', '', 'pass'),
(639, 'st. LP > d MP > qcf LP MP > d MP > MK MP ', '', '', NULL, 61, '2019-11-15 01:40:57', 228, 0, NULL, '', '', 'pass'),
(640, 'd MK MP > dp HK ', '', '', NULL, 61, '2019-11-15 01:41:56', 206, 0, NULL, '', '', 'pass'),
(641, 'j. d K > st. LK > d LP > MK MP > qcf qcf P ', '', '', NULL, 61, '2019-11-15 01:45:30', 365, 0, NULL, '', '', 'pass'),
(642, 'st. HK > d MK MP > qcf MP HP ', '', '', NULL, 61, '2019-11-15 01:50:55', 277, 0, NULL, '', '', 'pass'),
(643, 'd HP > qcf LP > d MK MP > qcf P > dp HP ', '', '', NULL, 61, '2019-11-15 01:56:35', 272, 0, NULL, '', '', 'pass'),
(644, 'j. HP > st. HK > HK HP > st. HP > qcf LP HP ', '', '', NULL, 61, '2019-11-15 02:01:39', 280, 0, NULL, '', '', 'pass'),
(645, 'j. HP > d HP > HK HP > MK MP > qcf MP HP ', '', '', NULL, 61, '2019-11-15 02:02:18', 290, 0, NULL, '', '', 'pass'),
(646, 'j. HP > st. HK > d MP > HK HP > df MK > d HP > MK MP > qcf qcf P ', 'MK orb release', '', NULL, 61, '2019-11-15 02:06:53', 448, 0, NULL, '', '', 'pass'),
(647, 'j. HP > st. HK > HK HP > st. HP > d MK MP > dp HK ', '', '', NULL, 61, '2019-11-15 14:45:18', 312, 0, NULL, '', '', 'pass'),
(648, 'd MP > HK HP > df MK > d HP > qcf LP > st. MK > qcf P > MK MP > qcf qcf P ', '', '', NULL, 61, '2019-11-15 14:54:02', 0, 0, NULL, '', '', 'pass'),
(649, 'j. HP > st. HK > d MP > HK HP > st. HP > qcb LP > fd > MK MP', '', '', NULL, 61, '2019-11-15 15:03:21', 322, 0, NULL, '', '', 'pass'),
(650, 'd HP > qcf LP > MK MP > qcf K > HK HP > qcb MP > qcf qcf P ', '', '', NULL, 61, '2019-11-15 15:08:00', 429, 0, NULL, '', '', 'pass'),
(651, 'st. HK > d HP > HK HP > d MP > qcb LP > d HP > qcf P > qcf qcf P ', '', '', NULL, 61, '2019-11-15 15:10:04', 447, 0, NULL, '', '', 'pass'),
(652, 'j. HP > d HP > qcb HP > d MP > qcf LP > d MP > MK MP > qcf K > qcf qcf P ', 'Corner', '', NULL, 61, '2019-11-15 15:16:15', 540, 0, NULL, '', '', 'pass'),
(653, 'j. HK > st. MP > b HP > dp HP ', '', '', NULL, 63, '2019-11-18 00:19:37', 294, 0, NULL, '', '', 'pass'),
(654, 'j. HK > d HP > qcb MK > d LP > dp LP ', '', '', NULL, 63, '2019-11-18 00:20:49', 309, 0, NULL, '', '', 'pass');
INSERT INTO `combo` (`idcombo`, `combo`, `comments`, `video`, `user_iduser`, `character_idcharacter`, `submited`, `damage`, `type`, `verified`, `patch`, `author`, `password`) VALUES
(655, 'd LP > st. MP > d MK > dp HP ', '', '', NULL, 63, '2019-11-18 00:21:17', 204, 0, NULL, '', '', 'pass'),
(656, 'st. HK > st. LK > dp MP ', '', '', NULL, 63, '2019-11-18 00:22:20', 199, 0, NULL, '', '', 'pass'),
(657, 'b HP > qcf [ K ] > qcb HK > dp LP ', '', '', NULL, 63, '2019-11-18 00:23:51', 314, 0, NULL, '', '', 'pass'),
(658, 'j. HK > st. MP > d MK > qcb K K > dp P P ', 'Corner', '', NULL, 63, '2019-11-18 00:25:32', 358, 0, NULL, '', '', 'pass'),
(659, 'st. MP > b HP > qcf P > dp MP ', '', '', NULL, 63, '2019-11-18 00:26:39', 275, 0, NULL, '', '', 'pass'),
(660, 'st. MP > d MK > qcb K > MK MP ~ P ~ P ~ P ', '', '', NULL, 63, '2019-11-18 00:27:43', 291, 0, NULL, '', '', 'pass'),
(661, 'st. MP > b HP > qcb K > MK MP ~ K > dp P ', '', '', NULL, 63, '2019-11-18 00:28:45', 386, 0, NULL, '', '', 'pass'),
(662, 'j. HP > df HK > HK HP > d HP > qcb K > MK MP ~ K > dp P > qcf qcf P ', '', '', NULL, 63, '2019-11-18 00:30:37', 503, 0, NULL, '', '', 'pass'),
(663, 'j. HK > st. MP > b HP > qcf K K > dp HP ', '', '', NULL, 63, '2019-11-18 00:31:09', 350, 0, NULL, '', '', 'pass'),
(664, 'j. HK > d HP > qcf P P > HK HP > HK HP > qcf P > qcb K K > dp P P ', '', '', NULL, 63, '2019-11-18 00:35:03', 389, 0, NULL, '', '', 'pass'),
(665, 'j. B > j. C > (land) > 5 B > 2 B > dl. 4 B > 5 C > 9 > j. B > j. C > j. 9 > j. B j. C > j. 6 ( A + D ) ', 'BnB.', '', NULL, 133, '2019-11-19 19:47:10', 4731, 0, NULL, '', '', ''),
(666, 'df HK > [ f ] > st. MP > b HP > dp HP ', '', '', NULL, 63, '2019-11-21 15:36:56', 300, 0, NULL, '', '', 'pass'),
(667, 'd HP > qcf LP > qcb MP > qcf K > d MK MP > dp HK ', '', 'https://twitter.com/Ta_Nooki/status/1197555521445924865', NULL, 61, '2019-11-21 17:15:22', 366, 0, NULL, '', 'Ta_Nooki', 'pass'),
(668, 'd HP > qcf LP > qcb MP > qcf K > d MK MP > HK HP > dp MK', '', 'https://twitter.com/Ta_Nooki/status/1197555521445924865', NULL, 61, '2019-11-21 17:18:54', 356, 0, NULL, '', 'Ta_Nooki', 'pass'),
(669, 'd HP > qcf LP > qcb MP > qcf K > d MK MP > HK HP > qcf qcf P ', '', 'https://twitter.com/Ta_Nooki/status/1197555521445924865', NULL, 61, '2019-11-21 17:20:17', 461, 0, NULL, '', 'Ta_Nooki', 'pass'),
(670, 'd HP > qcf LP > qcb MP > qcf K > uf > j. MP ', '', 'https://twitter.com/Ta_Nooki/status/1197555521445924865', NULL, 61, '2019-11-21 17:22:18', 284, 2, NULL, '', 'Ta_Nooki', 'pass'),
(671, '236 SP > 5 SW ~ 236 SP > 5 SW ~ 236 SP > 5 SW ~ 236 SP > 5 SW ~ 236 SP > 5 SW ~ 236 SP > 5 SW', '', 'https://youtu.be/cU78ecgP0FU', NULL, 516, '2019-11-28 03:39:12', 100, 0, NULL, '', '', 'pass'),
(672, '236 SP > 2 WP > 2 WP > 2 WP > 2 WW ~ 236 SP > 2 WP > 2 WP > 2 WP > 2 WW ~ 236 SP > 2 WP > 2 WP > 2 WP > 2 WW ~ 236 SP > 2 WP > 2 WP > 2 WP > 2 WW ~ 236 SP > 2 WP > 2 WP > 2 WP > 2 WW ~ 236 SP > 2 WP > 2 WP > 2 WP > 2 SW', '', 'https://youtu.be/em6h2GQZdm0', NULL, 516, '2019-11-28 14:24:22', 100, 0, NULL, '', '', 'pass'),
(673, '5 M > 9 > j. M > j. H ~ j. 66 > j. H > (land) 5 M > 2 M > 5 S > 214 M > [ 4 ] > 5 S > 5 H > dl. H S > j. M > dl. j. H > (land) 2 9 > j. L > j. L > j. L > j. 2 H > j. 9 > j. L > j. L > j. 236 S ~ L > M H > [ L M ] > 214 S > j. 214 L M ', 'XL Chars only\r\nCorner', 'https://youtu.be/93ihq71hlSY', NULL, 20, '2019-11-28 20:09:32', 8941, 0, NULL, '', 'Ikkisoad', 'pass'),
(674, '5 M > 9 > j. M > j. H ~ j. 66 > j. H > (land) 5 M > 2 M > 5 S > 214 M > [ 4 ] > 5 S > 5 H > dl. H S > j. M > dl. j. H > (land) 2 9 > j. L > j. L > j. L > j. 2 H > j. 9 > j. L > j. L > j. 236 S ~ L > M H > [ L M ] > 236 H > 214 L M', 'XL Chars\r\nCorner', 'https://youtu.be/MZKrkIZYI48', NULL, 20, '2019-11-28 20:36:55', 9083, 0, NULL, '', 'Ikkisoad', 'pass'),
(675, '5 M > 9 > j. M > j. H ~ j. 66 > j. H > (land) 5 M > 2 M > 5 S > 214 M > [ 4 ] > 5 S > 5 H > dl. H S > j. M > dl. j. H > (land) 2 9 > j. L > j. L > j. L > j. 2 H > j. 9 > j. L > j. L > j. 236 S ~ M > M H > 236 H > [ M H ] > [ L M ] > (land) 214 L M ', 'XL Chars\r\nCorner', 'https://youtu.be/udP0Fey7cNs', NULL, 20, '2019-11-28 20:40:13', 9209, 0, NULL, '', 'Ikkisoad', 'pass'),
(676, '5 M > 9 > j. M > j. H ~ j. 66 > j. H > (land) 5 M > 2 M > 5 S > 214 M > [ 4 ] > 5 S > 5 H > dl. H S > j. M > dl. j. H > (land) 2 9 > j. L > j. L > j. L > j. 2 H > j. 9 > j. L > j. L > j. 236 S ~ M > M H > 236 H > [ M H ] > [ L M ] ~ A1 > (land) 214 L M', 'XL Chars\r\nCorner\r\nLast character', 'https://youtu.be/q1uxTvWaqwE', NULL, 20, '2019-11-28 20:42:13', 9236, 0, NULL, '', 'Ikkisoad', 'pass'),
(677, '2 M > 5 M > 9 > j. M > j. L > j. L > j. 2 H > H S > j. M > j. L > j. 9 > j. L > j. L > j. L > j. S > j. 236 M > 236 L M ', '', '', NULL, 17, '2019-11-29 02:40:05', 5022, 0, NULL, '', '', 'pass'),
(678, '2 M > 5 M > 9 > j. M > j. L > j. L > j. 2 H > H S > j. M > j. L > j. 9 > j. L > j. L > j. [ S ] > j. 214 M > 236 L M ', '', '', NULL, 24, '2019-11-29 02:42:49', 4921, 0, NULL, '', '', 'pass'),
(679, '2 M > 5 M > 9 > j. M > j. L > j. L > j. 2 H > H S > j. M > j. L > j. L > j. 2 H > j. 9 > j. L > j. L > j. S > j. 236 L > 236 H S ', '', '', NULL, 1, '2019-11-29 02:46:28', 5095, 0, NULL, '', '', 'pass'),
(680, '2 M > 5 M > 9 > j. M > j. L > j. L > j. 2 H > H S > j. M > j. L > j. 2 H > j. 9 > j. L > j. L > j. S > j. 214 M > (land) 236 L M ', '', '', NULL, 8, '2019-11-29 02:52:12', 5017, 0, NULL, '', '', 'PASS'),
(681, '2 M > 5 M > 9 > j. M > j. L > j. L > j. 2 H > H S > j. M > j. L > j. L > j. 2 H > j. 9 > j. L > j. L > j. L > (land) 236 L M ', '', '', NULL, 3, '2019-11-29 02:53:46', 4995, 0, NULL, '', '', 'PASS'),
(682, '2 M > 5 M > 9 > j. M > j. L > j. L > j. 2 H > H S > j. M > j. L > j. L > j. 2 H > j. 9 > j. L > j. L > j. L > (land) 236 L M ', '', '', NULL, 4, '2019-11-29 02:55:33', 4999, 0, NULL, '', '', 'PASS'),
(683, '2 M > 2 S > 5 L > 9 > j. L > j. L > j. 2 H > H S > j. M > j. L > j. L > j. 9 > j. L > j. L > j. [ S ] > j. 236 H > 66 > 2 M > 5 [ S ] > 5 H ', '', '', NULL, 22, '2019-11-29 03:05:22', 4417, 0, NULL, '', '', 'PASS'),
(684, '2 M > 5 M > 9 > j. M > j. L > j. L > j. 2 H > H S > j. M > j. L > j. L > j. 2 H > j. 9 > j. L > j. L > j. L > (land) 236 L M ~ S ~ L ~ M ~ L M ', '', '', NULL, 29, '2019-11-29 03:09:56', 4975, 0, NULL, '', '', 'PASS'),
(685, '2 M > 5 M > 9 > j. M > j. L > j. 2 H > H S > j. M > j. 2 H > j. 9 > j. L > j. L > j. L > j. 236 L > M H > [ L M ] ', '', '', NULL, 13, '2019-11-29 03:14:02', 4546, 0, NULL, '', '', 'PASS'),
(686, '2 M > 5 M > 2 H > H S > j. M > j. L > j. L > j. 9 > j. L > j. L > j. L ', '', '', NULL, 14, '2019-11-29 11:08:29', 3630, 0, NULL, '', '', 'pass'),
(687, '2 M > 5 M > 9 > j. M > j. L > j. L > j. 2 H > H S > j. M > j. L > j. L > j. 2 H > j. 9 > j. L > j. L > j. L > 236 L M ', '', '', NULL, 2, '2019-11-29 11:09:55', 4935, 0, NULL, '', '', 'pass'),
(688, '2 M > 5 M > 9 > j. L > j. L > j. L > H S > j. M > j. L > j. 9 > j. L > j. L > j. [ S ] > j. 214 M ', '', '', NULL, 18, '2019-11-29 11:12:43', 4035, 0, NULL, '', '', 'pass'),
(689, '2 M > 5 M > 9 > j. M > j. L > j. L > j. 2 H > H S > j. M > j. L > j. L > j. 2 H > j. 9 > j. L > j. L > j. L ', '', '', NULL, 6, '2019-11-29 11:16:39', 4185, 0, NULL, '', '', 'pass'),
(690, '2 M > 5 M > 9 > j. M > j. L > j. L > j. 2 H > H S > j. M > j. L > j. L > j. 2 H > j. 9 > j. L > j. L > j. L > (land) 236 L M ', '', '', NULL, 5, '2019-11-29 11:20:11', 4977, 0, NULL, '', '', 'pass'),
(691, '2 M > 5 M > 2 H > H S > j. M > dl. j. L > j. L > j. 9 > j. L > j. L > j. 214 M > (land) 236 L M ~ L ~ L ~ L ~ L ~ L ~ L ', '', '', NULL, 9, '2019-11-29 11:28:04', 4497, 0, NULL, '', '', 'pass'),
(692, '2 M > 5 M > 9 > j. M > j. L > j. 2 H > H S > j. M > j. L > j. 2 H > j. L > j. L > j. L > (land) 236 L M ', '', '', NULL, 15, '2019-11-29 11:29:12', 4795, 0, NULL, '', '', 'pass'),
(693, '2 M > 5 M > 2 H > H S > j. M > j. L > j. 9 > j. L > j. L > j. L > 214 M > M H > [ L M ] ', '', '', NULL, 25, '2019-11-29 11:31:29', 3751, 0, NULL, '', '', 'pass'),
(694, '2 M > 5 M > 9 > j. M > j. L > j. 2 H > H S > j. M > j. L > j. 2 H > j. 9 > j. L > j. L > j. 2 H > j. 236 M > j. 236 L M ', '', '', NULL, 10, '2019-11-29 11:34:50', 5197, 0, NULL, '', '', 'pass'),
(695, '2 M > 5 M > 9 > j. M > j. L > j. L > j. 2 H > H S > j. M > j. L > j. L > j. 2 H > j. 9 > j. L > j. L > j. L > (land) 236 L M ', '', '', NULL, 11, '2019-11-29 11:36:04', 4999, 0, NULL, '', '', 'pass'),
(696, '2 M > 5 M > 9 > j. M > j. L > j. L > j. 9 > j. L > j. L > j. [ S ] > j. 236 S > j. 236 M ', '', '', NULL, 27, '2019-11-29 11:40:13', 3888, 0, NULL, '', '', 'pass'),
(697, '2 M > 5 M > 3 H > 2 9 > j. M > j. L > j. L > j. 2 H > H S > j. M > j. L > j. L > j. 2 H > j. 9 > j. L > j. L > j. L ', '', '', NULL, 7, '2019-11-29 11:45:52', 4387, 0, NULL, '', '', 'pass'),
(698, '2 M > 5 M > 9 > j. M > j. L > j. 2 H > H S > j. M > j. L > j. 2 H > j. L > j. L > j. L ', '', '', NULL, 23, '2019-11-29 11:49:24', 4065, 0, NULL, '', '', 'pass'),
(699, '2 M > 5 M > 9 > j. M > j. L > j. 2 H > H S > j. M > j. L > j. 2 H > j. 9 > j. L > j. L > j. L > (land) 236 L M ', '', '', NULL, 26, '2019-11-29 11:50:54', 4904, 0, NULL, '', '', 'pass'),
(700, '2 M > 5 M > 9 > j. M > j. L > j. L > j. 2 H > H S > j. M > j. L > j. L > j. 2 H > j. 9 > j. L > j. L > j. 2 H > j. 214 M > j. 236 L M ', '', '', NULL, 28, '2019-11-29 11:52:56', 5127, 0, NULL, '', '', 'pass'),
(701, '2 M > 5 M > 9 > j. M > j. L > j. L > j. 2 H > H S > j. M > j. L > j. L > j. 2 H > j. 9 > j. L > j. L > j. L > (land) 236 L M ', '', '', NULL, 32, '2019-11-29 11:53:48', 5076, 0, NULL, '', '', 'pass'),
(702, '2 M > 5 M > 9 > j. M > j. L > j. L > j. 2 H > H S > j. M > j. L > j. L > j. 9 > j. L > j. L > j. S > j. 214 M ~ M > j. 236 L M ', '', '', NULL, 31, '2019-11-29 11:55:08', 4962, 0, NULL, '', '', 'pass'),
(703, '2 M > 5 M > 9 > j. M > j. L > j. L > j. 9 > j. L > j. M > j. S > H S > j. L > j. L > j. 2 S > j. 236 L M ', '', '', NULL, 34, '2019-11-29 11:59:33', 4594, 0, NULL, '', '', 'pass'),
(704, '2 M > 5 M > 9 > j. M > j. L > j. 2 H > H S > j. M > j. L > j. 2 H > j. 9 > j. L > j. L > j. 236 M ~ M ', '', '', NULL, 33, '2019-11-29 12:07:02', 3582, 0, NULL, '', '', 'pass'),
(705, '2 M > 5 M > 9 > j. M > dl. j. L > dl. j. L > j. 9 > j. L > j. L > j. L > j. S > H S > j. L > j. L > j. 2 H > (land) 236 L M ', '', '', NULL, 479, '2019-11-29 12:09:09', 4695, 0, NULL, '', '', 'pass'),
(706, '2 M > 5 M > 9 > j. M > j. L > j. 2 H > H S > j. M > j. L > j. 9 > j. L > j. L > j. 2 H > j. [ S ] > j. 2 M > (land) 236 H S ', '', '', NULL, 511, '2019-11-29 12:14:19', 5079, 0, NULL, '', '', 'PASS'),
(707, '2 M > 5 M > 9 > j. L > j. L > j. L > H S > j. L > j. L > j. 9 > j. L > j. L > j. 2 H ', '', '', NULL, 525, '2019-11-29 12:24:48', 3790, 0, NULL, '', '', 'pass'),
(708, '2 H > L M H S > (land) 66 > (whiff) 5 L > 5 L > 5 L > 2 9 > j. M > j. S > j. 214 M > A2 > (whiff) 5 L > (whiff) 5 L > 5 L > 2 9 > j. H > j. 2 H > j. 9 > j. L > j. L > 214 L > A1 > 5 L > 5 L > 5 L > 9 > j. L > j. L > j. 2 H > j. 9 > j. L > j. L > j. 236 S ~ M > A2 > [ L M ] > 236 L M > A2 ~ [ 8 ] > 4 A1 ', '', 'https://youtu.be/rV45D0LJ3cw', NULL, 20, '2019-11-29 13:43:13', 10129, 0, NULL, '', 'Pandemonium', 'pandemonium'),
(709, '5 L > 5 L > 2 M > 5 M > 9 > j. M > j. L > j. L > j. 2 H > H S > j. M > j. L > j. L > j. 2 H > j. 9 > j. L > j. L > j. 236 L > M H > L M ~ A1 > j. S ', 'Last char only', 'https://youtu.be/YgYamDqHVA4?t=2570', NULL, 29, '2019-11-30 17:01:55', 3807, 0, NULL, '', '', 'pass'),
(710, '5 L > 5 M > A1 > 5 H > [ M H ] > j. 66 > j. 2 S > ...', 'Corner', 'https://youtu.be/YgYamDqHVA4?t=2012', NULL, 7, '2019-11-30 17:36:07', 0, 2, NULL, '', '', 'pass'),
(711, '(whiff) 5 L > 5 L > 5 M > 2 M > 5 H > 2 S > 2 M > 5 M > 9 > j. M > j. 2 H > j. 9 > j. L > j. L > j. L > A1 > j. 214 M > (land) 2 M > 5 M > 9 > j. L > j. L > j. 9 > j. L > j. L > j. L > A2 > j. 214 M > (land) [ L M ] > 236 L > A1 > 8 > 4 A2 ', 'Corner', 'https://twitter.com/yxiao1988/status/1201138399937122304', NULL, 19, '2019-12-01 23:24:10', 10032, 0, NULL, '', 'yxiao1988', 'passyxiao1988'),
(713, '2 H > H S > dl. > j. L > j. L > j. S > j. L > j. L > j. S > j. L > j. L ~ j. 2 H > j. 9 > j. L > j. L > j. L > j. 236 L M ', 'Big chars only', 'https://twitter.com/sakeyungkid/status/1201278479456595968', NULL, 21, '2019-12-02 00:05:42', 5012, 0, NULL, '', 'sakeyungkid', 'passsakeyungkid'),
(714, '(whiff) 5 L > 5 L > 5 M > 2 M > 236 H > 66 > 2 9 > j. M > j. H > j. S > j. 9 > j. M > j. H > j. S > j. 214 H > 2 9 > j. M > j. H > j. S > 9 > j. H > j. S > j. 214 M > [ M H ] > j. M > (land) 5 M > 9 > j. L > j. L > j. 236 S > ~ M > M H > [ L M ] > 214 S > j. 214 L M ', 'Corner', 'https://twitter.com/fenritti/status/1160983418881994753', NULL, 20, '2019-12-02 02:39:13', 10021, 0, NULL, '', 'fenritti', 'passfenritti'),
(715, '2 H > H S > dl. > j. L > j. L > j. S > j. L > j. L > j. S > j. L > j. L ~ j. 2 H > j. 7 > j. L > j. L > j. S > j. L > j. L >  j. L > j. 236 L M', 'Bigs only?', 'https://twitter.com/SakeYungKid/status/1201290179173961728', NULL, 21, '2019-12-02 11:58:35', 5322, 0, NULL, '', 'SakeYungKid', 'passSakeYungKid'),
(716, '1 M > 5 M > 9 > j. M ~ j. L > j. L > j. 2 H > H S > j. 4 L > j. 4 L > j. M ~ j. 2 H > j. 9 > j. 4 L > j. 4 L > j. M > j. H > j. 236 L M ', '', 'https://youtu.be/6ZhS5FbrIRs', NULL, 21, '2019-12-03 15:06:30', 4777, 0, NULL, '', '', 'pass'),
(717, '1 M > 5 M > 9 > j. M ~ j. L > j. L > j. 2 H > H S > j. 4 L > j. 4 L > j. M ~ j. 2 H > j. 9 > j. 4 L > j. 4 L > j. M > j. H', '', '', NULL, 21, '2019-12-03 15:11:25', 3972, 0, NULL, '', '', 'pass'),
(718, 'j. L > j. M ~ j. H > 5 L > 5 L > 1 M > 5 M > 9 > j. M ~ j. L > j. L > j. 2 H > H S > j. 4 L > j. 4 L > j. M ~ j. 2 H > j. 9 > j. 4 L > j. 4 L > j. M > j. H ', '', '', NULL, 21, '2019-12-03 15:22:23', 3442, 0, NULL, '', '', 'pass'),
(719, 'j. H > 5 L > 5 L > 1 M > 5 M > 9 > j. M ~ j. L > j. L > j. 2 H > H S > j. 4 L > j. 4 L > j. M ~ j. 2 H > j. 9 > j. 4 L > j. 4 L > j. M > j. H ', '', '', NULL, 21, '2019-12-03 15:28:47', 3610, 0, NULL, '', '', 'pass'),
(720, '2 L > 5 L > 5 L > 1 M > 5 M 9 > j. M ~ j. L > j. L > j. 2 H > H S > j. 4 L > j. 4 L > j. M ~ j. 2 H > j. 9 > j. 4 L > j. 4 L > j. M > j. H ', '', '', NULL, 21, '2019-12-03 15:34:21', 3160, 0, NULL, '', '', 'pass'),
(721, '5 M > 1 M > 2 H > H S > j. 4 L > j. 4 L > j. M ~ j. 2 H > j. 9 > j. 4 L > j. 4 L > j. M > j. H ', '', '', NULL, 21, '2019-12-03 15:45:49', 3860, 0, NULL, '', '', 'pass'),
(722, '2 H > H S >  j. 4 L > j. 4 L > j. M ~ j. 2 H > j. 9 > j. 4 L > j. 4 L > j. M > j. H', '', '', NULL, 21, '2019-12-03 15:47:49', 3385, 0, NULL, '', '', 'pass'),
(723, '[ L M ] > j. 4 L > j. 4 L > j. M ~ j. 2 H > j. 9 > j. 4 L > j. 4 L > j. M > j. H', '', '', NULL, 21, '2019-12-03 15:50:36', 2922, 0, NULL, '', '', 'pass'),
(724, 'H S > j. M ~ dl. j. L > dl. j. L > (land) 9 > j. L > j. L ~ j. 2 H > H S > j. 4 L > j. 4 L > j. M ~ j. 2 H > j. 9 > j. 4 L > j. 4 L > j. M > j. H ', '', 'https://youtu.be/vSJaXwkOgMU', NULL, 21, '2019-12-03 15:58:04', 2662, 0, NULL, '', 'Ikkisoad', 'pass'),
(725, '1 M > 5 M > 9 > j. M ~ j. 2 H > H S > j. M ~ j. 2 H > 9 > j. L > j. L > j. S > j. 236 M > dl. M H > 66 > (whiff) 5 L > 5 L > 5 L > H S > j. M ~ j. 2 H > j. 9 > j. 4 L > j. 4 L > j. M > j. H ', '', 'https://youtu.be/7shhP43Q_4s', NULL, 21, '2019-12-03 16:27:09', 5021, 0, NULL, '', 'Ikkisoad', 'pass'),
(726, 'j. H > 5 L > 5 L > 5 M > 2 S > j. M ~ j. L > j. S > (land) 5 L > 9 > j. M ~ j. L > j. L > j. 2 H > H S > j. 4 L > j. 4 L > j. M ~ j. 2 H > j. 9 > j. 4 L > j. 4 L > j. M > j. H ', 'Corner', 'https://youtu.be/KFSbgYBKcsg', NULL, 21, '2019-12-03 16:44:26', 3912, 0, NULL, '', '', 'pass'),
(727, 'j. L > j. M ~ j. H > 5 L > 5 L > 5 M > 2 S > j. M ~ j. L > j. S > (land) 5 L > 9 > j. M ~ j. L > j. L > j. 2 H > H S > j. 4 L > j. 4 L > j. M ~ j. 2 H > j. 9 > j. 4 L > j. 4 L > j. M > j. H', 'Corner', '', NULL, 21, '2019-12-03 16:50:29', 3700, 0, NULL, '', '', 'pass'),
(728, '5 M > 2 S > dl. j. M ~ j. L > j. S > (land) 5 L > 9 > j. L > j. M ~ j. L > j. 2 H > H S > j. 4 L > j. 4 L > j. M ~ j. 2 H > j. 9 > j. 4 L > j. 4 > j. M > j. H ', 'Corner', '', NULL, 21, '2019-12-03 17:04:52', 4400, 0, NULL, '', '', 'pass'),
(729, '1 M > 5 S ~ S > j. 236 M > j. L > j. M ~ j. 2 H > 9 > j. L > j. L > j. L ', 'Corner', 'https://youtu.be/PFWTEABTMeQ', NULL, 21, '2019-12-03 17:09:19', 3980, 0, NULL, '', 'Ikkisoad', 'pass'),
(730, '5 M ~ 5 S ~ S > j. 236 M > j. L > j. M ~ j. 2 H > 9 > j. 4 L > j. 4 L > j. M > j. H', 'Corner', 'https://youtu.be/idmBS1ylrlQ', NULL, 21, '2019-12-03 17:14:31', 4050, 0, NULL, '', 'Ikkisoad', 'pass'),
(731, '1 M > 5 S ~ S > j. 236 M > j. L > j. M ~ j. 2 H > 9 > j. 4 L > j. 4 L > j. M > j. H', 'Corner', '', NULL, 21, '2019-12-03 17:16:53', 4050, 0, NULL, '', 'Ikkisoad', 'pass'),
(732, '5 M > 1 M > 2 H > H S > j. 4 L > j. 4 > j. M ~ j. 2 H > j. 9 > j. 4 L > j. 4 L > j. M > j. S > j. 236 M > dl. M H > 66 > (whiff) 5 L > 5 L > 5 L > H S > j. M ~ j. L > j. L > 9 > j. L > j. L > j. S ', '', 'https://youtu.be/lEDmVKAICkA', NULL, 21, '2019-12-03 17:31:11', 4975, 0, NULL, '', 'Ikkisoad', 'pass'),
(733, 'j. L > j. M ~ j. H > 5 L > 5 L > 1 M > 5 M > 9 > j. M ~ j. L > j. L > j. 2 H > H S > j. 4 L > j. 4 L > j. M ~ j. 2 H > j. 9 > j. 4 L > j. 4 L > j. M > j. H > j. 236 L M ', '', 'https://youtu.be/vkuJwlv-ynM', NULL, 21, '2019-12-03 17:38:50', 4247, 0, NULL, '', '', 'pass'),
(734, '236 S > M H > 66 > (whiff) 5 L > 5 L > 5 L > H S > j. L > j. M ~ j. L > j. 2 H > j. 9 > j. L > j. L > j. S > j. 236 M ', '', '', NULL, 21, '2019-12-03 17:50:07', 3038, 0, NULL, '', '', 'pass'),
(735, '... > M H > 66 > (whiff) 5 L > 5 L > 5 L > H S > j. L > j. L ~ j. L > j. 66 > j. H ', 'Safe jump', '', NULL, 21, '2019-12-04 00:32:50', 0, 4, NULL, '', '', 'pass'),
(736, 'SKD > (land) 236 M > j. 66 > j. H ', 'Safe Jump\r\nCorner', '', NULL, 21, '2019-12-04 00:37:17', 0, 4, NULL, '', '', 'pass'),
(737, '... > M H > 66 > (whiff) 5 L > 5 L > 5 L > H S > j. L > j. M ~ j. L > j. 9 > j. L > j. M ~ j. L > j. H ', '', '', NULL, 21, '2019-12-04 00:43:06', 0, 4, NULL, '', '', 'pass'),
(738, '1 M > 5 M > 9 > j. M ~ j. H > L M H S > (land) 66 > 214 M > 66 > 5 L > 5 L > 5 L > 2 9 > j. M ~ j. 2 H > j. 9 > j. L > j. L ~ j. S > j. 236 S > M H > [ L M ] > j. 236 L M ', '', '', NULL, 21, '2019-12-04 01:00:08', 6272, 0, NULL, '', '', 'pass'),
(739, '2 H > L M H S > 2 M > 2 M > 2 M > 5 [ S ] > 5 H > 9 > j. M > j. S ~ j. 66 > j. L > j. M > j. S > H S > j. L > j. L > j. H > j. 2 S > j. 236 M > 214 L M ', 'Corner', 'https://twitter.com/GoofyHatMatt/status/1202046403171610626', NULL, 526, '2019-12-04 02:11:41', 6839, 0, NULL, '1.17', 'GoofyHatMatt', 'passGoofyHatMatt'),
(740, '2 M > 5 M > 9 > j. L > j. M > j. 2 H > H S > j. L > j. M > j. 9 > j. L > j. M > j. S > j. M > (land) 2 L > 2 9 > j. L > j. M > j. 9 > j. L > j. M > j. S > j. 236 L > 236 L M ', 'Corner', 'https://twitter.com/cloud805/status/1202045972022300673', NULL, 526, '2019-12-04 02:26:05', 5815, 0, NULL, '', 'cloud805', 'passcloud805'),
(741, 'j. L > j. M ~ j. H > 5 L > 5 L > 5 M > 2 S > j. M ~ j. L > j. L > j. S > (land) 5 L > 2 S > j. 236 M > j. L > j. L ~ j. 2 H > j. 9 > j. 4 L > j. 4 L > j. M > j. H ', 'Corner', 'https://twitter.com/M3TimesD/status/1202088883808342016', NULL, 21, '2019-12-04 12:40:16', 3635, 0, NULL, '', 'M3TimesD', 'passM3TimesD'),
(742, '1 M > 5 M > 9 > j. M ~ dl. j. L > j. 9 > dl. j. L > dl. j. L > dl. j. S > j. L > j. L ~ j. 2 H > H S > j. L > j. L > j. L ', '', 'https://youtu.be/hFEcVLpi-T8', NULL, 21, '2019-12-04 18:30:52', 3987, 0, NULL, '1.17', 'RenderedWhite', 'pass'),
(743, '2 M > 5 M > 9 > j. M > j. L > j. 2 H > j. S > H S > j. M > j. L > j. 9 > j. L > j. M > j. S > j. 236 M ', 'Corner', '', NULL, 526, '2019-12-05 13:44:46', 4400, 0, NULL, '1.17', '', 'pass'),
(744, '2 M > 5 M > 9 > j. L > j. L > j. 2 H > j. S > j. 66 > j. M > j. L > j. S > H S > j. L > j. M > j. S > j. 236 M ', 'Corner', '', NULL, 526, '2019-12-05 13:47:07', 4635, 0, NULL, '1.17', '', 'pass'),
(745, '2 M > 5 M > 9 > j. M > j. L > j. 2 H > j. S > j. 66 > j. L > j. M > j. S > H S > j. L > j. M > j. S > j. 236 M ', 'Corner', '', NULL, 526, '2019-12-05 13:48:21', 4655, 0, NULL, '1.17', '', 'pass'),
(746, '5 M > 2 M > 214 S > H S > j. M > j. L > j. 9 > j. M > j. L > j. 2 H > j. S > j. 236 M ', '', '', NULL, 526, '2019-12-05 13:51:49', 4365, 0, NULL, '1.17', '', 'pass'),
(747, '2 M > 5 M > 236 M > ( 2 L ) > 5 L > 5 L > 2 9 > j. M > j. L > j. 2 H > j. S > j. 66 > j. M > j. L > j. S > H S > j. L > j. M > j. S > j. 236 M', 'Corner', 'https://twitter.com/midna_nicotube/status/1202255104117575680', NULL, 526, '2019-12-05 14:00:43', 5280, 0, NULL, '1.17', 'midna_nicotube', 'passmidna_nicotu'),
(748, '2 M > 5 M > 236 M > 5 L > 2 M > 2 M > 5 M > j. L > j. L > j. 2 H > j. S > j. 66 > j. L > j. M > j. S > H S > j. M > j. L > j. S > j. 236 M', 'Corner', 'https://twitter.com/GoofyHatMatt/status/1202357698336980993', NULL, 526, '2019-12-05 14:03:10', 5425, 0, NULL, '', 'GoofyHatMatt', 'Pass'),
(749, '(whiff) 5 L > 5 L > 5 M > 2 M > 5 S > 214 M > [ 4 ] > 5 S > 5 H > H S > j. H > j. 2 H > j. 9 > j. L > j. L > j. L > j. S > j. 214 M > A2 > 2 9 > j. H > j. 2 H > j. 9 > j. L > A1 > j. L > j. 214 L > 8 > j. 236 S ~ L > M H > 66 > [ L M ] > 214 S > 236 L M > A2 > 4 A1 ', 'Corner', 'https://youtu.be/ceclR_LOxfI', NULL, 20, '2019-12-07 09:37:44', 9408, 0, NULL, '1.17', 'Ikkisoad', 'pass'),
(750, '5 M > 2 M > 5 S > 214 M > [ 4 ] > 5 S > 5 H > H S > j. M > dl. j. H > (land) 9 > j. L > j. L > j. L > j. 214 M > A2 > 2 9 > j. M > j. H > j. 2 H > j. 9 > j. L > A1 > j. L > j. 214 L > 9 > j. 236 S ~ L > 66 > [ L M ] > 214 S > 236 L M > A2 > 4 A1 ', 'Corner', 'https://youtu.be/yQd7VtQP_Eg', NULL, 20, '2019-12-07 09:40:48', 9138, 0, NULL, '1.17', 'Ikkisoad', 'pass'),
(751, '5 M > 2 M > 5 S > 214 M > [ 4 ] > 5 S > 5 H > H S > j. H > j. 2 H > j. 9 > j. L > j. L > j. L > j. S > A2 > 2 9 > j. H > j. 2 H > j. 9 > j. L > A1 > j. L > j. 214 L > 9 > j. 236 S ~ L > 66 > [ L M ] > 214 S > 236 L M > A2 > 4 A1 ', 'Corner', 'https://youtu.be/LtdaJhDF0TA', NULL, 20, '2019-12-07 09:43:58', 9203, 0, NULL, '1.17', 'Ikkisoad', 'pass'),
(752, '1 M > 5 M > 9 > j. M ~ j. L > j. L > j. 2 H > j. L > j. M ~ j. L > j. 2 H > j. 9 > j. L > j. L > j. L > A1 > H S > j. L > j. M ~ j. L > j. 2 H > j. 9 > j. L > j. L > j. S > j. 236 L M ', '', 'https://youtu.be/xkRxEf_DoEs', NULL, 21, '2019-12-07 09:46:09', 5559, 0, NULL, '1.17', 'Ikkisoad', 'pass'),
(753, 'j. H > 5 L > 5 L > 5 M > 2 S > j. M ~ dl. j. L > j. S > (land) 5 L > 9 > j. L > j. M ~ j. L > j. 2 H > H S > j. 4 L > j. 4 L > j. M ~ j. 2 H > j. 9 > j. 4 L > j. 4 L > j. M > j. H > A1 > j. [ L M ] > j. 236 L M > A1 ', 'Corner', 'https://youtu.be/26Q6r_HyyME', NULL, 21, '2019-12-07 09:49:02', 5704, 0, NULL, '1.17', 'Ikkisoad', 'pass'),
(754, '2 M > 5 M > 9 > j. M > j. H > j. L > j. L > (land) 9 > j. M > j. H > j. L > j. L > (land) 9 > j. M > j. H > j. L > j. L > (land) 5 H > H S > j. M > j. L > j. 9 > j. L > j. L > j. 236 S > j. 236 L M ', '', '', NULL, 16, '2019-12-07 09:55:44', 7308, 0, NULL, '1.17', '', 'pass'),
(755, '2 M > 5 M > 9 > j. M > j. H > j. L > (land) 5 L > 9 > j. M > j. H > j. L > (land) 5 L > 9 > j. M > j. H > j. L > (land) 5 L >  5 H > H S > j. M > j. L > j. 9 > j. L > j. L > j. 236 S > j. 236 L M', '', '', NULL, 16, '2019-12-07 09:58:19', 7308, 0, NULL, '1.17', '', 'pass'),
(756, '2 M ~ 5 M > 236 L > 214 H S > 8 > j. M > j. H > j. L > j. 8 > j. M > j. H > j. L > (land) 5 H > 5 M > 8 > j. M > j. H > j. L > (land) 5 H > 5 M > 8 > j. M > j. 9 > j. L > j. L ~ j. 236 S > M H > 66 > 236 S > 214 L M ', 'Corner', 'https://streamable.com/s/21rfa/tcdacp', NULL, 16, '2019-12-07 10:12:27', 8488, 0, NULL, '1.17', '', 'pass'),
(757, '5 L > 5 L > 2 M > dl. 5 M > 2 S > 66 2 9 > j. L > j. 9 > j. L > j. L > j. 2 H > H S > j. L > j. L > j. S > j. 236 L ', 'Side Switch', 'https://twitter.com/fenritti/status/1203313595703939072', NULL, 1, '2019-12-07 15:03:11', 3245, 0, NULL, '1.17', 'fenritti', 'passfenritti'),
(758, '2 M > 5 M > 9 > j. M > j. 9 > j. M > j. H > j. 214 M > L M H S > (whiff) 5 L > 5 L > 5 L > 2 9 > j. H > j. 2 H > j. 9 > j. L > j. L > j. L > j. S > j. 214 M > A2 > 2 9 > j. H > j. 2 H > j. 9 > j. L > A1 > j. L > j. 214 L > 8 > j. 236 S ~ L > M H > 66 > [ L M ] > A2 > 214 S > 236 L M > A2 > 4 A1 ', 'Corner', 'https://youtu.be/0zGzIJnjPaM', NULL, 20, '2019-12-07 19:05:57', 10351, 0, NULL, '1.17', 'Ikkisoad', 'pass'),
(759, '5 M > 2 M > 5 S > 214 M > [ 4 ] > 5 L > 5 L > 5 L > L M H S > (whiff) 5 L > 5 L > 5 L > 2 9 > j. H > j. 2 H > j. 9 > j. L > j. L > j. L > j. S > j. 214 M > A2 > 2 9 > j. H > j. 2 H > j. 9 > j. L > A1 > j. L > j. 214 L > 8 > j. 236 S ~ L > M H > 66 > [ L M ] > A2 > 214 S > 236 L M > A2 > 4 A1 ', 'Corner', 'https://youtu.be/uJq6I1OTct8', NULL, 20, '2019-12-07 19:09:41', 10220, 0, NULL, '1.17', 'Ikkisoad', 'pass'),
(760, 'j. M > j. L > 5 L > 5 L > 5 M > 2 M > 5 S > 214 M > L M H S > (whiff) 5 L > 5 L > 5 L > 2 9 > j. H > j. 2 H > j. 9 > j. L > j. L > j. L > j. S > j. 214 M > A2 > 2 9 > j. H > j. 2 H > j. 9 > j. L > A1 > j. L > j. 214 L > 8 > j. 236 S ~ L > M H > 66 > [ L M ] > A2 > 214 S > 236 L M > A2 > 4 A1 ', 'Corner', 'https://youtu.be/Mx-g8_EZDwQ', NULL, 20, '2019-12-07 19:14:12', 8270, 0, NULL, '1.17', 'Ikkisoad', 'pass'),
(761, '2 M > 5 M > 9 > j. M > j. 9 > j. M > j. S > j. 214 M > L M H S > (whiff) 5 L > 5 L > 5 L > 2 9 > j. H > j. S > j. 9 > j. H > j. S > j. 214 M > [ M H ] > j. M > j. L > (land) 9 > j. L > j. L > j. 2 H > j. 9 > j. L > j. L > j. 236 S ~ L > 236 L M ', 'Corner', 'https://youtu.be/vgs7dK9AYlA', NULL, 20, '2019-12-08 01:45:23', 6518, 0, NULL, '1.17', 'Ikkisoad', 'pass'),
(762, '2 M > 5 M > 9 > j. M > j. 9 > j. M > j. H > j. S > j. 214 M > L M H S > (whiff) 5 L > 5 L > 5 L > 2 9 > j. H > j. S > j. 66 > j. L > j. L > j. S > j. 214 M > [ M H ] > j. L > j. L > j. 2 H > j. 9 > j. L > j. L > j. 236 S > ', 'Corner', 'https://youtu.be/o2v9os01XvY', NULL, 20, '2019-12-08 01:47:57', 6586, 0, NULL, '1.17', 'Ikkisoad', 'pass'),
(763, '2 M > 5 M > 9 > j. M > j. H > j. 2 H > H S > j. H > j. 2 H > j. 9 > j. L > j. L > j. L > j. S > j. 214 M > A1 > 2 8 > L M ~ A1 ', 'Corner\r\nSnap', 'https://youtu.be/GZbqem-AY64', NULL, 20, '2019-12-08 01:50:23', 4765, 0, NULL, '1.17', 'Ikkisoad', 'pass'),
(764, '2 M > 5 M > 9 > j. M > j. H > j. 2 H > H S > j. M > j. H > j. 2 H > j. 9 > j. L > j. L > j. L > j. S > j. 214 M > A1 > 2 8 > L M ~ A1 ', 'Corner\r\nSnap', 'https://youtu.be/WVRL94Ycz74', NULL, 20, '2019-12-08 01:52:06', 4987, 0, NULL, '1.17', 'Ikkisoad', 'pass'),
(765, '2 M > 5 M > 3 S > 236 L > L M H S > 2 M > 9 6 > j. M > (land) 9 > j. M ~ j. 2 S > j. 66 > j. M > (land) 5 L > 9 > j. M > j. L > j. 9 > j. L > j. L > j. L > A1 > (land) [ 4 ] > 5 H > 214 S > [ S ] > 2 2 S > j. 236 L M > A1 > 4 A2 ', 'Corner', 'https://youtu.be/LcwiBwsFd1E', NULL, 16, '2019-12-11 16:26:29', 9889, 0, NULL, '1.17', 'Ikkisoad', 'pass'),
(766, '2 M > 5 M > 3 S > 236 L > L M H S > 2 M > 9 6 > j. M > (land) 9 > j. M ~ j. 2 S > j. 66 > j. M > (land) 5 L > 3 S > 2 9 > j. M > j. L > j. 9 > j. L > j. L > j. L > A1 > (land) [ 4 ] > 5 H > 214 S > [ S ] > 2 2 S > j. 236 L M > A1 > 4 A2', 'Corner', 'https://youtu.be/asWpkhnBviY', NULL, 16, '2019-12-11 16:34:34', 9979, 0, NULL, '1.17', 'Ikkisoad', 'pass'),
(767, '1 M > 5 M > 9 > j. H > L M H S > 214 M > 66 > 5 L > 5 L > 5 L > 9 > j. M > j. S > j. 66 > j. L > j. L > A1 > j. L > (land) > 5 M ~ 5 H > j. 9 > j. M ~ j. L > j. L > j. 9 > j. L > j. L ~ j. L > A2 > dl. > j. 236 M > M H > 236 S > 236 L M > A1 > 4 A2 ', 'Close to Corner', 'https://youtu.be/fBrqwdQNA0U', NULL, 21, '2019-12-11 16:38:28', 10011, 0, NULL, '1.17', 'Ikkisoad', 'pass'),
(768, '2 M > 5 M > 3 S > 236 L > L M H S > 2 M > 9 6 > j. M > (land) 9 > j. M ~ j. 2 S > j. 66 > j. M > (land) 5 L > 9 > j. M > j. L > j. 9 > j. L > j. L > dl. j. L > A1 > (land) [ 4 ] > 5 H > 214 S > [ S ] > 2 2 S > M H > j. 236 L M > A1 > 4 A2', 'Corner', 'https://youtu.be/EyT3F_CFgPA', NULL, 16, '2019-12-11 17:07:26', 10059, 0, NULL, '1.17', 'Ikkisoad', 'pass'),
(769, '1 M > 5 S ~ S > j. 236 S > j. L M H S > (land) 214 M > 66 > 5 L > 5 L > 5 L > [ 4 ] > j. M > j. S > j. 66 > j. L > j. L > A1 > j. L > (land) 5 M ~ 5 H > 9 > j. M ~ j. L > j. L > j. 9 > j. L > j. L ~ j. L > A2 > dl. j. 236 M > M H > 236 S > 236 L M > A1 > 4 A2', 'Corner', 'https://youtu.be/fN12qSsSwT0', NULL, 21, '2019-12-13 03:23:00', 10317, 0, NULL, '1.17', 'Ikkisoad', 'pass'),
(770, '1 M > 2 S > j. 236 S > j. L M H S > (land) 214 M > 66 > 5 L > 5 L > 5 L > [ 4 ] > j. M > j. S > j. 66 > j. L > j. L > A1 > j. L > (land) 5 M ~ 5 H > 9 > j. M ~ j. L > j. L > j. 9 > j. L > j. L ~ j. L > A2 > dl. j. 236 M > M H > 236 S > 236 L M > A1 > 4 A2', 'Corner', 'https://youtu.be/edB5CyTDCcQ', NULL, 21, '2019-12-13 03:25:37', 10367, 0, NULL, '1.17', 'Ikkisoad', 'pass'),
(771, '1 M > 2 S > j. 236 S > j. L M H S > (land) 214 M > 66 > 5 L > 5 L > 5 L > [ 4 ] > j. M > j. S > j. 66 > j. L > j. L > A1 > j. L > (land) 5 M ~ 5 H > 5 S > 9 > j. M ~ j. L > j. L > j. 9 > j. L > j. L ~ j. L > A2 > dl. j. 236 M > M H > 236 S > 236 L M > A1 > 4 A2', 'Corner', 'https://youtu.be/I0kD2Qd6H6Q', NULL, 21, '2019-12-13 03:27:23', 10475, 0, NULL, '1.17', 'Ikkisoad', 'pass'),
(772, '5 H > 2 S > j. 236 S > j. L M H S > (whiff) 5 L > 5 L > 5 L > [ 4 ] > j. M > j. S > j. 66 > j. L > j. L > A1 > j. L > (land) 5 M ~ 5 H > 9 > j. M ~ j. L > j. 2 H > j. 9 > j. L > j. L > j. L > A2 > dl. j. 236 M > M H > 236 S > 236 L M > A1 > 4 A2', 'Corner', 'https://youtu.be/iWuaFLEFl_c', NULL, 21, '2019-12-13 13:14:57', 10212, 0, NULL, '1.17', 'Ikkisoad', 'pass'),
(773, '5 H > 2 S > j. 236 S > j. L M H S > (whiff) 5 L > 5 L > 5 L > [ 4 ] > j. M > j. S > j. 66 > j. L > j. L > A1 > j. L > (land) 5 M ~ 5 H > 5 S > 9 > j. M ~ j. 2 H > j. 9 > j. L > j. L ~ j. L > A2 > dl. j. 236 M > M H > 236 S > 236 L M > A1 > 4 A2', 'Corner', 'https://youtu.be/T9Zjd2gX158', NULL, 21, '2019-12-13 13:17:26', 10248, 0, NULL, '1.17', 'Ikkisoad', 'pass'),
(774, '5 M > 236 L > j. L M H S > (land) 214 M > 66 > 5 L > 5 L > 5 L > [ 4 ] > j. M > j. S > j. 66 > j. L > j. L > A1 > j. L > (land) 5 M ~ 5 H > 9 > j. M ~ j. L > j. L > j. 9 > j. L > j. L ~ j. L > A2 > dl. j. 236 M > M H > 236 S > 236 L M > A1 > 4 A2 ', 'Corner', 'https://youtu.be/ZKp7BLNkYFs', NULL, 21, '2019-12-13 13:20:18', 10226, 0, NULL, '1.17', 'Ikkisoad', 'pass'),
(775, '2 M > 5 M > 9 > j. M > j. 9 > j. M > j. 214 M > L M H S > 66 > 5 L > 5 L > 5 L > 2 9 > j. M > j. 2 H > j. 9 > j. L > j. L > j. L > j. S > j. 214 M > [ M H ] > j. 66 > j. M > j. L > (land) 9 > j. L > j. L > j. 2 H > j. 9 > j. L > j. L > j. 236 S ~ M > M H > 66 > [ L M ] > 214 S > j. 214 L M ', 'Midscreen to Corner', 'https://youtu.be/4gewGEIZ6k4', NULL, 20, '2019-12-13 14:15:10', 8429, 0, NULL, '1.17', 'SkyChief 12', 'pass12'),
(776, '2 H > L M H S > 66 > (whiff) 5 L > 5 L > 5 L > 2 9 > j. M > j. 2 H > j. 9 > j. L > j. L > j. S > j. 214 M > [ M H ] > j. 66 > j. M > j. L > (land) 9 > j. L > j. L > j. 2 H > j. 9 > j. L > j. L > j. S > j. 236 S ~ M > M H > 66 > [ L M ] > 214 S > j. 214 L M ', 'Midscreen close to corner', 'https://youtu.be/xXAwEqJD0Zg', NULL, 20, '2019-12-13 14:19:03', 7916, 0, NULL, '1.17', 'SkyChief 12', 'pass12'),
(777, '2 M > 5 M > 3 S > 236 L > L M H S > 2 M > 9 6 > j. M > (land) 9 > j. M ~ j. 2 S > j. 66 > j. M > (land) 5 L > 9 > j. M > j. L > j. 9 > j. L > j. L > dl. j. L > A1 > (land) [ 4 ] > 5 H > 214 S > [ S ] > 2 2 S > M H > [ L M ] > 236 L M > A1 > 4 A2', 'Corner', 'https://youtu.be/WfZwSau3jpI', NULL, 16, '2019-12-17 21:08:36', 10296, 0, NULL, '1.17', 'Ikkisoad', 'pass'),
(778, '2 M > 5 M > 236 L > L M H S > 2 M > 9 6 > j. M > (land) 9 > j. M ~ j. 2 S > j. 66 > j. M > (land) 5 L > 9 > j. M > j. L > j. 9 > j. L > j. L > dl. j. L > A1 > (land) [ 4 ] > 5 H > 214 S > [ S ] > 2 2 S > M H > [ L M ] > 236 L M > A1 > 4 A2', 'Corner', 'https://youtu.be/S3xZnNtLkJw', NULL, 16, '2019-12-17 21:15:52', 10146, 0, NULL, '1.17', 'Ikkisoad', 'pass'),
(779, '2 M > 5 M > 3 S > 236 L > L M H S > 2 M > 9 6 > j. M > (land) 9 > j. M ~ j. 2 S > j. 66 > j. M > (land) 5 L > 9 > j. M > j. L > j. 9 > j. L > j. L > dl. j. L > A1 > (land) [ 4 ] > 5 H > 214 S > [ S ] > 2 2 S > M H > [ L M ] > 236 L M > A1 > 4 A2', 'Corner', 'https://youtu.be/3UzE_WkXLlI', NULL, 16, '2019-12-17 21:21:40', 10298, 0, NULL, '1.17', 'Ikkisoad', 'pass'),
(780, '1 M > 9 > j. S > j. 66 j. L > j. S > (land) 5 M ~ 2 M > 9 > j. S > j. 66 > j. L > j. S > (land) 5 M ~ 2 M > 9 j. S > j. 66 > j. L > j. S > (land) 5 M ~ 2 M > 2 H > H S > j. L > j. M ~ j. L > j. 9 > j. L j. L ~ j. L > 214 L M ', '', 'https://twitter.com/NocTurn_Medic/status/1208072821940932608?s=19', NULL, 21, '2019-12-20 19:12:45', 7058, 0, NULL, '1.2', 'NocTurn_Medic', 'pass'),
(781, 'LP > MP > ~ HP > dp HK ', '', '', NULL, 170, '2019-12-25 01:40:22', 37, 0, NULL, '', '', ''),
(782, 'j. HK > cr LK > cr LK > cr LK ', '', 'https://youtu.be/0LmaNVkstVg', NULL, 179, '2019-12-26 17:36:48', 29, 0, NULL, '', 'Moto12th', 'pass'),
(783, 'j. HK > cr HP ', '', 'https://youtu.be/4jONg96daoM', NULL, 179, '2019-12-26 19:08:22', 29, 0, NULL, '', 'Moto12th', 'pass'),
(784, 'j. HK > qcb MP ', '', 'https://youtu.be/o4Nuv8XqynU', NULL, 179, '2019-12-26 19:10:33', 34, 0, NULL, '', 'Moto12th', 'pass'),
(785, 'j. HK > qcb P P ', '', 'https://youtu.be/2FRtAnOrb8Q', NULL, 179, '2019-12-26 19:21:37', 45, 0, NULL, '', 'Moto12th', 'pass'),
(786, 'j. HK > cr LK > qcb LP ', '', 'https://youtu.be/xXG9CiK2ugQ', NULL, 179, '2019-12-26 19:22:53', 28, 0, NULL, '', 'Moto12th', 'pass'),
(787, 'j. HK > st MP > qcb LP ', '', 'https://youtu.be/lfx-FdNPya0', NULL, 179, '2019-12-26 19:24:08', 29, 0, NULL, '', 'Moto12th', 'pass'),
(788, 'qcf P P > qcf P P > qcf P P > qcf P P ', '', 'https://youtu.be/X0zK_Bfyt5M', NULL, 179, '2019-12-26 19:25:42', 33, 0, NULL, '', 'Moto12th', 'pass'),
(789, 'qcf P P > qcb P > u > j. qcb K K ', '', 'https://youtu.be/xvchOulsQPM', NULL, 179, '2019-12-26 19:28:29', 26, 0, NULL, '', 'Moto12th', 'pass'),
(790, 'j. MP > qcf qcf P ', '', 'https://youtu.be/DaSLm5yKK0k', NULL, 179, '2019-12-26 19:30:06', 55, 0, NULL, '', 'Moto12th', 'pass'),
(791, 'j. MP > cr LK > qcf qcf P ', '', 'https://youtu.be/MErmbEZ0YIo', NULL, 179, '2019-12-26 19:30:57', 62, 0, NULL, '', 'Moto12th', 'pass'),
(792, 'j. HK > qcf qcf P ', '', 'https://youtu.be/MKhQkQpp6N4', NULL, 179, '2019-12-26 19:31:53', 57, 0, NULL, '', 'Moto12th', 'pass'),
(793, 'j. HK > cr LK > qcf qcf P ', '', 'https://youtu.be/5s245ghtsb8', NULL, 179, '2019-12-26 19:33:20', 58, 0, NULL, '', 'Moto12th', 'pass'),
(794, 'j. HK > cr LK > cr LK > qcf qcf P ', '', 'https://youtu.be/R3YjEosDLnM', NULL, 179, '2019-12-26 19:34:09', 69, 0, NULL, '', 'Moto12th', 'pass'),
(795, 'j. HK > st MP > qcf qcf P ', '', 'https://youtu.be/G5LDqu3X2zk', NULL, 179, '2019-12-26 19:34:57', 59, 0, NULL, '', 'Moto12th', 'pass'),
(796, 'j. HK > cr MP > qcf qcf P ', '', 'https://youtu.be/oZEsaldoeD4', NULL, 179, '2019-12-26 19:35:40', 70, 0, NULL, '', 'Moto12th', 'pass'),
(797, 'j. HK > cr MP > cr LK > qcf qcf P ', '', 'https://youtu.be/0DYAQ5LzU4c', NULL, 179, '2019-12-26 19:36:28', 72, 0, NULL, '', 'Moto12th', 'pass'),
(798, 'j. HK > cr LK > qcb LP > qcf qcf P ', '', 'https://youtu.be/fGxnmTT-2Nk', NULL, 179, '2019-12-26 19:37:33', 51, 0, NULL, '', 'Moto12th', 'pass'),
(799, 'j. HK > cr LK > cr LK > qcb LP > qcf qcf P ', '', 'https://youtu.be/zvTwQeOfzMA', NULL, 179, '2019-12-26 19:38:39', 64, 0, NULL, '', 'Moto12th', 'pass'),
(800, 'j. HK > st MP > qcb P > qcf qcf P ', '', 'https://youtu.be/K5x8es6QUwQ', NULL, 179, '2019-12-26 19:40:11', 53, 0, NULL, '', 'Moto12th', 'pass'),
(801, 'MK MP > qcf qcf P ', '', 'https://youtu.be/lGcbSSPqcSA', NULL, 179, '2019-12-26 19:42:40', 57, 0, NULL, '', 'Moto12th', 'pass'),
(802, 'MK MP > cr LK > cr LK > qcf qcf P ', '', 'https://youtu.be/VHiXATJhf3U', NULL, 179, '2019-12-26 19:43:32', 66, 0, NULL, '', 'Moto12th', 'pass'),
(803, 'MK MP > st MK > qcf qcf P ', '', 'https://youtu.be/QZX4lZRUeCY', NULL, 179, '2019-12-26 19:44:21', 69, 0, NULL, '', 'Moto12th', 'pass'),
(804, 'qcf LP > cr LK > cr LK > cr LK ', '', 'https://youtu.be/aGe3HRrMxa8', NULL, 179, '2019-12-26 19:47:39', 21, 0, NULL, '', 'Moto12th', 'pass'),
(805, 'qcf LP > cr LK > qcb LP ', '', 'https://youtu.be/Z5WiI93i2k4', NULL, 179, '2019-12-26 20:45:30', 22, 0, NULL, '', 'Moto12th', 'pass'),
(806, 'qcf LP > cr LK > cr LK > qcf qcf P ', '', 'https://youtu.be/bi2GxyiceyY', NULL, 179, '2019-12-26 20:47:00', 49, 0, NULL, '', 'Moto12th', 'pass'),
(807, 'qcf LP > cr LK > qcb LP > qcf qcf P ', '', 'https://youtu.be/NqK6lHS3OP4', NULL, 179, '2019-12-26 20:47:56', 41, 0, NULL, '', 'Moto12th', 'pass'),
(808, 'qcf P > qcf qcf P ', '', 'https://youtu.be/Pk1N_nGR1W4', NULL, 179, '2019-12-26 20:49:07', 42, 0, NULL, '', 'Moto12th', 'pass'),
(809, 'qcf P P > qcf qcf P ', '', 'https://youtu.be/q4VaFRWvEpE', NULL, 179, '2019-12-26 20:49:47', 30, 0, NULL, '', 'Moto12th', 'pass'),
(810, 'j. HK > j. qcf qcf K ', '', 'https://youtu.be/ImC1ivDnef0', NULL, 179, '2019-12-26 20:50:49', 68, 0, NULL, '', 'Moto12th', 'pass'),
(811, 'j. HK > st MK > j. qcf qcf K ', '', 'https://youtu.be/PzTQ1o5mvwo', NULL, 179, '2019-12-26 20:52:38', 72, 0, NULL, '', 'Moto12th', 'pass'),
(812, 'MK MP > st MK > j. qcf qcf K ', '', 'https://youtu.be/ibh5oQEkakc', NULL, 179, '2019-12-26 20:56:12', 74, 0, NULL, '', 'Moto12th', 'pass'),
(813, 'st LK > st MK > st HK ', '', '', NULL, 170, '2019-12-26 23:16:20', 21, 0, NULL, '', '', 'pass'),
(814, 'st LK > st MK > dp HK ', '', '', NULL, 170, '2019-12-26 23:19:02', 26, 0, NULL, '', '', 'pass'),
(815, 'st LK > st MK > dp K K ~ qcf P ', '', '', NULL, 170, '2019-12-26 23:28:14', 49, 0, NULL, '', '', 'pass'),
(816, 'j. LP > j. f HP > st LK > st MK > st HK ', '', '', NULL, 170, '2019-12-26 23:33:41', 42, 0, NULL, '', '', 'pass'),
(817, 'j. LP > j. f HP > st LK > st MK > dp HK ', 'Corner', '', NULL, 170, '2019-12-26 23:36:54', 47, 0, NULL, '', '', 'pass'),
(818, 'j. LP > j. f HP > st MK > hcb HP ', '', '', NULL, 170, '2019-12-26 23:47:47', 61, 0, NULL, '', '', 'pass'),
(819, 'st MK > hcb HP ', '', '', NULL, 170, '2019-12-26 23:51:21', 42, 0, NULL, '', '', 'pass'),
(820, 'st LK > st MK > hcb HP ', '', '', NULL, 170, '2019-12-26 23:51:55', 35, 0, NULL, '', '', 'pass'),
(821, 'j. HP > j. f MK > st MK > hcb HP ', '', '', NULL, 170, '2019-12-26 23:56:27', 60, 0, NULL, '', '', 'PASS'),
(822, 'st HP > cr HK > st HK ', 'Close', '', NULL, 170, '2019-12-27 00:08:03', 29, 0, NULL, '', '', 'pass'),
(823, 'j. HP > qcf qcf P ', '', '', NULL, 170, '2019-12-27 00:55:22', 60, 0, NULL, '', '', 'pass'),
(824, 'st HK > cr uf > j. HP > j. f MK > (land) fd ', '', 'https://youtu.be/ykm1gZGS5P4?t=13', NULL, 170, '2019-12-27 01:40:49', 35, 2, NULL, '', '', 'pass'),
(825, 'cr HK > st HK > cr u > j. HP > j. f MK ', 'Close', '', NULL, 170, '2019-12-28 17:34:58', 44, 0, NULL, '', '', 'pass'),
(826, 'j. HP > cr MK > qcb LK > dp HP ', '', '', NULL, 164, '2019-12-29 00:08:50', 76, 0, NULL, '', '', ''),
(827, 'j. HP > cr MK > qcb LK > dp HP ~ qcf qcf P ', '', '', NULL, 164, '2019-12-29 00:12:45', 80, 0, NULL, '', '', ''),
(828, 'j. HP > cr MK > qcb LK > dp HP ~ qcf qcf P', '', '', NULL, 164, '2019-12-29 00:14:18', 106, 0, NULL, '', '', ''),
(829, 'cr LK > hcb HP ', '', '', NULL, 170, '2019-12-29 00:47:51', 27, 0, NULL, '', '', 'pass'),
(830, 'cr LK > qcb K K ', '', '', NULL, 170, '2019-12-29 00:54:35', 29, 0, NULL, '', '', 'pass'),
(831, 'cr LK > dp MK ', '', '', NULL, 170, '2019-12-29 00:59:32', 20, 0, NULL, '', '', 'pass'),
(832, 'qcf qcf P ', '', '', NULL, 170, '2019-12-29 01:02:05', 91, 0, NULL, '', '', 'pass'),
(833, 'cr LK > dp K K ', '', '', NULL, 170, '2019-12-29 01:05:19', 24, 0, NULL, '', '', 'pajss'),
(835, 'j. C > 5 A > 5 B > 5 C > 2 C > 214 A > 5 B > 5 C > 9 > j. A > j. B > j. C > j. 9 > j. A > j. B > j. C > j. A D ', 'Corner', '', NULL, 122, '2020-01-03 02:31:35', 5140, 0, NULL, '', '', 'pass'),
(836, '5 M > 236 S > L M H S > j. 66 > j. H > 5 H ~ 9 6 > j. H > 5 H > 2 S > j. 66 > j. L > j. H > (land) 2 9 > j. L > j. L > j. H > j. S > j. 66 > j. L > j. L > j. S > j. 236 S ~ L > M H > [ L M ] > 214 S ~ S ~ S > j. 214 L M', 'Corner vs Yellow', 'https://youtu.be/MB7S1q0Votw?t=74', NULL, 20, '2020-01-06 22:03:24', 8500, 0, NULL, '', 'Xiao', 'passXiao'),
(837, '2 A > 2 A > 2 B > 5 C > 9 > j. B > j. C > j. 9 > j. B > j. C > j. 6 A D ', '', 'https://nico.ms/sm33678468?from=2', NULL, 133, '2020-01-13 13:18:12', 3150, 0, NULL, '', '', ''),
(838, '2 A > 2 A > 5 C > 2 B > 4 B > 9 > j. B > j. C > j. 9 > j. B > j. C > j. 2 C > j. 6 A D ', '', 'https://nico.ms/sm33678468?from=12', NULL, 133, '2020-01-13 13:58:12', 3822, 0, NULL, '', '', ''),
(839, '2 A > 2 A > 5 C > 2 B > 623 A > 4 B > 9 > j. B > j. C > j. 9 > j. B > j. C > j. 2 C > j. 6 A D ', '', 'https://nico.ms/sm33678468?from=25', NULL, 133, '2020-01-13 14:14:54', 3792, 0, NULL, '', '', ''),
(840, '2 A > 2 A > 5 C > 2 C > 2 B > 4 [ B ] > 9 > j. B > j. C > j. 9 > j. B > j. C > j. 2 C > j. 6 A D ', '', 'https://nico.ms/sm33678468?from=39', NULL, 133, '2020-01-13 14:24:56', 4181, 0, NULL, '', '', ''),
(841, '2 A > 2 A > 2 B > 2 C > 6 C > 9 > j. B > j. C > j. 9 > j. B > j. C > j. 4 A D ', '', 'https://nico.ms/sm33488241?from=2', NULL, 122, '2020-01-14 01:44:59', 3160, 0, NULL, '', '', ''),
(842, '5 A > 5 A > 5 B > 6 B > 2 B > 5 C > 2 C > 6 C > 9 > j. B > j. C > j. 9 > j. B > j. C > j. 4 A D ', '', 'https://nico.ms/sm33488241?from=12', NULL, 122, '2020-01-14 01:58:40', 3675, 0, NULL, '', '', ''),
(843, '2 A > 2 A > 5 C > 623 A > 2 B > 2 [ C ] ~ 2 C > 9 > j. B > j. C > j. 9 > j. B > j. C > j. 2 C > j. 6 A D ', '', 'https://nico.ms/sm33678468?from=52', NULL, 133, '2020-01-14 19:20:29', 3926, 0, NULL, '', '', ''),
(844, '2 A > 2 A > 5 C > 2 C > 623 A > 2 B > 623 [ A ] > 5 B > 4 B > 9 > j. B > j. C > j. 9 > j. B > j. C > j. 2 C > j. 6 A D ', '', 'https://nico.ms/sm33678468?from=67', NULL, 133, '2020-01-14 19:25:08', 4345, 0, NULL, '', '', ''),
(845, '5 A > 5 A > 5 B > 6 B > 2 B > 5 C > 236 A ~ 6 C ', '', 'https://nico.ms/sm33488241?from=23', NULL, 122, '2020-01-15 00:19:55', 2788, 0, NULL, '', '', ''),
(846, '5 A > 5 A > 5 B > 6 B > 2 B > 5 C > 2 C > 214 A > 5 B > 5 C > 2 B > 9 > j. B > j. C > j. 9 > j. A > j. B > j. C > j. 4 A D ', 'Close to corner', 'https://nico.ms/sm33488241?from=32', NULL, 122, '2020-01-15 00:32:19', 4585, 0, NULL, '', '', ''),
(847, '5 A > 5 A > 5 B > 6 B > 2 B > 2 C > 5 C > 236 A ~ 6 A > 2 B > 9 > j. B > j. C > j. 9 > j. A > j. B > j. C > j. 4 A D ', '', 'https://nico.ms/sm33488241?from=45', NULL, 122, '2020-01-15 00:39:56', 4257, 0, NULL, '', '', ''),
(848, '5 A > 5 A > 5 B > 6 B > 2 B > 5 C > 214 C > 5 C > 214 [ B ] > 5 B > 2 B > 9 > j. B > j. C > j. 9 > j. A > j. B > j. C > j. 4 A D ', '', 'https://nico.ms/sm33488241?from=58', NULL, 122, '2020-01-15 00:42:48', 4322, 0, NULL, '', '', ''),
(849, '2 A > 2 A > 5 C > 2 B > 2 C > 623 A > 2 B > 623 [ A ] > 4 B > 9 > j. B > j. C > j. 9 > j. B > j. C > j. 2 C > j. 6 A D ', '', 'https://nico.ms/sm33678468?from=83', NULL, 133, '2020-01-15 00:49:13', 4701, 0, NULL, '', '', ''),
(850, '2 A > 2 A > 5 C > 2 C > 623 A > 2 B > 623 [ A ] > 4 B > 236 C > [ 4 ] > 2 [ C ] > 623 A > 2 B > 623 A > 4 B > 9 > j. B > j. C > j. 9 > j. B > j. C > j. 2 C > j. 6 A D ', '', 'https://nico.ms/sm33678468?from=98', NULL, 133, '2020-01-15 00:58:04', 4625, 0, NULL, '', '', 'pass'),
(851, '236 M > M H > 66 > 5 M > 2 S > j. 66 > j. L > j. S > (land) > 5 M > 9 > j. M ~ j. L > j. 9 > j. L > j. M > j. S > j. L > j. S > (land) > 5 M ~ 1 M > 5 S > 214 L > 236 L M ', '', 'https://youtu.be/psox7uqV2_I', NULL, 21, '2020-01-15 03:16:30', 3915, 0, NULL, '', 'Clayton Chapman', 'pass'),
(852, '2 A > 2 A > 5 C > 2 C > 623 A > 2 B > 623 [ A ] > 5 B > 4 B > 236 C > 5 A B C > 5 A > 5 C > 9 > j. B > j. C > j. 9 > j. B > j. C > j. 2 C > j. 6 A D ', '', 'https://nico.ms/sm33678468?from=124', NULL, 133, '2020-01-15 19:38:56', 4408, 0, NULL, '', '', ''),
(853, '6 A D > 2 B > 623 [ A ] > 4 B > 9 > j. B > j. C > j. 9 > j. B > j. C > j. 2 C > j. 6 A D ', '', 'https://nico.ms/sm33678468?from=146', NULL, 133, '2020-01-15 19:41:19', 3110, 0, NULL, '', '', 'pass'),
(854, '5 M ~ 2 S > j. 66 > j. L > j. S > (land) 5 M > 9 > j. M ~ j. L > j. 9 > j. M > j. S > j. L > j. S > (land) 5 M ~ 5 S > 5 H > 5 L > 5 L > 5 L > 214 L > 236 L M ', '', 'https://youtu.be/8nsPBeyJF5M', NULL, 21, '2020-01-16 03:40:47', 5435, 0, NULL, '', 'Clayton Chapman', 'pass'),
(855, '5 A > 5 A > 5 B > 2 B > 5 C > 2 C > 214 A > 5 C > 623 C > (whiff) j. A > 5 B > 5 C > 5 A > 2 B > 9 > j. B > j. C > j. 9 > j. A > j. B > j. C > j. 4 A D ', '', 'https://nico.ms/sm33488241?from=74', NULL, 122, '2020-01-16 23:58:57', 0, 0, NULL, '', '', 'pass'),
(856, '5 A > 5 A > 5 B > 2 B > 5 C > 214 C > j. 623 C > 2 A > 5 C > 5 A > 2 B > 9 > j. B > j. C > j. 9 > j. A > j. B > j. C > j. 4 A D ', '', 'https://nico.ms/sm33488241?from=91', NULL, 122, '2020-01-17 00:02:01', 0, 0, NULL, '', '', 'pass'),
(857, 'j. 6 A D > 623 A > 2 B > 2 [ C ] > 623 A > 5 B > 5 C > 9 > j. B > j. C > j. 9 > j. B > j. C > j. 2 C > j. 6 A D ', '', 'https://nico.ms/sm33678468?from=160', NULL, 133, '2020-01-17 23:06:11', 3541, 0, NULL, '', '', 'pass'),
(858, '63214 C > 623 A > 2 B > 2 [ C ] > 623 A > 5 B > 5 C > 9 > j. B > j. C > j. 9 > j. B > j. C > j. 2 C > j. 6 A D ', '', 'https://nico.ms/sm33678468?from=176', NULL, 133, '2020-01-17 23:11:17', 3861, 0, NULL, '', '', 'pass'),
(859, '214 A > j. 236 C ', '', 'https://nico.ms/sm33678468?from=196', NULL, 133, '2020-01-17 23:14:05', 2372, 0, NULL, '', '', 'pass'),
(860, '623 A > 8 > j. 214 A > 44 > 2 A ', '', 'https://nico.ms/sm33678468?from=209', NULL, 133, '2020-01-17 23:20:50', 0, 2, NULL, '', '', 'pass'),
(861, '623 A > 421 B > 5 C > 66 > 6 A D ', '', 'https://nico.ms/sm33678468?from=209', NULL, 133, '2020-01-17 23:24:32', 0, 2, NULL, '', '', 'pass'),
(862, '623 A > 236 [ A ] > 9 > j. 214 [ A ] > 2 A ', '', 'https://nico.ms/sm33678468?from=209', NULL, 133, '2020-01-17 23:27:55', 0, 2, NULL, '', '', 'pass'),
(863, '623 A > 7 > j. [ C ] > j. 66 > j. 2 C > j. 9 > j. 2 C > 236 A ', '', 'https://nico.ms/sm33678468?from=209', NULL, 133, '2020-01-17 23:29:45', 0, 2, NULL, '', '', 'pass'),
(864, '2 A > 2 A > 2 B > 5 C ~ 9 > j. B > j. C > j. 9 > j. B > j. C > j. 6 A D ', '', 'https://nico.ms/sm33678468?from=228', NULL, 133, '2020-01-17 23:32:49', 3526, 0, NULL, '', '', 'pass'),
(865, '2 A > 2 A > 5 B > 2 B > 4 B > 5 C > 9 > j. B > j. C > j. 9 > j. B > j. C > j. 6 A D ', '', 'https://nico.ms/sm33678468?from=239', NULL, 133, '2020-01-17 23:34:47', 4202, 0, NULL, '', '', 'pass'),
(866, '2 A > 2 A > 5 B > 2 B > 2 C ~ 2 C > 9 > j. B > j. C > j. 9 > j. B > j. C > j. 6 A D ', '', 'https://nico.ms/sm33678468?from=251', NULL, 133, '2020-01-17 23:37:01', 3741, 0, NULL, '', '', 'pass'),
(867, '2 A > 2 A > 5 C > 623 B > 5 A > 5 C > 9 > j. B > j. C > j. 9 > j. B > j. C > j. 6 A D ', '', 'https://nico.ms/sm33678468?from=266', NULL, 133, '2020-01-17 23:39:49', 4933, 0, NULL, '', '', 'pass'),
(868, '2 A > 2 A > 5 C > 623 A ~ 623 C > 2 B > 2 A > 2 B > 5 C > 9 > j. B > j. C > j. 9 > j. B > j. C > j. 2 C > j. 6 A D ', '', 'https://nico.ms/sm33678468?from=281', NULL, 133, '2020-01-17 23:44:06', 3618, 0, NULL, '', '', 'pass'),
(869, '2 A > 2 A > 5 B > 2 B > 2 C > 236 C > 5 B > 2 B > 4 B > 5 C > 9 > j. B > j. C > j. 9 > j. B > j. C > j. 6 A D ', '', 'https://nico.ms/sm33678468?from=302', NULL, 133, '2020-01-17 23:48:40', 4325, 0, NULL, '', '', 'pass'),
(870, '2 A > 2 A > 5 B > 2 B > 2 C > 9 > j. 236 C > 2 B > 2 C ', '', 'https://nico.ms/sm33678468?from=321', NULL, 133, '2020-01-22 17:22:53', 3384, 0, NULL, '', '', 'pass'),
(871, '2 A > 2 A > 5 B > 2 B > 2 C > 9 > j. 236 C > 5 B > 2 B > 2 A > 2 B > 2 C ~ 2 C > 9 > j. B > j. C > j. 9 > j. B > j. C > j. 2 C > j. 6 A D ', '', 'https://nico.ms/sm33678468?from=334', NULL, 133, '2020-01-22 17:25:55', 4391, 0, NULL, '', '', 'pass'),
(872, '2 A > 2 A > 5 B > 5 C ~ 9 > j. 236 C > (land) 5 B > 2 B > 2 C ~ 2 C > 9 > j. B > j. C > j. 9 > j. B > j. C > j. 2 C > j. 6 A D ', '', 'https://nico.ms/sm33678468?from=354', NULL, 133, '2020-01-22 17:51:10', 4604, 0, NULL, '', '', 'pass'),
(873, '5 B > 236 A > 236 C > 66 > 2 B > 2 C ', '', 'https://nico.ms/sm33678468?from=371', NULL, 133, '2020-01-22 17:53:30', 2848, 0, NULL, '', '', 'pass'),
(874, '2 A > 2 A > 5 C > 623 A ~ A B C > 5 B > 2 B > 4 B > 9 > j. B > j. C > j. 9 > j. B > j. C > j. 214 B > j. 214 C > j. 6 A D ', '', 'https://nico.ms/sm33678468?from=382', NULL, 133, '2020-01-22 17:58:03', 4901, 0, NULL, '', '', 'pass'),
(875, '2 A > 2 A > 5 C > 9 > j. 236 A ~ A B C > j. B > j. 236 A > (land) 2 B > 2 C ~ 2 C > 9 > j. B > j. C > j. 9 > j. B > j. C > j. 214 B > j. 214 C > j. 6 A D ', '', 'https://nico.ms/sm33678468?from=400', NULL, 133, '2020-01-22 18:00:52', 5635, 0, NULL, '', '', 'pass'),
(876, '6 A D > 5 A > 2 B > 2 A > 2 B > 2 C ', '', 'https://nico.ms/sm33678468?from=418', NULL, 133, '2020-01-22 18:06:11', 2126, 0, NULL, '', '', 'pass'),
(877, 'D ~ 236 D > 2 B > 2 A > 2 B > 2 A > 2 B > 2 C ', '', 'https://nico.ms/sm33678468?from=431', NULL, 133, '2020-01-22 18:08:30', 1730, 0, NULL, '', '', 'pass'),
(878, 'j. 2 C > j. 7 > j. 2 C ...', '', 'https://nico.ms/sm33678468?from=458', NULL, 133, '2020-01-22 18:12:22', 0, 2, NULL, '', '', 'pass'),
(879, 'j. 2 C > (land) 2 A > ...', '', 'https://nico.ms/sm33678468?from=458', NULL, 133, '2020-01-22 18:13:13', 0, 2, NULL, '', '', 'pass'),
(880, '2 A > 2 A > 5 C > 4 B > 9 > j. B > j. C > j. 9 > j. B > j. C > j. 6 A D ', '', 'https://nico.ms/sm33678468?from=478', NULL, 133, '2020-01-22 18:15:32', 3596, 0, NULL, '', '', 'pass'),
(881, '2 A > 2 A > 2 B > 5 C > 2 C > 2 A > 5 B > 4 B > 9 > j. B > j. C > j. 9 > j. B > j. C > j. 6 A D ', '', 'https://nico.ms/sm33678468?from=488', NULL, 133, '2020-01-22 18:17:52', 4483, 0, NULL, '', '', 'pass'),
(882, '2 A > 2 A > 2 B > 5 C > 623 A > 5 B > 2 C > 623 A > 4 B > 9 > j. B > j. C > j. 9 > j. B > j. C > j. 2 C > j. 6 A D ', '', 'https://nico.ms/sm33678468?from=502', NULL, 133, '2020-01-22 18:19:53', 4341, 0, NULL, '', '', 'pass'),
(883, '2 A > 2 A > 2 B > 5 C > 5 A ~ 6 A ~ 6 A > 2 A > 2 C > 5 B > 5 C > 9 > j. B > j. C > j. 9 > j. B > j. C > j. 2 C > j. 6 A D ', '', 'https://nico.ms/sm33678468?from=517', NULL, 133, '2020-01-22 18:22:19', 4724, 0, NULL, '', '', 'pass'),
(884, '2 A > 2 A > 2 B > 5 C > 5 A ~ 6 A ~ 6 A > 623 A > 5 B > 2 C > 623 A > 4 B > 9 > j. B > j. C > j. 9 > j. B > j. C > j. 2 C > j. 6 A D ', '', 'https://nico.ms/sm33678468?from=536', NULL, 133, '2020-01-22 18:25:57', 4622, 0, NULL, '', '', 'pass'),
(885, '2 A > 2 A > 2 B > 5 C > 5 A ~ 6 A ~ 6 A > 2 A > 2 C > 5 A ~ 6 A ~ 6 A > 5 [ C ] > 9 > j. B > j. 9 > j. B > j. C > j. 6 A D ', '', 'https://nico.ms/sm33678468?from=552', NULL, 133, '2020-01-22 18:28:58', 4453, 0, NULL, '', '', 'pass');
INSERT INTO `combo` (`idcombo`, `combo`, `comments`, `video`, `user_iduser`, `character_idcharacter`, `submited`, `damage`, `type`, `verified`, `patch`, `author`, `password`) VALUES
(886, '2 A > 2 A > 2 B > 5 C > 5 A ~ 6 A ~ 6 A > 2 C > 5 B > 9 > j. B > j. C > j. 9 > j. 2 C > j. 214 A > (land) 2 A > 2 C > 5 A ~ 6 A ~ 6 A > 5 [ C ] > 8 > j. A > j. C > j. 9 > j. B > j. C > j. 6 A D ', '', 'https://nico.ms/sm33678468?from=568', NULL, 133, '2020-01-22 18:47:08', 5073, 0, NULL, '', '', 'pass'),
(887, '2 A > 2 A > 2 B > 5 C > 5 A ~ 6 A ~ 6 A > 2 C > 5 B > 9 > j. B > j. C > j. 9 > j. 2 C > j. 214 A ', '', 'https://nico.ms/sm33678468?from=596', NULL, 133, '2020-01-22 18:49:36', 4203, 0, NULL, '', '', 'pass'),
(888, '6 A D > 2 A > 2 C > 5 B > 9 > j. B > j. C > j. 9 > j. 2 C > j. 214 A > (land) 2 A > 2 C > 5 A ~ 6 A ~ 6 A > 5 [ C ] > 9 > j. B > j. C > j. 6 A D ', '', 'https://nico.ms/sm33678468?from=613', NULL, 133, '2020-01-22 18:54:01', 3282, 0, NULL, '', '', 'pass'),
(889, '5 M > 2 M ~ 1 S > 5 M > 9 > j. M > j. 2 S > j. H > j. L > j. 9 > j. L > j. 2 S > j. H > j. M > (land) 2 M ~ 5 M > 9 > j. L > j. 2 S > j. H > j. M > (land) 2 M > 5 [ S ] > 5 M > 5 H > 214 S > 5 [ S ] > 2 2 S > M H > [ L M ] > 236 L > 214 L M ', 'Corner big body', 'https://twitter.com/yxiao1988/status/1221260197936562176?s=19', NULL, 16, '2020-01-27 01:19:54', 10001, 0, NULL, '', 'yxiao1988', 'pass'),
(892, '2 H > H S > j. L L 2 H > 9 j. L L H ', '', 'https://twitter.com/inigmatestacc/status/1228057994757320705?s=20', NULL, 21, '2020-02-13 20:49:18', 3210, 0, NULL, '1.20', '', 'kidbuu2h'),
(893, '2 M ~ 5 H ~ 2 H ~ H S >  j. L L ~ 9 ~ j. L L ~ j. 2 H > dl. 214 L ~ M H > 214 L > L > 236 M ', 'Metered Midscreen BNB. Switches sides. \r\nCan be started with j.H, 5L, 2L, 5M, and 2H for less damage, or 5LL for more damage. \r\nFor extra damage, replace j.LL ~ j.LL with j.MLL ~ 9 > dl. j.LL. \r\nFor super, replace the final Medium Gale Claw with L and a super of your choice.\r\nThe more hits the combo has before 2H, the tighter the timing is on the delayed Light Gale Claw.', 'https://youtu.be/-PCP4dzJ8ck', NULL, 9, '2020-02-13 21:01:29', 4564, 0, NULL, '1.16', '', 'e2rteth24rrt');

-- --------------------------------------------------------

--
-- Table structure for table `combo_listing`
--

CREATE TABLE `combo_listing` (
  `idcombo` int(11) NOT NULL,
  `idlist` int(11) NOT NULL,
  `comment` varchar(45) DEFAULT NULL
) ENGINE=InnoDB DEFAULT CHARSET=utf8;

--
-- Dumping data for table `combo_listing`
--

INSERT INTO `combo_listing` (`idcombo`, `idlist`, `comment`) VALUES
(206, 3, 'Solos'),
(222, 3, 'Solos'),
(238, 5, 'Corner damage'),
(241, 3, 'Solos'),
(241, 5, 'Midscreen damage'),
(261, 3, 'Solo Sparking'),
(265, 5, 'Midscreen damage'),
(272, 4, 'Corner damage'),
(273, 3, 'Solos'),
(274, 3, 'Snaps'),
(286, 3, 'Snaps'),
(294, 3, 'TOD'),
(309, 3, 'Snaps'),
(360, 5, 'Corner damage'),
(453, 3, 'Solos'),
(515, 3, 'TOD'),
(522, 5, 'Midscreen damage'),
(524, 5, 'Corner damage'),
(525, 3, 'Solo Sparking'),
(528, 3, 'Solo Sparking'),
(533, 4, 'Midscreen damage'),
(538, 3, 'Solos'),
(538, 5, 'Corner damage'),
(539, 3, 'TOD'),
(560, 3, 'Snaps'),
(563, 3, 'Solos'),
(577, 3, 'TOD'),
(583, 3, 'TOD'),
(717, 4, 'Midscreen SKD'),
(718, 4, 'Midscreen SKD'),
(719, 4, 'Midscreen SKD'),
(720, 4, 'Midscreen SKD'),
(721, 4, 'Midscreen SKD'),
(722, 4, 'Midscreen SKD'),
(723, 4, 'Midscreen SKD'),
(724, 4, 'Midscreen SKD'),
(725, 4, 'Midscreen damage'),
(726, 4, 'Corner SKD'),
(727, 4, 'Corner SKD'),
(728, 4, 'Corner SKD'),
(730, 4, 'Corner SKD'),
(731, 4, 'Corner SKD'),
(732, 4, 'Midscreen damage'),
(733, 4, 'Midscreen damage'),
(735, 4, 'Vanish > Okizeme'),
(736, 4, 'Okizeme'),
(737, 4, 'Vanish > Okizeme'),
(741, 4, 'Corner SKD'),
(763, 3, 'Snaps'),
(764, 3, 'Snaps'),
(768, 3, 'TOD'),
(771, 3, 'TOD'),
(892, 19, '2H');

-- --------------------------------------------------------

--
-- Table structure for table `game`
--

CREATE TABLE `game` (
  `idgame` int(11) NOT NULL,
  `name` varchar(100) NOT NULL,
  `complete` int(11) DEFAULT NULL,
  `image` varchar(255) DEFAULT NULL,
  `globalPass` varchar(16) DEFAULT NULL,
  `modPass` char(60) NOT NULL,
  `patch` varchar(10) DEFAULT NULL
) ENGINE=InnoDB DEFAULT CHARSET=utf8;

--
-- Dumping data for table `game`
--

INSERT INTO `game` (`idgame`, `name`, `complete`, `image`, `globalPass`, `modPass`, `patch`) VALUES
(1, 'Dragon Ball FighterZ', 1, 'https://cdn-cms.bnea.io/sites/default/files/games/logo/6QbqR3C68Sv.png', '', '$2y$10$hTu.t36pcp.E/zl0RUkax./66eItfs6eJlvOYpiyVZabClKBGADkO', ''),
(2, 'Street Fighter V', 1, 'http://game.capcom.com/manual/sfv/img/logo_sf5.png', '', '$2y$10$sLPOBCA7gnHfIBJHeuCEZ.HkLsvZ89f.JTIebGG1BynY6/deFUtYa', NULL),
(3, 'BlazBlue Cross Tag Battle', 1, 'https://arcsystemworks.com/wp-content/uploads/2017/10/BBTAG-Logo-Small-270x216.png', '', '$2y$10$eywyXwe5AlOF0vDPAu8DyejiBGpPassRhh2mJUTQLKUvF0L8EpzXW', NULL),
(4, 'Melty Blood Actress Again Current Code', 1, 'https://arcsystemworks.com/wp-content/uploads/2016/03/33b1nqs-270x113.png', '', '$2y$10$LD2QHwrZRiBQXmrkJM8iJe8lDswqtgrA.8E.bHTNjJQu5Jms6gP7O', NULL),
(5, 'Skullgirls', 1, 'https://i.pinimg.com/originals/4b/67/94/4b6794d0670efe361163845a71db796e.png', '', '$2y$10$kI9RnEjyhxDYg3TzrsPYNeZs49Sn0JlzM9BPvS7KhY4kBZo5vqKjS', NULL),
(6, 'Street Fighter 3: 3rd Strike', 1, 'http://i1.wp.com/shoryuken.com/wp-content/uploads/2018/05/3rd-strike-logo-basic.jpg?fit=750%2C400&resize=750%2C400', '', '$2y$10$/nt8eiP6kKPomd5onQ0z1.1Nk0H.865szCZG3A6bebtL3kdeY325.', NULL),
(7, 'Under Night In-Birth Exe:Late[st]', 1, 'https://arcsystemworks.com/wp-content/uploads/2018/07/UNISTLogoArcRevo-270x84.png', '', '$2y$10$PO1KdNxzXQYnLXXoVYdTIuBijZuucQjAJbw6xWJA7BUveC5dlF59q', NULL),
(8, 'Guilty Gear Xrd Rev2', 1, 'https://arcsystemworks.com/wp-content/uploads/2017/03/GGXrd_TitleLogo_AC25%C3%BCi%C3%A8%C2%AB%C3%89%C2%BC-270x178.png', '', '$2y$10$pPAWrmsVVoFQnbFP7y0leeczuAWoOD0zCB/GwaX/aE9MGgRvb9xIO', NULL),
(10, 'BlazBlue Centralfiction', 1, 'https://arcsystemworks.com/wp-content/uploads/2016/04/BlazBlueCF-270x162.png', '', '$2y$10$oNWcObM9Ib.bC2LO0WRyXORoo..5NPBlmZM1zNGPWXocfkj0ECLci', NULL),
(11, 'The Last Blade 2', 1, 'http://wiki.shoryuken.com/images/e/e5/LastBlade2Logo.gif', '', '$2y$10$fpc1DUGPkxutUIKVUm.KLuNRWZWICVN6cF4MI91FBlBv.WjOUp8C2', NULL),
(12, 'Them\'s Fightin\' Herds', 1, 'https://upload.wikimedia.org/wikipedia/pt/c/c2/Them%27s_Fightin%27_Herds_logo.png', '', '$2y$10$GE7/2ig9k6dj0RzK71hJheZ2kKivFxhwsBkLEFXjaE7iM2JkrQ8am', NULL),
(20, 'Gundam Wing Endless Duel', 1, 'http://i.imgur.com/jYb0OIq.gif', '', '$2y$10$ihAzYRXxKtTxx2C4K8K.2OFwAJ3ImyyMyC8ot0aVkEs7/rbfm/K5u', NULL);

-- --------------------------------------------------------

--
-- Table structure for table `game_resources`
--

CREATE TABLE `game_resources` (
  `idgame_resources` int(11) NOT NULL,
  `game_idgame` int(11) NOT NULL,
  `text_name` varchar(45) NOT NULL,
  `type` int(11) DEFAULT NULL,
  `primaryORsecundary` int(11) DEFAULT NULL
) ENGINE=InnoDB DEFAULT CHARSET=utf8;

--
-- Dumping data for table `game_resources`
--

INSERT INTO `game_resources` (`idgame_resources`, `game_idgame`, `text_name`, `type`, `primaryORsecundary`) VALUES
(2, 1, 'Sparking Blast', 1, 1),
(6, 1, 'Assist 1', 1, 1),
(7, 1, 'Assist 2', 1, 1),
(8, 1, 'Ki', 2, 1),
(9, 1, 'Aerial Connoisseur Cut (Ground)', 1, NULL),
(10, 1, 'Aerial Connoisseur Cut (Mid-air)', 1, NULL),
(11, 1, 'Connoisseur Cut (Ground)', 1, NULL),
(12, 1, 'Connoisseur Cut (Mid-air)', 1, NULL),
(13, 1, 'Ginyu Force', 1, NULL),
(14, 1, 'Golden Frieza', 1, NULL),
(15, 1, 'Great Saiyaman', 1, NULL),
(16, 1, 'Potential Unleashed', 1, NULL),
(17, 1, 'Spirit Bomb', 1, NULL),
(22, 2, 'EX Meter', 2, 1),
(23, 2, 'V-Trigger', 1, 1),
(24, 2, 'Stun', 2, 1),
(25, 2, 'Counter', 1, 1),
(27, 2, 'Kunai', 1, NULL),
(28, 2, 'Psycho Punishment', 1, NULL),
(29, 2, 'Mic Buff', 1, NULL),
(30, 2, 'Fuharenkyaku Charges', 1, NULL),
(31, 2, 'Metallic Aura', 1, NULL),
(33, 2, 'Zeku', 1, NULL),
(34, 2, 'G-Charge', 1, NULL),
(35, 3, 'Skill Gauge', 2, 1),
(38, 4, 'Magic Circuit', 2, 1),
(39, 4, 'Style', 1, 1),
(42, 5, 'Assist 1', 1, 1),
(43, 5, 'Assist 2', 1, 1),
(44, 5, 'Meter', 2, 1),
(46, 6, 'Stun', 2, 1),
(47, 5, 'Vial Hazard', 1, NULL),
(48, 5, 'The Hurting', 1, NULL),
(49, 7, 'EXS', 2, 1),
(50, 5, 'Squigly Charge', 1, NULL),
(51, 5, 'Launch Headrone', 1, NULL),
(53, 5, 'Hype', 1, NULL),
(54, 6, 'Super Art', 1, 1),
(55, 6, 'Super Art Stock	', 2, 1),
(57, 6, 'Taunt', 1, NULL),
(58, 8, 'Tension', 2, 1),
(60, 10, 'Heat Gauge', 2, 1),
(62, 10, 'Overdrive', 1, 1),
(63, 3, 'Resonance Blaze', 1, 1),
(65, 3, 'Cross Gauge', 2, 1),
(66, 3, 'Assist', 1, 1),
(67, 7, 'Vorpal Damage', 2, 1),
(68, 11, 'Mode', 1, 1),
(70, 12, 'Super Meter', 2, 1),
(71, 12, 'Magic Gauge', 2, 1),
(75, 7, 'Counter Hit', 1, 1),
(83, 1, 'Kaiouken', 1, NULL),
(84, 10, 'Active Flow', 1, 1),
(89, 20, 'Energy', 2, 1),
(90, 1, 'Super Kamehameha/Dragon Fist Explosion', 1, NULL),
(91, 1, 'Battle Armor', 1, NULL),
(92, 2, 'V-Skill', 1, 1);

-- --------------------------------------------------------

--
-- Table structure for table `link`
--

CREATE TABLE `link` (
  `idLink` int(11) NOT NULL,
  `idGame` int(11) NOT NULL,
  `Title` varchar(50) NOT NULL,
  `Link` varchar(255) NOT NULL
) ENGINE=MyISAM DEFAULT CHARSET=latin1;

--
-- Dumping data for table `link`
--

INSERT INTO `link` (`idLink`, `idGame`, `Title`, `Link`) VALUES
(1, 1, 'Dustloop', 'http://www.dustloop.com/wiki/index.php?title=Dragon_Ball_FighterZ'),
(2, 1, 'Rin\'s Super Damage Chart', 'https://docs.google.com/spreadsheets/d/17K1onCbItyLc8njouC_9-j7PZBT9rMqpn_Je55BINl4/edit#gid=0'),
(3, 1, 'Rin\'s Assist Frame Data Chart', 'https://docs.google.com/spreadsheets/d/1IIpmO2wDU2KZV7tYQhcK3hB0Z_Mg1H18HFeDox9LZ9o/edit#gid=0'),
(4, 1, 'Rin\'s Super Jump Frame Data', 'https://twitter.com/RinSenpaiii/status/1153219641805824000?s=20'),
(5, 1, 'Rin\'s 5L and 2L Data Sheet', 'https://docs.google.com/spreadsheets/d/1-GxpldVn3bnerBlUfzYUgdLzSOdQ0IWvN7Co-nV7qlQ/edit#gid=0');

-- --------------------------------------------------------

--
-- Table structure for table `list`
--

CREATE TABLE `list` (
  `idlist` int(11) NOT NULL,
  `list_name` varchar(45) NOT NULL,
  `game_idgame` int(11) DEFAULT NULL,
  `password` varchar(16) NOT NULL
) ENGINE=InnoDB DEFAULT CHARSET=utf8;

--
-- Dumping data for table `list`
--

INSERT INTO `list` (`idlist`, `list_name`, `game_idgame`, `password`) VALUES
(3, 'Ikki\'s DBFZ Team', 1, 'pass'),
(4, 'Kid Buu', 1, 'thebuu'),
(5, 'Android 21', 1, 'waifu21'),
(6, '', 0, ''),
(7, '', 0, ''),
(8, '', 0, ''),
(9, '', 1, ''),
(10, '', 0, ''),
(11, '', 1, ''),
(14, 'Inigma\'s Team', 1, 'gokugoku'),
(15, '', 0, ''),
(16, '', 0, ''),
(17, '', 10, ''),
(18, '', 1, ''),
(19, 'KID BUU', 1, 'uubdik'),
(20, '', 0, ''),
(21, 'Saturn\'s Vegitto Compilation', 1, 'poopoo');

-- --------------------------------------------------------

--
-- Table structure for table `logs`
--

CREATE TABLE `logs` (
  `idlog` int(11) NOT NULL,
  `Description` text NOT NULL,
  `Date` date NOT NULL
) ENGINE=InnoDB DEFAULT CHARSET=utf8;

--
-- Dumping data for table `logs`
--

INSERT INTO `logs` (`idlog`, `Description`, `Date`) VALUES
(1, 'Added patch option to combos.', '2019-03-23'),
(2, 'Added number formatting.', '2019-03-23'),
(3, 'Added 44 and 66 global buttons.', '2019-03-23'),
(4, 'Added Them\'s Fightin\' Herds.', '2019-03-23'),
(5, 'Fixed type selection on edit that would always be set up as a combo when trying to edit an entry.', '2019-03-23'),
(6, 'Changed Combo好き\'s logo to a less bad one. (ctrl+F5 to make sure you have the new logo)', '2019-03-23'),
(7, 'Added Under Night In-Birth Exe:Late.', '2019-03-24'),
(8, 'Added author textarea to submissions.', '2019-03-31'),
(9, 'Added combo passwords, now you can only edit combos if you know their password.\r\nThanks to madninjaman for the suggestion.', '2019-03-31'),
(10, 'Combos can now be deleted.', '2019-04-04'),
(11, 'Fixed how combos were displayed in the game and search pages on mobile.', '2019-04-06'),
(12, 'Shortened link length of a specific combo.', '2019-04-06'),
(13, 'Created 2 cookies to handle background color and combo display preferences.', '2019-04-08'),
(14, 'Now the combo\'s comments appear as a tooltip on the combo\'s link on the game and search pages. Mobile feature in the near future.', '2019-04-10'),
(15, 'Added primary resources and whether it is a combo/blockstring/mix up/archive to the quick search', '2019-04-11'),
(16, 'Added profile page to assemble combos from a single author.', '2019-04-16'),
(17, 'Now you can look a combo\'s comments and video when it\'s being listed in a search.', '2019-04-16'),
(18, 'Added Mortal Kombat 11', '2019-04-18'),
(19, 'Added MK9, MKX and Inustice 2. Those games may be incomplete, so please report it here: <a href=\"https://goo.gl/forms/6Q8dVlNbdOyTMA4h2\">google form</a>.', '2019-04-20'),
(20, 'New \"5\" button, whiff and land images. Added Kaiouken secondary resources for DBFZ. Imgur is supported on the combo page but not when searching, it acts weird and sometimes it doesn\'t load properly ;-;.', '2019-04-26'),
(21, 'New listing feature! Still a lot to improve on that, but now you can list your favorite combos to look after later or to share! You can create your list <a href=\"http://combosuki.com/list.php\">here</a>.', '2019-05-14'),
(22, 'The combo page now displays the combo\'s ID to make it easier to add it to a list.', '2019-05-14'),
(23, 'Added List Search.', '2019-05-16'),
(24, 'Added okizeme listing option.', '2019-05-19'),
(25, 'Now combos in lists appear in different tables for each category.', '2019-05-19'),
(26, 'Now you can delete combos from lists.', '2019-05-23'),
(27, 'Added Ultra Fight Da! Kyanta 2', '2019-06-25'),
(28, 'Had some problems with the database, and since the backup is too old every 500+ combos in here are lost (Not that anyone was using them anyway). Now the website is fully operational again, starting from 0 combos. I\'ll make sure to have more recent back ups if a reasonable amount of combos are submited.', '2019-10-29'),
(30, 'And I\'m stupid, found the latest back up, all the combos are back :3.', '2019-11-12'),
(31, 'Added Gundam Wing Endless Duel', '2019-11-28'),
(32, 'Added pages to edit game, game characters and game resources.', '2019-12-23'),
(33, 'I\'ll probably delete games that have too few entries in the near future, so another person can moderate it when the add game feature is up.', '2019-12-23'),
(34, '<a href=\"http://combosuki.com/addgame.php\">Add game</a> is up.', '2019-12-23'),
(35, 'Added Moderation Password for games, that password can edit everything but the game\'s info and it also can\'t delete the game.', '2020-02-12'),
(36, 'Added edit links page, where related links can be added to the games.', '2020-02-13');

-- --------------------------------------------------------

--
-- Table structure for table `resources`
--

CREATE TABLE `resources` (
  `idResources` int(11) NOT NULL,
  `combo_idcombo` int(11) NOT NULL,
  `Resources_values_idResources_values` int(11) NOT NULL,
  `number_value` double DEFAULT NULL
) ENGINE=InnoDB DEFAULT CHARSET=utf8;

--
-- Dumping data for table `resources`
--

INSERT INTO `resources` (`idResources`, `combo_idcombo`, `Resources_values_idResources_values`, `number_value`) VALUES
(1665, 75, 10, NULL),
(1666, 75, 45, NULL),
(1667, 75, 106, NULL),
(1668, 75, 7, 4),
(1669, 75, 2, NULL),
(1670, 74, 10, NULL),
(1671, 74, 45, NULL),
(1672, 74, 106, NULL),
(1673, 74, 7, 4),
(1674, 74, 2, NULL),
(1675, 73, 8, NULL),
(1676, 73, 42, NULL),
(1677, 73, 7, 0),
(1678, 73, 1, NULL),
(1679, 72, 8, NULL),
(1680, 72, 42, NULL),
(1681, 72, 7, 0),
(1682, 72, 1, NULL),
(1683, 71, 8, NULL),
(1684, 71, 43, NULL),
(1685, 71, 7, 0),
(1686, 71, 1, NULL),
(1687, 70, 8, NULL),
(1688, 70, 42, NULL),
(1689, 70, 7, 0),
(1690, 70, 1, NULL),
(1691, 69, 13, NULL),
(1692, 69, 43, NULL),
(1693, 69, 7, 2),
(1694, 69, 2, NULL),
(1708, 65, 36, NULL),
(1709, 65, 42, NULL),
(1710, 65, 7, 0),
(1711, 65, 1, NULL),
(1712, 58, 8, NULL),
(1713, 58, 42, NULL),
(1714, 58, 7, 0),
(1715, 58, 6, NULL),
(1762, 43, 9, NULL),
(1763, 43, 72, NULL),
(1764, 43, 7, 3.75),
(1765, 43, 6, NULL),
(1766, 8, 8, NULL),
(1767, 8, 42, NULL),
(1768, 8, 7, 3),
(1769, 8, 6, NULL),
(1778, 6, 8, NULL),
(1779, 6, 42, NULL),
(1780, 6, 7, 7),
(1781, 6, 6, NULL),
(1782, 7, 8, NULL),
(1783, 7, 42, NULL),
(1784, 7, 7, 6),
(1785, 7, 6, NULL),
(1811, 30, 8, NULL),
(1812, 30, 42, NULL),
(1813, 30, 7, 0),
(1814, 30, 1, NULL),
(1819, 39, 8, NULL),
(1820, 39, 42, NULL),
(1821, 39, 7, 0),
(1822, 39, 1, NULL),
(1823, 40, 37, NULL),
(1824, 40, 75, NULL),
(1825, 40, 7, 0),
(1826, 40, 1, NULL),
(1834, 44, 9, NULL),
(1835, 44, 42, NULL),
(1836, 44, 7, 1.25),
(1837, 44, 1, NULL),
(1838, 61, 166, NULL),
(1839, 61, 180, NULL),
(1840, 61, 196, 0),
(1841, 61, 206, NULL),
(1889, 85, 241, NULL),
(1890, 85, 240, 0),
(1891, 85, 236, NULL),
(1892, 85, 159, 4),
(1935, 88, 256, NULL),
(1936, 88, 240, 1),
(1937, 88, 235, NULL),
(1938, 88, 159, 0),
(1951, 87, 250, NULL),
(1952, 87, 240, 2),
(1953, 87, 235, NULL),
(1954, 87, 159, 4),
(1985, 89, 241, NULL),
(1986, 89, 240, 0),
(1987, 89, 235, NULL),
(1988, 89, 159, 0),
(1993, 91, 241, NULL),
(1994, 91, 240, 0),
(1995, 91, 238, NULL),
(1996, 91, 159, 8),
(2033, 93, 284, NULL),
(2034, 93, 240, 2),
(2035, 93, 235, NULL),
(2036, 93, 159, 4),
(2037, 92, 284, NULL),
(2038, 92, 240, 2),
(2039, 92, 235, NULL),
(2040, 92, 159, 5),
(2053, 94, 284, NULL),
(2054, 94, 240, 2),
(2055, 94, 235, NULL),
(2056, 94, 159, 5),
(2073, 95, 250, NULL),
(2074, 95, 240, 2),
(2075, 95, 235, NULL),
(2076, 95, 159, 4),
(2079, 97, 257, NULL),
(2080, 97, 240, 2),
(2081, 97, 235, NULL),
(2082, 97, 159, 4),
(2091, 98, 27, NULL),
(2092, 98, 42, NULL),
(2093, 98, 7, 0),
(2094, 98, 1, NULL),
(2099, 99, 27, NULL),
(2100, 99, 42, NULL),
(2101, 99, 7, 0),
(2102, 99, 1, NULL),
(2103, 100, 27, NULL),
(2104, 100, 42, NULL),
(2105, 100, 7, 0),
(2106, 100, 1, NULL),
(2111, 101, 27, NULL),
(2112, 101, 42, NULL),
(2113, 101, 7, 0),
(2114, 101, 1, NULL),
(2143, 105, 241, NULL),
(2144, 105, 240, 0),
(2145, 105, 235, NULL),
(2146, 105, 159, 2),
(2147, 103, 8, NULL),
(2148, 103, 42, NULL),
(2149, 103, 7, 0),
(2150, 103, 1, NULL),
(2151, 104, 8, NULL),
(2152, 104, 42, NULL),
(2153, 104, 7, 0),
(2154, 104, 1, NULL),
(2210, 120, 232, 0),
(2211, 120, 233, NULL),
(2212, 121, 8, NULL),
(2213, 121, 42, NULL),
(2214, 121, 7, 0),
(2215, 121, 1, NULL),
(2216, 122, 8, NULL),
(2217, 122, 42, NULL),
(2218, 122, 7, 0),
(2219, 122, 1, NULL),
(2220, 123, 8, NULL),
(2221, 123, 42, NULL),
(2222, 123, 7, 0),
(2223, 123, 1, NULL),
(2224, 124, 8, NULL),
(2225, 124, 42, NULL),
(2226, 124, 7, 0),
(2227, 124, 1, NULL),
(2228, 125, 8, NULL),
(2229, 125, 42, NULL),
(2230, 125, 7, 0),
(2231, 125, 1, NULL),
(2268, 128, 241, NULL),
(2269, 128, 240, 0),
(2270, 128, 237, NULL),
(2271, 128, 159, 7),
(2272, 129, 241, NULL),
(2273, 129, 240, 0),
(2274, 129, 235, NULL),
(2275, 129, 159, 0),
(2276, 127, 8, NULL),
(2277, 127, 42, NULL),
(2278, 127, 7, 0),
(2279, 127, 1, NULL),
(2280, 126, 8, NULL),
(2281, 126, 42, NULL),
(2282, 126, 7, 0),
(2283, 126, 1, NULL),
(2288, 130, 257, NULL),
(2289, 130, 240, 2),
(2290, 130, 235, NULL),
(2291, 130, 159, 4),
(2320, 19, 28, NULL),
(2321, 19, 57, NULL),
(2322, 19, 7, 2),
(2323, 19, 2, NULL),
(2324, 27, 78, NULL),
(2325, 27, 87, NULL),
(2326, 27, 8, NULL),
(2327, 27, 42, NULL),
(2328, 27, 94, NULL),
(2329, 27, 7, 4),
(2330, 27, 6, NULL),
(2331, 9, 28, NULL),
(2332, 9, 57, NULL),
(2333, 9, 7, 5),
(2334, 9, 1, NULL),
(2335, 29, 23, NULL),
(2336, 29, 42, NULL),
(2337, 29, 7, 0),
(2338, 29, 1, NULL),
(2339, 67, 8, NULL),
(2340, 67, 42, NULL),
(2341, 67, 7, 0),
(2342, 67, 1, NULL),
(2343, 28, 23, NULL),
(2344, 28, 42, NULL),
(2345, 28, 93, NULL),
(2346, 28, 7, 0),
(2347, 28, 1, NULL),
(2348, 68, 8, NULL),
(2349, 68, 42, NULL),
(2350, 68, 7, 0),
(2351, 68, 1, NULL),
(2352, 53, 8, NULL),
(2353, 53, 42, NULL),
(2354, 53, 93, NULL),
(2355, 53, 7, 0),
(2356, 53, 1, NULL),
(2362, 54, 8, NULL),
(2363, 54, 42, NULL),
(2364, 54, 93, NULL),
(2365, 54, 7, 0),
(2366, 54, 1, NULL),
(2367, 55, 8, NULL),
(2368, 55, 42, NULL),
(2369, 55, 7, 0),
(2370, 55, 1, NULL),
(2371, 56, 8, NULL),
(2372, 56, 42, NULL),
(2373, 56, 7, 0),
(2374, 56, 1, NULL),
(2375, 66, 83, NULL),
(2376, 66, 8, NULL),
(2377, 66, 42, NULL),
(2378, 66, 7, 0),
(2379, 66, 1, NULL),
(2380, 57, 8, NULL),
(2381, 57, 42, NULL),
(2382, 57, 7, 0),
(2383, 57, 1, NULL),
(2384, 26, 8, NULL),
(2385, 26, 42, NULL),
(2386, 26, 7, 7),
(2387, 26, 6, NULL),
(2388, 52, 27, NULL),
(2389, 52, 42, NULL),
(2390, 52, 7, 0),
(2391, 52, 1, NULL),
(2400, 12, 27, NULL),
(2401, 12, 42, NULL),
(2402, 12, 7, 0),
(2403, 12, 1, NULL),
(2404, 13, 23, NULL),
(2405, 13, 42, NULL),
(2406, 13, 7, 0),
(2407, 13, 1, NULL),
(2408, 50, 27, NULL),
(2409, 50, 57, NULL),
(2410, 50, 7, 0),
(2411, 50, 1, NULL),
(2412, 47, 8, NULL),
(2413, 47, 42, NULL),
(2414, 47, 7, 0),
(2415, 47, 1, NULL),
(2420, 49, 27, NULL),
(2421, 49, 42, NULL),
(2422, 49, 7, 0),
(2423, 49, 1, NULL),
(2424, 48, 8, NULL),
(2425, 48, 42, NULL),
(2426, 48, 7, 0),
(2427, 48, 1, NULL),
(2443, 140, 83, NULL),
(2444, 140, 23, NULL),
(2445, 140, 42, NULL),
(2446, 140, 93, NULL),
(2447, 140, 7, 0),
(2448, 140, 1, NULL),
(2449, 119, 241, NULL),
(2450, 119, 240, 0),
(2451, 119, 235, NULL),
(2452, 119, 159, 0),
(2453, 141, 8, NULL),
(2454, 141, 42, NULL),
(2455, 141, 104, NULL),
(2456, 141, 7, 2),
(2457, 141, 6, NULL),
(2463, 142, 8, NULL),
(2464, 142, 42, NULL),
(2465, 142, 104, NULL),
(2466, 142, 7, 3),
(2467, 142, 1, NULL),
(2472, 143, 27, NULL),
(2473, 143, 42, NULL),
(2474, 143, 7, 0),
(2475, 143, 1, NULL),
(2476, 144, 27, NULL),
(2477, 144, 42, NULL),
(2478, 144, 7, 0),
(2479, 144, 1, NULL),
(2484, 146, 23, NULL),
(2485, 146, 42, NULL),
(2486, 146, 7, 0),
(2487, 146, 1, NULL),
(2488, 147, 23, NULL),
(2489, 147, 42, NULL),
(2490, 147, 7, 0),
(2491, 147, 1, NULL),
(2504, 150, 83, NULL),
(2505, 150, 23, NULL),
(2506, 150, 42, NULL),
(2507, 150, 93, NULL),
(2508, 150, 7, 0),
(2509, 150, 1, NULL),
(2510, 51, 8, NULL),
(2511, 51, 42, NULL),
(2512, 51, 7, 0),
(2513, 51, 1, NULL),
(2534, 151, 8, NULL),
(2535, 151, 42, NULL),
(2536, 151, 103, NULL),
(2537, 151, 7, 4),
(2538, 151, 6, NULL),
(2758, 196, 8, NULL),
(2759, 196, 42, NULL),
(2760, 196, 7, 0),
(2761, 196, 2, NULL),
(2766, 197, 9, NULL),
(2767, 197, 45, NULL),
(2768, 197, 7, 1),
(2769, 197, 1, NULL),
(2786, 202, 8, NULL),
(2787, 202, 42, NULL),
(2788, 202, 7, 0),
(2789, 202, 1, NULL),
(2790, 102, 8, NULL),
(2791, 102, 42, NULL),
(2792, 102, 7, 0),
(2793, 102, 1, NULL),
(2806, 204, 8, NULL),
(2807, 204, 42, NULL),
(2808, 204, 7, 0),
(2809, 204, 1, NULL),
(2810, 205, 36, NULL),
(2811, 205, 43, NULL),
(2812, 205, 7, 2),
(2813, 205, 2, NULL),
(2814, 203, 9, NULL),
(2815, 203, 73, NULL),
(2816, 203, 7, 3),
(2817, 203, 2, NULL),
(2830, 206, 8, NULL),
(2831, 206, 42, NULL),
(2832, 206, 7, 0),
(2833, 206, 1, NULL),
(2834, 207, 8, NULL),
(2835, 207, 42, NULL),
(2836, 207, 104, NULL),
(2837, 207, 7, 5),
(2838, 207, 1, NULL),
(2847, 149, 23, NULL),
(2848, 149, 42, NULL),
(2849, 149, 7, 0),
(2850, 149, 1, NULL),
(2851, 208, 27, NULL),
(2852, 208, 42, NULL),
(2853, 208, 7, 0),
(2854, 208, 1, NULL),
(2855, 209, 8, NULL),
(2856, 209, 42, NULL),
(2857, 209, 7, 1),
(2858, 209, 1, NULL),
(2875, 82, 164, NULL),
(2876, 82, 180, NULL),
(2877, 82, 196, 1),
(2878, 83, 164, NULL),
(2879, 83, 180, NULL),
(2880, 83, 196, 1),
(2881, 84, 164, NULL),
(2882, 84, 180, NULL),
(2883, 84, 196, 1),
(2884, 213, 27, NULL),
(2885, 213, 42, NULL),
(2886, 213, 7, 0),
(2887, 213, 1, NULL),
(2888, 131, 229, 0),
(2899, 215, 8, NULL),
(2900, 215, 42, NULL),
(2901, 215, 7, 0),
(2902, 215, 1, NULL),
(2903, 216, 8, NULL),
(2904, 216, 42, NULL),
(2905, 216, 7, 0),
(2906, 216, 1, NULL),
(2907, 217, 8, NULL),
(2908, 217, 42, NULL),
(2909, 217, 7, 0),
(2910, 217, 1, NULL),
(2911, 218, 8, NULL),
(2912, 218, 42, NULL),
(2913, 218, 7, 1),
(2914, 218, 1, NULL),
(2915, 219, 8, NULL),
(2916, 219, 42, NULL),
(2917, 219, 7, 1),
(2918, 219, 1, NULL),
(2919, 220, 8, NULL),
(2920, 220, 42, NULL),
(2921, 220, 7, 1),
(2922, 220, 1, NULL),
(2923, 221, 8, NULL),
(2924, 221, 42, NULL),
(2925, 221, 7, 0),
(2926, 221, 1, NULL),
(2927, 222, 8, NULL),
(2928, 222, 42, NULL),
(2929, 222, 7, 0),
(2930, 222, 1, NULL),
(2931, 223, 8, NULL),
(2932, 223, 42, NULL),
(2933, 223, 7, 1),
(2934, 223, 1, NULL),
(2939, 225, 8, NULL),
(2940, 225, 42, NULL),
(2941, 225, 7, 1),
(2942, 225, 1, NULL),
(2943, 224, 8, NULL),
(2944, 224, 42, NULL),
(2945, 224, 7, 1),
(2946, 224, 1, NULL),
(2951, 227, 8, NULL),
(2952, 227, 42, NULL),
(2953, 227, 7, 1),
(2954, 227, 1, NULL),
(2955, 228, 8, NULL),
(2956, 228, 42, NULL),
(2957, 228, 7, 2),
(2958, 228, 1, NULL),
(2959, 229, 8, NULL),
(2960, 229, 42, NULL),
(2961, 229, 7, 2),
(2962, 229, 1, NULL),
(2967, 226, 8, NULL),
(2968, 226, 42, NULL),
(2969, 226, 7, 0),
(2970, 226, 1, NULL),
(2975, 232, 8, NULL),
(2976, 232, 42, NULL),
(2977, 232, 7, 0),
(2978, 232, 1, NULL),
(2979, 231, 8, NULL),
(2980, 231, 42, NULL),
(2981, 231, 7, 2),
(2982, 231, 1, NULL),
(2983, 233, 8, NULL),
(2984, 233, 42, NULL),
(2985, 233, 7, 3),
(2986, 233, 1, NULL),
(2987, 234, 8, NULL),
(2988, 234, 42, NULL),
(2989, 234, 7, 2),
(2990, 234, 1, NULL),
(2991, 235, 8, NULL),
(2992, 235, 42, NULL),
(2993, 235, 7, 4),
(2994, 235, 1, NULL),
(2999, 236, 8, NULL),
(3000, 236, 42, NULL),
(3001, 236, 7, 5),
(3002, 236, 1, NULL),
(3003, 230, 8, NULL),
(3004, 230, 42, NULL),
(3005, 230, 7, 2),
(3006, 230, 1, NULL),
(3011, 238, 83, NULL),
(3012, 238, 8, NULL),
(3013, 238, 42, NULL),
(3014, 238, 93, NULL),
(3015, 238, 7, 0),
(3016, 238, 1, NULL),
(3017, 239, 83, NULL),
(3018, 239, 8, NULL),
(3019, 239, 42, NULL),
(3020, 239, 93, NULL),
(3021, 239, 7, 0),
(3022, 239, 1, NULL),
(3023, 240, 83, NULL),
(3024, 240, 8, NULL),
(3025, 240, 42, NULL),
(3026, 240, 93, NULL),
(3027, 240, 7, 0),
(3028, 240, 1, NULL),
(3029, 241, 8, NULL),
(3030, 241, 42, NULL),
(3031, 241, 95, NULL),
(3032, 241, 7, 0),
(3033, 241, 1, NULL),
(3046, 242, 83, NULL),
(3047, 242, 8, NULL),
(3048, 242, 42, NULL),
(3049, 242, 93, NULL),
(3050, 242, 7, 1),
(3051, 242, 1, NULL),
(3052, 243, 83, NULL),
(3053, 243, 8, NULL),
(3054, 243, 42, NULL),
(3055, 243, 93, NULL),
(3056, 243, 7, 2),
(3057, 243, 1, NULL),
(3058, 244, 83, NULL),
(3059, 244, 8, NULL),
(3060, 244, 42, NULL),
(3061, 244, 93, NULL),
(3062, 244, 7, 3),
(3063, 244, 1, NULL),
(3064, 245, 83, NULL),
(3065, 245, 8, NULL),
(3066, 245, 42, NULL),
(3067, 245, 93, NULL),
(3068, 245, 7, 3),
(3069, 245, 1, NULL),
(3070, 246, 83, NULL),
(3071, 246, 8, NULL),
(3072, 246, 42, NULL),
(3073, 246, 93, NULL),
(3074, 246, 7, 4),
(3075, 246, 1, NULL),
(3076, 247, 83, NULL),
(3077, 247, 8, NULL),
(3078, 247, 42, NULL),
(3079, 247, 93, NULL),
(3080, 247, 7, 5),
(3081, 247, 1, NULL),
(3082, 201, 8, NULL),
(3083, 201, 42, NULL),
(3084, 201, 102, NULL),
(3085, 201, 7, 0),
(3086, 201, 1, NULL),
(3097, 199, 8, NULL),
(3098, 199, 42, NULL),
(3099, 199, 102, NULL),
(3100, 199, 7, 0),
(3101, 199, 1, NULL),
(3102, 198, 8, NULL),
(3103, 198, 42, NULL),
(3104, 198, 102, NULL),
(3105, 198, 7, 0),
(3106, 198, 1, NULL),
(3107, 248, 8, NULL),
(3108, 248, 42, NULL),
(3109, 248, 102, NULL),
(3110, 248, 7, 1),
(3111, 248, 1, NULL),
(3117, 249, 8, NULL),
(3118, 249, 42, NULL),
(3119, 249, 102, NULL),
(3120, 249, 7, 1),
(3121, 249, 1, NULL),
(3122, 250, 8, NULL),
(3123, 250, 42, NULL),
(3124, 250, 102, NULL),
(3125, 250, 7, 1),
(3126, 250, 1, NULL),
(3127, 251, 8, NULL),
(3128, 251, 42, NULL),
(3129, 251, 102, NULL),
(3130, 251, 7, 3),
(3131, 251, 1, NULL),
(3132, 252, 8, NULL),
(3133, 252, 42, NULL),
(3134, 252, 103, NULL),
(3135, 252, 7, 3),
(3136, 252, 1, NULL),
(3137, 253, 24, NULL),
(3138, 253, 42, NULL),
(3139, 253, 7, 0),
(3140, 253, 1, NULL),
(3141, 254, 24, NULL),
(3142, 254, 42, NULL),
(3143, 254, 7, 0),
(3144, 254, 1, NULL),
(3149, 255, 24, NULL),
(3150, 255, 42, NULL),
(3151, 255, 7, 0),
(3152, 255, 1, NULL),
(3153, 210, 296, 0),
(3154, 210, 295, 1),
(3175, 260, 8, NULL),
(3176, 260, 42, NULL),
(3177, 260, 7, 1),
(3178, 260, 6, NULL),
(3179, 261, 8, NULL),
(3180, 261, 42, NULL),
(3181, 261, 7, 0),
(3182, 261, 4, NULL),
(3191, 263, 83, NULL),
(3192, 263, 8, NULL),
(3193, 263, 42, NULL),
(3194, 263, 93, NULL),
(3195, 263, 7, 0),
(3196, 263, 1, NULL),
(3197, 262, 83, NULL),
(3198, 262, 8, NULL),
(3199, 262, 42, NULL),
(3200, 262, 93, NULL),
(3201, 262, 7, 0),
(3202, 262, 4, NULL),
(3203, 264, 83, NULL),
(3204, 264, 8, NULL),
(3205, 264, 42, NULL),
(3206, 264, 93, NULL),
(3207, 264, 7, 0),
(3208, 264, 1, NULL),
(3209, 265, 83, NULL),
(3210, 265, 8, NULL),
(3211, 265, 42, NULL),
(3212, 265, 93, NULL),
(3213, 265, 7, 0),
(3214, 265, 1, NULL),
(3215, 266, 8, NULL),
(3216, 266, 42, NULL),
(3217, 266, 102, NULL),
(3218, 266, 7, 0),
(3219, 266, 1, NULL),
(3220, 267, 8, NULL),
(3221, 267, 42, NULL),
(3222, 267, 102, NULL),
(3223, 267, 7, 0),
(3224, 267, 1, NULL),
(3225, 268, 8, NULL),
(3226, 268, 42, NULL),
(3227, 268, 102, NULL),
(3228, 268, 7, 0),
(3229, 268, 1, NULL),
(3230, 269, 83, NULL),
(3231, 269, 8, NULL),
(3232, 269, 42, NULL),
(3233, 269, 93, NULL),
(3234, 269, 7, 0),
(3235, 269, 1, NULL),
(3236, 270, 83, NULL),
(3237, 270, 8, NULL),
(3238, 270, 42, NULL),
(3239, 270, 93, NULL),
(3240, 270, 7, 0),
(3241, 270, 1, NULL),
(3242, 271, 38, NULL),
(3243, 271, 67, NULL),
(3244, 271, 104, NULL),
(3245, 271, 7, 4.2),
(3246, 271, 1, NULL),
(3251, 273, 8, NULL),
(3252, 273, 42, NULL),
(3253, 273, 7, 0),
(3254, 273, 1, NULL),
(3255, 272, 8, NULL),
(3256, 272, 42, NULL),
(3257, 272, 7, 0),
(3258, 272, 1, NULL),
(3259, 81, 8, NULL),
(3260, 81, 42, NULL),
(3261, 81, 7, 0),
(3262, 81, 1, NULL),
(3267, 274, 8, NULL),
(3268, 274, 42, NULL),
(3269, 274, 7, 0),
(3270, 274, 1, NULL),
(3271, 275, 33, NULL),
(3272, 275, 59, NULL),
(3273, 275, 7, 2.5),
(3274, 275, 2, NULL),
(3291, 277, 27, NULL),
(3292, 277, 42, NULL),
(3293, 277, 7, 0),
(3294, 277, 1, NULL),
(3295, 276, 78, NULL),
(3296, 276, 28, NULL),
(3297, 276, 42, NULL),
(3298, 276, 7, 0),
(3299, 276, 1, NULL),
(3300, 278, 23, NULL),
(3301, 278, 42, NULL),
(3302, 278, 102, NULL),
(3303, 278, 7, 0),
(3304, 278, 1, NULL),
(3310, 280, 23, NULL),
(3311, 280, 42, NULL),
(3312, 280, 102, NULL),
(3313, 280, 7, 0),
(3314, 280, 1, NULL),
(3315, 279, 23, NULL),
(3316, 279, 42, NULL),
(3317, 279, 102, NULL),
(3318, 279, 7, 0),
(3319, 279, 1, NULL),
(3320, 281, 23, NULL),
(3321, 281, 42, NULL),
(3322, 281, 102, NULL),
(3323, 281, 7, 0),
(3324, 281, 1, NULL),
(3325, 282, 23, NULL),
(3326, 282, 42, NULL),
(3327, 282, 102, NULL),
(3328, 282, 7, 0),
(3329, 282, 1, NULL),
(3334, 283, 27, NULL),
(3335, 283, 42, NULL),
(3336, 283, 7, 0),
(3337, 283, 1, NULL),
(3338, 284, 27, NULL),
(3339, 284, 42, NULL),
(3340, 284, 102, NULL),
(3341, 284, 7, 0),
(3342, 284, 1, NULL),
(3343, 148, 27, NULL),
(3344, 148, 42, NULL),
(3345, 148, 7, 0),
(3346, 148, 1, NULL),
(3355, 285, 241, NULL),
(3356, 285, 240, 0),
(3357, 285, 235, NULL),
(3358, 285, 159, 0),
(3359, 286, 8, NULL),
(3360, 286, 42, NULL),
(3361, 286, 102, NULL),
(3362, 286, 7, 0),
(3363, 286, 1, NULL),
(3369, 287, 8, NULL),
(3370, 287, 42, NULL),
(3371, 287, 102, NULL),
(3372, 287, 7, 0),
(3373, 287, 1, NULL),
(3421, 294, 27, NULL),
(3422, 294, 57, NULL),
(3423, 294, 102, NULL),
(3424, 294, 7, 2.12),
(3425, 294, 2, NULL),
(3432, 295, 83, NULL),
(3433, 295, 28, NULL),
(3434, 295, 57, NULL),
(3435, 295, 93, NULL),
(3436, 295, 7, 0),
(3437, 295, 1, NULL),
(3454, 296, 83, NULL),
(3455, 296, 28, NULL),
(3456, 296, 57, NULL),
(3457, 296, 93, NULL),
(3458, 296, 7, 0),
(3459, 296, 1, NULL),
(3460, 297, 28, NULL),
(3461, 297, 57, NULL),
(3462, 297, 7, 0),
(3463, 297, 1, NULL),
(3464, 298, 83, NULL),
(3465, 298, 28, NULL),
(3466, 298, 57, NULL),
(3467, 298, 93, NULL),
(3468, 298, 7, 0),
(3469, 298, 1, NULL),
(3470, 293, 83, NULL),
(3471, 293, 8, NULL),
(3472, 293, 42, NULL),
(3473, 293, 93, NULL),
(3474, 293, 7, 0),
(3475, 293, 1, NULL),
(3476, 292, 83, NULL),
(3477, 292, 8, NULL),
(3478, 292, 42, NULL),
(3479, 292, 93, NULL),
(3480, 292, 7, 0),
(3481, 292, 1, NULL),
(3482, 288, 83, NULL),
(3483, 288, 8, NULL),
(3484, 288, 42, NULL),
(3485, 288, 93, NULL),
(3486, 288, 7, 0),
(3487, 288, 1, NULL),
(3488, 289, 83, NULL),
(3489, 289, 8, NULL),
(3490, 289, 42, NULL),
(3491, 289, 93, NULL),
(3492, 289, 7, 0),
(3493, 289, 1, NULL),
(3494, 290, 83, NULL),
(3495, 290, 8, NULL),
(3496, 290, 42, NULL),
(3497, 290, 93, NULL),
(3498, 290, 7, 0),
(3499, 290, 1, NULL),
(3500, 291, 83, NULL),
(3501, 291, 8, NULL),
(3502, 291, 42, NULL),
(3503, 291, 93, NULL),
(3504, 291, 7, 0),
(3505, 291, 1, NULL),
(3506, 299, 83, NULL),
(3507, 299, 23, NULL),
(3508, 299, 42, NULL),
(3509, 299, 93, NULL),
(3510, 299, 102, NULL),
(3511, 299, 7, 0),
(3512, 299, 1, NULL),
(3526, 302, 8, NULL),
(3527, 302, 42, NULL),
(3528, 302, 7, 0),
(3529, 302, 1, NULL),
(3543, 306, 8, NULL),
(3544, 306, 42, NULL),
(3545, 306, 7, 1),
(3546, 306, 1, NULL),
(3551, 307, 8, NULL),
(3552, 307, 42, NULL),
(3553, 307, 7, 0),
(3554, 307, 1, NULL),
(3559, 309, 23, NULL),
(3560, 309, 42, NULL),
(3561, 309, 7, 0),
(3562, 309, 1, NULL),
(3585, 138, 302, NULL),
(3586, 138, 204, 200),
(3587, 138, 286, 548),
(3588, 139, 302, NULL),
(3589, 139, 204, 200),
(3590, 139, 286, 438),
(3591, 45, 302, NULL),
(3592, 45, 204, 50),
(3593, 45, 286, 3972),
(3594, 63, 302, NULL),
(3595, 63, 204, 0),
(3596, 63, 286, 3740),
(3597, 31, 302, NULL),
(3598, 31, 204, 50),
(3599, 31, 286, 3377),
(3600, 64, 302, NULL),
(3601, 64, 204, 0),
(3602, 64, 286, 3278),
(3603, 137, 302, NULL),
(3604, 137, 204, 0),
(3605, 137, 286, 0),
(3606, 318, 302, NULL),
(3607, 318, 204, 185),
(3608, 318, 286, 3244),
(3609, 33, 302, NULL),
(3610, 33, 204, 0),
(3611, 33, 286, 0),
(3612, 134, 302, NULL),
(3613, 134, 204, 100),
(3614, 134, 286, 0),
(3615, 136, 302, NULL),
(3616, 136, 204, 0),
(3617, 136, 286, 0),
(3618, 34, 302, NULL),
(3619, 34, 204, 0),
(3620, 34, 286, 0),
(3621, 77, 302, NULL),
(3622, 77, 204, 0),
(3623, 77, 286, 2900),
(3624, 35, 302, NULL),
(3625, 35, 204, 0),
(3626, 35, 286, 0),
(3627, 319, 302, NULL),
(3628, 319, 204, 0),
(3629, 319, 286, 2788),
(3630, 32, 302, NULL),
(3631, 32, 204, 0),
(3632, 32, 286, 0),
(3633, 135, 302, NULL),
(3634, 135, 204, 0),
(3635, 135, 286, 0),
(3636, 317, 302, NULL),
(3637, 317, 204, 82),
(3638, 317, 286, 2413),
(3639, 133, 302, NULL),
(3640, 133, 204, 0),
(3641, 133, 286, 0),
(3642, 315, 302, NULL),
(3643, 315, 204, 0),
(3644, 315, 286, 2052),
(3645, 314, 302, NULL),
(3646, 314, 204, 0),
(3647, 314, 286, 2013),
(3648, 312, 302, NULL),
(3649, 312, 204, 0),
(3650, 312, 286, 1860),
(3651, 313, 302, NULL),
(3652, 313, 204, 0),
(3653, 313, 286, 1656),
(3654, 311, 302, NULL),
(3655, 311, 204, 0),
(3656, 311, 286, 1588),
(3657, 316, 302, NULL),
(3658, 316, 204, 0),
(3659, 316, 286, 1452),
(3660, 310, 302, NULL),
(3661, 310, 204, 0),
(3662, 310, 286, 1274),
(3663, 301, 302, NULL),
(3664, 301, 204, 0),
(3665, 301, 286, 0),
(3666, 320, 302, NULL),
(3667, 320, 204, 0),
(3668, 320, 286, 3105),
(3669, 321, 302, NULL),
(3670, 321, 204, 0),
(3671, 321, 286, 3396),
(3672, 322, 302, NULL),
(3673, 322, 204, 0),
(3674, 322, 286, 3120),
(3675, 323, 302, NULL),
(3676, 323, 204, 0),
(3677, 323, 286, 2476),
(3681, 324, 302, NULL),
(3682, 324, 204, 50),
(3683, 324, 286, 3808),
(3687, 325, 302, NULL),
(3688, 325, 204, 50),
(3689, 325, 286, 3897),
(3699, 327, 302, NULL),
(3700, 327, 204, 0),
(3701, 327, 286, 3299),
(3706, 153, 124, NULL),
(3707, 153, 119, 0),
(3708, 153, 123, 190),
(3709, 153, 122, NULL),
(3710, 157, 124, NULL),
(3711, 157, 119, 0),
(3712, 157, 123, 205),
(3713, 157, 122, NULL),
(3714, 159, 124, NULL),
(3715, 159, 119, 0),
(3716, 159, 123, 205),
(3717, 159, 122, NULL),
(3718, 152, 124, NULL),
(3719, 152, 119, 0),
(3720, 152, 123, 250),
(3721, 152, 122, NULL),
(3722, 160, 124, NULL),
(3723, 160, 119, 0),
(3724, 160, 123, 253),
(3725, 160, 122, NULL),
(3726, 156, 124, NULL),
(3727, 156, 119, 0),
(3728, 156, 123, 293),
(3729, 156, 122, NULL),
(3730, 155, 124, NULL),
(3731, 155, 119, 0),
(3732, 155, 123, 293),
(3733, 155, 122, NULL),
(3734, 154, 124, NULL),
(3735, 154, 119, 0),
(3736, 154, 123, 293),
(3737, 154, 122, NULL),
(3738, 161, 124, NULL),
(3739, 161, 119, 0),
(3740, 161, 123, 202),
(3741, 161, 122, NULL),
(3742, 195, 124, NULL),
(3743, 195, 119, 0),
(3744, 195, 133, NULL),
(3745, 195, 123, 220),
(3746, 195, 122, NULL),
(3747, 158, 124, NULL),
(3748, 158, 119, 0),
(3749, 158, 123, 250),
(3750, 158, 122, NULL),
(3751, 183, 126, NULL),
(3752, 183, 119, 0),
(3753, 183, 123, 260),
(3754, 183, 122, NULL),
(3755, 192, 124, NULL),
(3756, 192, 119, 1),
(3757, 192, 123, 293),
(3758, 192, 122, NULL),
(3759, 191, 124, NULL),
(3760, 191, 119, 1),
(3761, 191, 123, 293),
(3762, 191, 122, NULL),
(3763, 193, 124, NULL),
(3764, 193, 119, 1),
(3765, 193, 123, 293),
(3766, 193, 122, NULL),
(3767, 164, 124, NULL),
(3768, 164, 119, 0),
(3769, 164, 123, 235),
(3770, 164, 122, NULL),
(3771, 162, 124, NULL),
(3772, 162, 119, 0),
(3773, 162, 123, 280),
(3774, 162, 122, NULL),
(3775, 167, 124, NULL),
(3776, 167, 119, 0),
(3777, 167, 123, 283),
(3778, 167, 122, NULL),
(3779, 163, 124, NULL),
(3780, 163, 119, 0),
(3781, 163, 123, 323),
(3782, 163, 122, NULL),
(3783, 182, 125, NULL),
(3784, 182, 119, 0),
(3785, 182, 123, 335),
(3786, 182, 122, NULL),
(3787, 184, 126, NULL),
(3788, 184, 119, 0),
(3789, 184, 123, 300),
(3790, 184, 122, NULL),
(3791, 165, 124, NULL),
(3792, 165, 119, 0),
(3793, 165, 123, 311),
(3794, 165, 122, NULL),
(3795, 168, 124, NULL),
(3796, 168, 119, 0),
(3797, 168, 123, 283),
(3798, 168, 122, NULL),
(3799, 166, 124, NULL),
(3800, 166, 119, 0),
(3801, 166, 123, 323),
(3802, 166, 122, NULL),
(3803, 185, 126, NULL),
(3804, 185, 119, 0),
(3805, 185, 123, 300),
(3806, 185, 122, NULL),
(3807, 188, 126, NULL),
(3808, 188, 119, 0),
(3809, 188, 128, NULL),
(3810, 188, 123, 331),
(3811, 188, 122, NULL),
(3812, 187, 126, NULL),
(3813, 187, 119, 0),
(3814, 187, 123, 376),
(3815, 187, 122, NULL),
(3816, 186, 126, NULL),
(3817, 186, 119, 0),
(3818, 186, 123, 376),
(3819, 186, 122, NULL),
(3820, 194, 126, NULL),
(3821, 194, 119, 1),
(3822, 194, 123, 340),
(3823, 194, 122, NULL),
(3824, 169, 124, NULL),
(3825, 169, 119, 0),
(3826, 169, 123, 422),
(3827, 169, 122, NULL),
(3828, 171, 124, NULL),
(3829, 171, 119, 0),
(3830, 171, 123, 375),
(3831, 171, 122, NULL),
(3832, 172, 124, NULL),
(3833, 172, 119, 0),
(3834, 172, 123, 401),
(3835, 172, 122, NULL),
(3836, 170, 124, NULL),
(3837, 170, 119, 0),
(3838, 170, 123, 422),
(3839, 170, 122, NULL),
(3840, 174, 124, NULL),
(3841, 174, 119, 0),
(3842, 174, 123, 481),
(3843, 174, 122, NULL),
(3844, 189, 126, NULL),
(3845, 189, 119, 0),
(3846, 189, 123, 420),
(3847, 189, 122, NULL),
(3848, 190, 126, NULL),
(3849, 190, 119, 0),
(3850, 190, 123, 439),
(3851, 190, 122, NULL),
(3852, 175, 124, NULL),
(3853, 175, 119, 0),
(3854, 175, 123, 425),
(3855, 175, 122, NULL),
(3856, 176, 124, NULL),
(3857, 176, 119, 0),
(3858, 176, 123, 446),
(3859, 176, 122, NULL),
(3860, 173, 124, NULL),
(3861, 173, 119, 0),
(3862, 173, 123, 481),
(3863, 173, 122, NULL),
(3864, 178, 124, NULL),
(3865, 178, 119, 0),
(3866, 178, 123, 511),
(3867, 178, 122, NULL),
(3868, 179, 124, NULL),
(3869, 179, 119, 0),
(3870, 179, 123, 481),
(3871, 179, 122, NULL),
(3872, 177, 124, NULL),
(3873, 177, 119, 0),
(3874, 177, 123, 511),
(3875, 177, 122, NULL),
(3880, 181, 124, NULL),
(3881, 181, 119, 0),
(3882, 181, 123, 518),
(3883, 181, 122, NULL),
(3884, 180, 124, NULL),
(3885, 180, 119, 0),
(3886, 180, 123, 493),
(3887, 180, 122, NULL),
(3893, 328, 124, NULL),
(3894, 328, 119, 0),
(3895, 328, 133, NULL),
(3896, 328, 123, 521),
(3897, 328, 122, NULL),
(3898, 329, 124, NULL),
(3899, 329, 119, 0),
(3900, 329, 133, NULL),
(3901, 329, 123, 521),
(3902, 329, 122, NULL),
(3911, 21, 197, 0),
(3912, 21, 218, NULL),
(3913, 21, 219, 1),
(3914, 21, 221, NULL),
(3923, 79, 197, 0),
(3924, 79, 216, NULL),
(3925, 79, 219, 0),
(3926, 79, 220, NULL),
(3927, 118, 197, 0),
(3928, 118, 216, NULL),
(3929, 118, 219, 0),
(3930, 326, 302, NULL),
(3931, 326, 204, 0),
(3932, 326, 286, 2825),
(3939, 331, 83, NULL),
(3940, 331, 23, NULL),
(3941, 331, 42, NULL),
(3942, 331, 93, NULL),
(3943, 331, 102, NULL),
(3944, 331, 7, 0),
(3945, 331, 1, NULL),
(3946, 332, 83, NULL),
(3947, 332, 23, NULL),
(3948, 332, 42, NULL),
(3949, 332, 93, NULL),
(3950, 332, 102, NULL),
(3951, 332, 7, 0),
(3952, 332, 1, NULL),
(3953, 333, 23, NULL),
(3954, 333, 42, NULL),
(3955, 333, 7, 0),
(3956, 333, 1, NULL),
(3961, 334, 23, NULL),
(3962, 334, 42, NULL),
(3963, 334, 7, 0),
(3964, 334, 1, NULL),
(3969, 330, 275, NULL),
(3970, 330, 240, 2),
(3971, 330, 235, NULL),
(3972, 330, 159, 5),
(3989, 335, 279, NULL),
(3990, 335, 240, 2),
(3991, 335, 235, NULL),
(3992, 335, 159, 4),
(4001, 339, 8, NULL),
(4002, 339, 42, NULL),
(4003, 339, 7, 0),
(4004, 339, 6, NULL),
(4013, 342, 28, NULL),
(4014, 342, 42, NULL),
(4015, 342, 102, NULL),
(4016, 342, 7, 0),
(4017, 342, 1, NULL),
(4018, 343, 28, NULL),
(4019, 343, 42, NULL),
(4020, 343, 102, NULL),
(4021, 343, 7, 0),
(4022, 343, 1, NULL),
(4023, 340, 27, NULL),
(4024, 340, 42, NULL),
(4025, 340, 102, NULL),
(4026, 340, 7, 0),
(4027, 340, 1, NULL),
(4028, 341, 28, NULL),
(4029, 341, 42, NULL),
(4030, 341, 102, NULL),
(4031, 341, 7, 0),
(4032, 341, 1, NULL),
(4047, 344, 124, NULL),
(4048, 344, 119, 0),
(4049, 344, 133, NULL),
(4050, 344, 123, 521),
(4051, 344, 122, NULL),
(4062, 347, 302, NULL),
(4063, 347, 204, 0),
(4064, 347, 286, 0),
(4065, 348, 164, NULL),
(4066, 348, 180, NULL),
(4067, 348, 196, 0.7),
(4068, 349, 164, NULL),
(4069, 349, 180, NULL),
(4070, 349, 196, 0.8),
(4071, 350, 164, NULL),
(4072, 350, 180, NULL),
(4073, 350, 196, 0.8),
(4106, 358, 124, NULL),
(4107, 358, 119, 0),
(4108, 358, 133, NULL),
(4109, 358, 123, 486),
(4110, 358, 122, NULL),
(4111, 62, 124, NULL),
(4112, 62, 119, 0),
(4113, 62, 123, 0),
(4114, 62, 122, NULL),
(4115, 359, 302, NULL),
(4116, 359, 204, 160),
(4117, 359, 286, 5193),
(4124, 360, 83, NULL),
(4125, 360, 8, NULL),
(4126, 360, 42, NULL),
(4127, 360, 93, NULL),
(4128, 360, 7, 0),
(4129, 360, 1, NULL),
(4189, 371, 124, NULL),
(4190, 371, 119, 0),
(4191, 371, 133, NULL),
(4192, 371, 123, 550),
(4193, 371, 122, NULL),
(4194, 372, 124, NULL),
(4195, 372, 119, 1),
(4196, 372, 129, NULL),
(4197, 372, 123, 321),
(4198, 372, 122, NULL),
(4204, 373, 124, NULL),
(4205, 373, 119, 1),
(4206, 373, 129, NULL),
(4207, 373, 123, 371),
(4208, 373, 122, NULL),
(4214, 374, 124, NULL),
(4215, 374, 119, 1),
(4216, 374, 129, NULL),
(4217, 374, 123, 371),
(4218, 374, 122, NULL),
(4223, 375, 8, NULL),
(4224, 375, 42, NULL),
(4225, 375, 7, 0),
(4226, 375, 1, NULL),
(4231, 377, 8, NULL),
(4232, 377, 42, NULL),
(4233, 377, 7, 0),
(4234, 377, 1, NULL),
(4235, 378, 8, NULL),
(4236, 378, 42, NULL),
(4237, 378, 7, 0),
(4238, 378, 1, NULL),
(4243, 379, 8, NULL),
(4244, 379, 42, NULL),
(4245, 379, 7, 0),
(4246, 379, 1, NULL),
(4247, 376, 8, NULL),
(4248, 376, 42, NULL),
(4249, 376, 7, 0),
(4250, 376, 1, NULL),
(4256, 380, 124, NULL),
(4257, 380, 119, 1),
(4258, 380, 128, NULL),
(4259, 380, 123, 473),
(4260, 380, 122, NULL),
(4271, 383, 124, NULL),
(4272, 383, 119, 0),
(4273, 383, 133, NULL),
(4274, 383, 123, 486),
(4275, 383, 122, NULL),
(4306, 388, 124, NULL),
(4307, 388, 119, 1),
(4308, 388, 129, NULL),
(4309, 388, 123, 467),
(4310, 388, 122, NULL),
(4321, 391, 124, NULL),
(4322, 391, 119, 1),
(4323, 391, 129, NULL),
(4324, 391, 123, 460),
(4325, 391, 122, NULL),
(4331, 392, 124, NULL),
(4332, 392, 119, 1),
(4333, 392, 128, NULL),
(4334, 392, 123, 510),
(4335, 392, 122, NULL),
(4336, 393, 124, NULL),
(4337, 393, 119, 1),
(4338, 393, 128, NULL),
(4339, 393, 123, 510),
(4340, 393, 122, NULL),
(4376, 399, 124, NULL),
(4377, 399, 119, 1),
(4378, 399, 129, NULL),
(4379, 399, 123, 365),
(4380, 399, 122, NULL),
(4391, 402, 124, NULL),
(4392, 402, 119, 1),
(4393, 402, 133, NULL),
(4394, 402, 123, 550),
(4395, 402, 122, NULL),
(4484, 407, 8, NULL),
(4485, 407, 42, NULL),
(4486, 407, 7, 1),
(4487, 407, 1, NULL),
(4488, 408, 8, NULL),
(4489, 408, 42, NULL),
(4490, 408, 7, 1),
(4491, 408, 1, NULL),
(4492, 404, 8, NULL),
(4493, 404, 42, NULL),
(4494, 404, 7, 1),
(4495, 404, 1, NULL),
(4496, 403, 8, NULL),
(4497, 403, 42, NULL),
(4498, 403, 7, 1),
(4499, 403, 1, NULL),
(4508, 409, 8, NULL),
(4509, 409, 42, NULL),
(4510, 409, 7, 0),
(4511, 409, 1, NULL),
(4603, 416, 302, NULL),
(4604, 416, 204, 200),
(4605, 416, 286, 6631),
(4612, 417, 302, NULL),
(4613, 417, 204, 200),
(4614, 417, 286, 6654),
(4619, 418, 23, NULL),
(4620, 418, 42, NULL),
(4621, 418, 102, NULL),
(4622, 418, 7, 0),
(4623, 418, 1, NULL),
(4624, 419, 23, NULL),
(4625, 419, 42, NULL),
(4626, 419, 102, NULL),
(4627, 419, 7, 0),
(4628, 419, 1, NULL),
(4629, 420, 23, NULL),
(4630, 420, 42, NULL),
(4631, 420, 102, NULL),
(4632, 420, 7, 0),
(4633, 420, 1, NULL),
(4644, 422, 23, NULL),
(4645, 422, 42, NULL),
(4646, 422, 102, NULL),
(4647, 422, 7, 0),
(4648, 422, 1, NULL),
(4649, 423, 23, NULL),
(4650, 423, 42, NULL),
(4651, 423, 102, NULL),
(4652, 423, 7, 0),
(4653, 423, 1, NULL),
(4654, 424, 23, NULL),
(4655, 424, 42, NULL),
(4656, 424, 102, NULL),
(4657, 424, 7, 0),
(4658, 424, 1, NULL),
(4707, 427, 27, NULL),
(4708, 427, 42, NULL),
(4709, 427, 7, 0),
(4710, 427, 1, NULL),
(4711, 428, 27, NULL),
(4712, 428, 42, NULL),
(4713, 428, 7, 0),
(4714, 428, 1, NULL),
(4715, 429, 83, NULL),
(4716, 429, 28, NULL),
(4717, 429, 57, NULL),
(4718, 429, 93, NULL),
(4719, 429, 102, NULL),
(4720, 429, 7, 0),
(4721, 429, 2, NULL),
(4722, 430, 27, NULL),
(4723, 430, 42, NULL),
(4724, 430, 7, 0),
(4725, 430, 1, NULL),
(4726, 431, 23, NULL),
(4727, 431, 42, NULL),
(4728, 431, 102, NULL),
(4729, 431, 7, 0),
(4730, 431, 1, NULL),
(4731, 432, 23, NULL),
(4732, 432, 42, NULL),
(4733, 432, 102, NULL),
(4734, 432, 7, 0),
(4735, 432, 1, NULL),
(4736, 433, 23, NULL),
(4737, 433, 42, NULL),
(4738, 433, 102, NULL),
(4739, 433, 7, 0),
(4740, 433, 1, NULL),
(4741, 434, 27, NULL),
(4742, 434, 42, NULL),
(4743, 434, 7, 0),
(4744, 434, 1, NULL),
(4753, 436, 23, NULL),
(4754, 436, 42, NULL),
(4755, 436, 102, NULL),
(4756, 436, 7, 0),
(4757, 436, 1, NULL),
(4762, 437, 27, NULL),
(4763, 437, 42, NULL),
(4764, 437, 7, 0),
(4765, 437, 1, NULL),
(4766, 438, 23, NULL),
(4767, 438, 42, NULL),
(4768, 438, 102, NULL),
(4769, 438, 7, 0),
(4770, 438, 1, NULL),
(4771, 439, 23, NULL),
(4772, 439, 42, NULL),
(4773, 439, 102, NULL),
(4774, 439, 7, 0),
(4775, 439, 1, NULL),
(4776, 440, 27, NULL),
(4777, 440, 57, NULL),
(4778, 440, 102, NULL),
(4779, 440, 7, 0),
(4780, 440, 2, NULL),
(4825, 435, 27, NULL),
(4826, 435, 42, NULL),
(4827, 435, 7, 0),
(4828, 435, 1, NULL),
(4829, 406, 8, NULL),
(4830, 406, 42, NULL),
(4831, 406, 7, 1.75),
(4832, 406, 1, NULL),
(4879, 425, 78, NULL),
(4880, 425, 83, NULL),
(4881, 425, 8, NULL),
(4882, 425, 42, NULL),
(4883, 425, 93, NULL),
(4884, 425, 7, 2.4),
(4885, 425, 1, NULL),
(4886, 405, 78, NULL),
(4887, 405, 83, NULL),
(4888, 405, 8, NULL),
(4889, 405, 42, NULL),
(4890, 405, 7, 1.4),
(4891, 405, 1, NULL),
(4896, 442, 78, NULL),
(4897, 442, 83, NULL),
(4898, 442, 8, NULL),
(4899, 442, 42, NULL),
(4900, 442, 93, NULL),
(4901, 442, 7, 2.4),
(4902, 442, 1, NULL),
(4903, 443, 124, NULL),
(4904, 443, 119, 0),
(4905, 443, 123, 438),
(4906, 443, 121, NULL),
(4907, 444, 124, NULL),
(4908, 444, 119, 3),
(4909, 444, 133, NULL),
(4910, 444, 123, 542),
(4911, 444, 121, NULL),
(4912, 445, 124, NULL),
(4913, 445, 119, 0),
(4914, 445, 123, 500),
(4915, 445, 121, NULL),
(4916, 446, 124, NULL),
(4917, 446, 119, 0),
(4918, 446, 123, 500),
(4919, 446, 121, NULL),
(4920, 447, 124, NULL),
(4921, 447, 119, 3),
(4922, 447, 133, NULL),
(4923, 447, 123, 518),
(4924, 447, 120, NULL),
(4925, 448, 241, NULL),
(4926, 448, 240, 0),
(4927, 448, 235, NULL),
(4928, 448, 159, 0),
(4929, 449, 241, NULL),
(4930, 449, 240, 0),
(4931, 449, 235, NULL),
(4932, 449, 159, 0),
(4942, 451, 164, NULL),
(4943, 451, 180, NULL),
(4944, 451, 196, 0.35),
(4948, 452, 164, NULL),
(4949, 452, 180, NULL),
(4950, 452, 196, 0.35),
(4975, 454, 8, NULL),
(4976, 454, 42, NULL),
(4977, 454, 7, 0),
(4978, 454, 1, NULL),
(4995, 455, 8, NULL),
(4996, 455, 42, NULL),
(4997, 455, 7, 0),
(4998, 455, 1, NULL),
(4999, 410, 8, NULL),
(5000, 410, 42, NULL),
(5001, 410, 7, 0),
(5002, 410, 1, NULL),
(5003, 453, 8, NULL),
(5004, 453, 42, NULL),
(5005, 453, 7, 0),
(5006, 453, 1, NULL),
(5007, 412, 8, NULL),
(5008, 412, 42, NULL),
(5009, 412, 7, 0),
(5010, 412, 1, NULL),
(5011, 415, 8, NULL),
(5012, 415, 42, NULL),
(5013, 415, 7, 0),
(5014, 415, 1, NULL),
(5015, 450, 164, NULL),
(5016, 450, 180, NULL),
(5017, 450, 196, 0.35),
(5058, 411, 27, NULL),
(5059, 411, 42, NULL),
(5060, 411, 7, 1),
(5061, 411, 1, NULL),
(5088, 458, 23, NULL),
(5089, 458, 42, NULL),
(5090, 458, 102, NULL),
(5091, 458, 7, 0),
(5092, 458, 1, NULL),
(5093, 457, 23, NULL),
(5094, 457, 42, NULL),
(5095, 457, 102, NULL),
(5096, 457, 7, 0),
(5097, 457, 1, NULL),
(5098, 459, 164, NULL),
(5099, 459, 180, NULL),
(5100, 459, 196, 0.35),
(5105, 441, 8, NULL),
(5106, 441, 42, NULL),
(5107, 441, 7, 0.4),
(5108, 441, 1, NULL),
(5109, 426, 8, NULL),
(5110, 426, 42, NULL),
(5111, 426, 7, 0),
(5112, 426, 1, NULL),
(5113, 456, 27, NULL),
(5114, 456, 42, NULL),
(5115, 456, 7, 0),
(5116, 456, 1, NULL),
(5125, 460, 321, NULL),
(5126, 460, 232, 0),
(5127, 460, 233, NULL),
(5128, 461, 321, NULL),
(5129, 461, 232, 0),
(5130, 461, 233, NULL),
(5131, 462, 321, NULL),
(5132, 462, 232, 0),
(5133, 462, 233, NULL),
(5134, 463, 321, NULL),
(5135, 463, 232, 0),
(5136, 463, 233, NULL),
(5140, 464, 322, NULL),
(5141, 464, 232, 0),
(5142, 464, 323, NULL),
(5157, 466, 23, NULL),
(5158, 466, 42, NULL),
(5159, 466, 102, NULL),
(5160, 466, 7, 0),
(5161, 466, 1, NULL),
(5175, 471, 8, NULL),
(5176, 471, 42, NULL),
(5177, 471, 102, NULL),
(5178, 471, 7, 0),
(5179, 471, 1, NULL),
(5180, 469, 83, NULL),
(5181, 469, 8, NULL),
(5182, 469, 42, NULL),
(5183, 469, 7, 0),
(5184, 469, 1, NULL),
(5185, 470, 8, NULL),
(5186, 470, 42, NULL),
(5187, 470, 7, 0),
(5188, 470, 1, NULL),
(5193, 473, 83, NULL),
(5194, 473, 28, NULL),
(5195, 473, 42, NULL),
(5196, 473, 93, NULL),
(5197, 473, 7, 0),
(5198, 473, 1, NULL),
(5199, 472, 83, NULL),
(5200, 472, 28, NULL),
(5201, 472, 42, NULL),
(5202, 472, 93, NULL),
(5203, 472, 7, 0),
(5204, 472, 1, NULL),
(5205, 474, 83, NULL),
(5206, 474, 28, NULL),
(5207, 474, 42, NULL),
(5208, 474, 93, NULL),
(5209, 474, 7, 0),
(5210, 474, 1, NULL),
(5211, 475, 83, NULL),
(5212, 475, 28, NULL),
(5213, 475, 42, NULL),
(5214, 475, 93, NULL),
(5215, 475, 7, 0),
(5216, 475, 1, NULL),
(5222, 476, 23, NULL),
(5223, 476, 42, NULL),
(5224, 476, 102, NULL),
(5225, 476, 7, 0),
(5226, 476, 1, NULL),
(5227, 477, 23, NULL),
(5228, 477, 42, NULL),
(5229, 477, 102, NULL),
(5230, 477, 7, 0),
(5231, 477, 1, NULL),
(5232, 478, 8, NULL),
(5233, 478, 42, NULL),
(5234, 478, 7, 0),
(5235, 478, 1, NULL),
(5240, 479, 8, NULL),
(5241, 479, 42, NULL),
(5242, 479, 7, 0),
(5243, 479, 1, NULL),
(5244, 480, 8, NULL),
(5245, 480, 42, NULL),
(5246, 480, 7, 0),
(5247, 480, 1, NULL),
(5273, 482, 229, 0),
(5274, 483, 229, 0),
(5275, 484, 229, 0),
(5276, 485, 229, 0),
(5283, 487, 173, NULL),
(5284, 487, 180, NULL),
(5285, 487, 196, 0.5),
(5286, 488, 173, NULL),
(5287, 488, 180, NULL),
(5288, 488, 209, NULL),
(5289, 488, 196, 0.6),
(5290, 489, 173, NULL),
(5291, 489, 180, NULL),
(5292, 489, 209, NULL),
(5293, 489, 196, 0.5),
(5297, 490, 179, NULL),
(5298, 490, 180, NULL),
(5299, 490, 196, 0.4),
(5300, 491, 179, NULL),
(5301, 491, 180, NULL),
(5302, 491, 196, 0.4),
(5303, 492, 172, NULL),
(5304, 492, 180, NULL),
(5305, 492, 196, 0.25),
(5306, 493, 172, NULL),
(5307, 493, 180, NULL),
(5308, 493, 196, 0.2),
(5309, 494, 173, NULL),
(5310, 494, 180, NULL),
(5311, 494, 196, 0.2),
(5324, 495, 83, NULL),
(5325, 495, 28, NULL),
(5326, 495, 57, NULL),
(5327, 495, 102, NULL),
(5328, 495, 7, 4.25),
(5329, 495, 1, NULL),
(5330, 496, 27, NULL),
(5331, 496, 42, NULL),
(5332, 496, 7, 0),
(5333, 496, 1, NULL),
(5334, 497, 27, NULL),
(5335, 497, 42, NULL),
(5336, 497, 7, 0),
(5337, 497, 1, NULL),
(5343, 499, 23, NULL),
(5344, 499, 42, NULL),
(5345, 499, 102, NULL),
(5346, 499, 7, 0),
(5347, 499, 1, NULL),
(5348, 498, 23, NULL),
(5349, 498, 42, NULL),
(5350, 498, 102, NULL),
(5351, 498, 7, 0),
(5352, 498, 1, NULL),
(5416, 501, 8, NULL),
(5417, 501, 42, NULL),
(5418, 501, 103, NULL),
(5419, 501, 7, 2.74),
(5420, 501, 1, NULL),
(5421, 502, 23, NULL),
(5422, 502, 42, NULL),
(5423, 502, 7, 0),
(5424, 502, 1, NULL),
(5439, 503, 78, NULL),
(5440, 503, 28, NULL),
(5441, 503, 57, NULL),
(5442, 503, 93, NULL),
(5443, 503, 102, NULL),
(5444, 503, 7, 2.5),
(5445, 503, 2, NULL),
(5452, 506, 83, NULL),
(5453, 506, 8, NULL),
(5454, 506, 42, NULL),
(5455, 506, 93, NULL),
(5456, 506, 7, 1),
(5457, 506, 1, NULL),
(5458, 505, 83, NULL),
(5459, 505, 8, NULL),
(5460, 505, 42, NULL),
(5461, 505, 93, NULL),
(5462, 505, 7, 1),
(5463, 505, 1, NULL),
(5464, 504, 78, NULL),
(5465, 504, 28, NULL),
(5466, 504, 57, NULL),
(5467, 504, 93, NULL),
(5468, 504, 102, NULL),
(5469, 504, 7, 2.55),
(5470, 504, 2, NULL),
(5471, 507, 78, NULL),
(5472, 507, 28, NULL),
(5473, 507, 57, NULL),
(5474, 507, 93, NULL),
(5475, 507, 102, NULL),
(5476, 507, 7, 2.75),
(5477, 507, 2, NULL),
(5478, 508, 78, NULL),
(5479, 508, 28, NULL),
(5480, 508, 57, NULL),
(5481, 508, 93, NULL),
(5482, 508, 102, NULL),
(5483, 508, 7, 2.75),
(5484, 508, 2, NULL),
(5485, 509, 78, NULL),
(5486, 509, 83, NULL),
(5487, 509, 23, NULL),
(5488, 509, 43, NULL),
(5489, 509, 88, NULL),
(5490, 509, 93, NULL),
(5491, 509, 102, NULL),
(5492, 509, 7, 2.8),
(5493, 509, 2, NULL),
(5513, 511, 78, NULL),
(5514, 511, 28, NULL),
(5515, 511, 57, NULL),
(5516, 511, 93, NULL),
(5517, 511, 102, NULL),
(5518, 511, 7, 3),
(5519, 511, 2, NULL),
(5550, 512, 78, NULL),
(5551, 512, 23, NULL),
(5552, 512, 50, NULL),
(5553, 512, 93, NULL),
(5554, 512, 7, 1.995),
(5555, 512, 2, NULL),
(5556, 510, 78, NULL),
(5557, 510, 23, NULL),
(5558, 510, 50, NULL),
(5559, 510, 93, NULL),
(5560, 510, 7, 1.965),
(5561, 510, 2, NULL),
(5597, 515, 78, NULL),
(5598, 515, 28, NULL),
(5599, 515, 57, NULL),
(5600, 515, 93, NULL),
(5601, 515, 102, NULL),
(5602, 515, 7, 5),
(5603, 515, 2, NULL),
(5604, 514, 78, NULL),
(5605, 514, 28, NULL),
(5606, 514, 57, NULL),
(5607, 514, 93, NULL),
(5608, 514, 102, NULL),
(5609, 514, 7, 2.8),
(5610, 514, 2, NULL),
(5611, 513, 78, NULL),
(5612, 513, 28, NULL),
(5613, 513, 57, NULL),
(5614, 513, 93, NULL),
(5615, 513, 102, NULL),
(5616, 513, 7, 2.8),
(5617, 513, 2, NULL),
(5618, 486, 321, NULL),
(5619, 486, 232, 0),
(5620, 486, 233, NULL),
(5642, 517, 9, NULL),
(5643, 517, 42, NULL),
(5644, 517, 7, 0),
(5645, 517, 3, NULL),
(5646, 518, 289, NULL),
(5652, 520, 83, NULL),
(5653, 520, 8, NULL),
(5654, 520, 42, NULL),
(5655, 520, 93, NULL),
(5656, 520, 7, 0),
(5657, 520, 1, NULL),
(5664, 521, 83, NULL),
(5665, 521, 8, NULL),
(5666, 521, 42, NULL),
(5667, 521, 93, NULL),
(5668, 521, 7, 0),
(5669, 521, 1, NULL),
(5670, 522, 83, NULL),
(5671, 522, 8, NULL),
(5672, 522, 42, NULL),
(5673, 522, 93, NULL),
(5674, 522, 7, 0),
(5675, 522, 1, NULL),
(5688, 525, 83, NULL),
(5689, 525, 8, NULL),
(5690, 525, 42, NULL),
(5691, 525, 93, NULL),
(5692, 525, 7, 0),
(5693, 525, 4, NULL),
(5694, 519, 8, NULL),
(5695, 519, 42, NULL),
(5696, 519, 102, NULL),
(5697, 519, 7, 0),
(5698, 519, 1, NULL),
(5699, 526, 8, NULL),
(5700, 526, 42, NULL),
(5701, 526, 102, NULL),
(5702, 526, 7, 0),
(5703, 526, 1, NULL),
(5709, 527, 8, NULL),
(5710, 527, 42, NULL),
(5711, 527, 102, NULL),
(5712, 527, 7, 0),
(5713, 527, 4, NULL),
(5714, 528, 8, NULL),
(5715, 528, 42, NULL),
(5716, 528, 102, NULL),
(5717, 528, 7, 0),
(5718, 528, 4, NULL),
(5719, 529, 8, NULL),
(5720, 529, 42, NULL),
(5721, 529, 104, NULL),
(5722, 529, 7, 0),
(5723, 529, 6, NULL),
(5729, 530, 8, NULL),
(5730, 530, 42, NULL),
(5731, 530, 104, NULL),
(5732, 530, 7, 1),
(5733, 530, 6, NULL),
(5734, 531, 8, NULL),
(5735, 531, 42, NULL),
(5736, 531, 104, NULL),
(5737, 531, 7, 1.2),
(5738, 531, 6, NULL),
(5739, 532, 8, NULL),
(5740, 532, 42, NULL),
(5741, 532, 7, 0),
(5742, 532, 1, NULL),
(5743, 533, 8, NULL),
(5744, 533, 42, NULL),
(5745, 533, 7, 0),
(5746, 533, 1, NULL),
(5747, 534, 23, NULL),
(5748, 534, 42, NULL),
(5749, 534, 102, NULL),
(5750, 534, 7, 0),
(5751, 534, 1, NULL),
(5752, 535, 8, NULL),
(5753, 535, 42, NULL),
(5754, 535, 102, NULL),
(5755, 535, 7, 1),
(5756, 535, 1, NULL),
(5757, 536, 83, NULL),
(5758, 536, 8, NULL),
(5759, 536, 42, NULL),
(5760, 536, 93, NULL),
(5761, 536, 7, 0),
(5762, 536, 1, NULL),
(5763, 537, 83, NULL),
(5764, 537, 8, NULL),
(5765, 537, 42, NULL),
(5766, 537, 7, 0),
(5767, 537, 1, NULL),
(5768, 115, 321, NULL),
(5769, 115, 232, 0),
(5770, 115, 233, NULL),
(5771, 145, 321, NULL),
(5772, 145, 232, 50),
(5773, 145, 233, NULL),
(5774, 76, 321, NULL),
(5775, 76, 232, 50),
(5776, 76, 234, NULL),
(5777, 90, 321, NULL),
(5778, 90, 232, 50),
(5779, 90, 233, NULL),
(5783, 116, 321, NULL),
(5784, 116, 232, 75),
(5785, 116, 234, NULL),
(5786, 113, 321, NULL),
(5787, 113, 232, 0),
(5788, 113, 233, NULL),
(5789, 132, 321, NULL),
(5790, 132, 232, 0),
(5791, 132, 233, NULL),
(5792, 538, 83, NULL),
(5793, 538, 8, NULL),
(5794, 538, 42, NULL),
(5795, 538, 93, NULL),
(5796, 538, 7, 0),
(5797, 538, 1, NULL),
(5798, 539, 78, NULL),
(5799, 539, 28, NULL),
(5800, 539, 57, NULL),
(5801, 539, 93, NULL),
(5802, 539, 102, NULL),
(5803, 539, 7, 5),
(5804, 539, 2, NULL),
(5805, 540, 27, NULL),
(5806, 540, 42, NULL),
(5807, 540, 102, NULL),
(5808, 540, 7, 0),
(5809, 540, 1, NULL),
(5815, 541, 27, NULL),
(5816, 541, 42, NULL),
(5817, 541, 102, NULL),
(5818, 541, 7, 0),
(5819, 541, 1, NULL),
(5820, 542, 27, NULL),
(5821, 542, 42, NULL),
(5822, 542, 102, NULL),
(5823, 542, 7, 0),
(5824, 542, 1, NULL),
(5825, 543, 27, NULL),
(5826, 543, 42, NULL),
(5827, 543, 102, NULL),
(5828, 543, 7, 0),
(5829, 543, 1, NULL),
(5835, 544, 8, NULL),
(5836, 544, 42, NULL),
(5837, 544, 102, NULL),
(5838, 544, 7, 0),
(5839, 544, 1, NULL),
(5855, 545, 8, NULL),
(5856, 545, 42, NULL),
(5857, 545, 102, NULL),
(5858, 545, 7, 0),
(5859, 545, 1, NULL),
(5860, 546, 8, NULL),
(5861, 546, 42, NULL),
(5862, 546, 102, NULL),
(5863, 546, 7, 0),
(5864, 546, 1, NULL),
(5865, 547, 8, NULL),
(5866, 547, 42, NULL),
(5867, 547, 102, NULL),
(5868, 547, 7, 0),
(5869, 547, 1, NULL),
(5870, 548, 28, NULL),
(5871, 548, 42, NULL),
(5872, 548, 102, NULL),
(5873, 548, 7, 0),
(5874, 548, 1, NULL),
(5875, 549, 8, NULL),
(5876, 549, 42, NULL),
(5877, 549, 102, NULL),
(5878, 549, 7, 0),
(5879, 549, 1, NULL),
(5919, 559, 321, NULL),
(5920, 559, 232, 0),
(5921, 559, 233, NULL),
(5928, 557, 321, NULL),
(5929, 557, 232, 0),
(5930, 557, 233, NULL),
(5931, 558, 321, NULL),
(5932, 558, 232, 0),
(5933, 558, 233, NULL),
(5934, 556, 321, NULL),
(5935, 556, 232, 0),
(5936, 556, 233, NULL),
(5937, 555, 321, NULL),
(5938, 555, 232, 0),
(5939, 555, 323, NULL),
(5940, 554, 321, NULL),
(5941, 554, 232, 0),
(5942, 554, 233, NULL),
(5943, 553, 321, NULL),
(5944, 553, 232, 0),
(5945, 553, 233, NULL),
(5946, 552, 321, NULL),
(5947, 552, 232, 0),
(5948, 552, 233, NULL),
(5949, 551, 321, NULL),
(5950, 551, 232, 0),
(5951, 551, 233, NULL),
(5952, 550, 321, NULL),
(5953, 550, 232, 0),
(5954, 550, 233, NULL),
(5955, 200, 8, NULL),
(5956, 200, 42, NULL),
(5957, 200, 102, NULL),
(5958, 200, 7, 0),
(5959, 200, 1, NULL),
(5965, 560, 23, NULL),
(5966, 560, 61, NULL),
(5967, 560, 102, NULL),
(5968, 560, 7, 0),
(5969, 560, 1, NULL),
(5970, 561, 8, NULL),
(5971, 561, 42, NULL),
(5972, 561, 102, NULL),
(5973, 561, 7, 0),
(5974, 561, 1, NULL),
(5980, 563, 8, NULL),
(5981, 563, 42, NULL),
(5982, 563, 102, NULL),
(5983, 563, 7, 0),
(5984, 563, 1, NULL),
(5985, 564, 8, NULL),
(5986, 564, 42, NULL),
(5987, 564, 102, NULL),
(5988, 564, 7, 0),
(5989, 564, 1, NULL),
(5994, 565, 8, NULL),
(5995, 565, 42, NULL),
(5996, 565, 7, 0),
(5997, 565, 1, NULL),
(6002, 567, 8, NULL),
(6003, 567, 42, NULL),
(6004, 567, 102, NULL),
(6005, 567, 7, 0),
(6006, 567, 1, NULL),
(6007, 566, 83, NULL),
(6008, 566, 23, NULL),
(6009, 566, 42, NULL),
(6010, 566, 93, NULL),
(6011, 566, 102, NULL),
(6012, 566, 7, 0),
(6013, 566, 1, NULL),
(6014, 568, 8, NULL),
(6015, 568, 42, NULL),
(6016, 568, 7, 1),
(6017, 568, 1, NULL),
(6018, 569, 27, NULL),
(6019, 569, 42, NULL),
(6020, 569, 7, 0),
(6021, 569, 1, NULL),
(6027, 570, 23, NULL),
(6028, 570, 42, NULL),
(6029, 570, 102, NULL),
(6030, 570, 7, 0),
(6031, 570, 1, NULL),
(6040, 572, 8, NULL),
(6041, 572, 42, NULL),
(6042, 572, 7, 0),
(6043, 572, 1, NULL),
(6044, 571, 8, NULL),
(6045, 571, 42, NULL),
(6046, 571, 7, 1),
(6047, 571, 1, NULL),
(6048, 573, 8, NULL),
(6049, 573, 42, NULL),
(6050, 573, 7, 2.15),
(6051, 573, 6, NULL),
(6052, 574, 8, NULL),
(6053, 574, 42, NULL),
(6054, 574, 102, NULL),
(6055, 574, 7, 0),
(6056, 574, 1, NULL),
(6057, 575, 8, NULL),
(6058, 575, 42, NULL),
(6059, 575, 7, 0),
(6060, 575, 4, NULL),
(6061, 576, 8, NULL),
(6062, 576, 42, NULL),
(6063, 576, 7, 6.7),
(6064, 576, 6, NULL),
(6065, 577, 78, NULL),
(6066, 577, 28, NULL),
(6067, 577, 57, NULL),
(6068, 577, 93, NULL),
(6069, 577, 102, NULL),
(6070, 577, 7, 3),
(6071, 577, 2, NULL),
(6072, 578, 78, NULL),
(6073, 578, 28, NULL),
(6074, 578, 57, NULL),
(6075, 578, 93, NULL),
(6076, 578, 102, NULL),
(6077, 578, 7, 3),
(6078, 578, 2, NULL),
(6079, 579, 78, NULL),
(6080, 579, 8, NULL),
(6081, 579, 42, NULL),
(6082, 579, 93, NULL),
(6083, 579, 7, 2.5),
(6084, 579, 1, NULL),
(6085, 580, 28, NULL),
(6086, 580, 42, NULL),
(6087, 580, 7, 0),
(6088, 580, 6, NULL),
(6089, 581, 78, NULL),
(6090, 581, 28, NULL),
(6091, 581, 57, NULL),
(6092, 581, 93, NULL),
(6093, 581, 102, NULL),
(6094, 581, 7, 2.7),
(6095, 581, 2, NULL),
(6117, 584, 78, NULL),
(6118, 584, 28, NULL),
(6119, 584, 57, NULL),
(6120, 584, 93, NULL),
(6121, 584, 102, NULL),
(6122, 584, 7, 2.5),
(6123, 584, 2, NULL),
(6124, 585, 78, NULL),
(6125, 585, 28, NULL),
(6126, 585, 57, NULL),
(6127, 585, 93, NULL),
(6128, 585, 102, NULL),
(6129, 585, 7, 2.9),
(6130, 585, 2, NULL),
(6138, 587, 8, NULL),
(6139, 587, 42, NULL),
(6140, 587, 102, NULL),
(6141, 587, 7, 1.3),
(6142, 587, 6, NULL),
(6143, 588, 8, NULL),
(6144, 588, 42, NULL),
(6145, 588, 7, 0),
(6146, 588, 1, NULL),
(6147, 589, 324, NULL),
(6148, 589, 42, NULL),
(6149, 589, 7, 0),
(6150, 589, 1, NULL),
(6151, 590, 8, NULL),
(6152, 590, 42, NULL),
(6153, 590, 7, 0),
(6154, 590, 6, NULL),
(6155, 591, 27, NULL),
(6156, 591, 42, NULL),
(6157, 591, 7, 1),
(6158, 591, 1, NULL),
(6163, 592, 27, NULL),
(6164, 592, 42, NULL),
(6165, 592, 7, 0),
(6166, 592, 1, NULL),
(6167, 593, 27, NULL),
(6168, 593, 42, NULL),
(6169, 593, 7, 0),
(6170, 593, 1, NULL),
(6175, 594, 27, NULL),
(6176, 594, 57, NULL),
(6177, 594, 102, NULL),
(6178, 594, 7, 0),
(6179, 594, 1, NULL),
(6180, 595, 27, NULL),
(6181, 595, 57, NULL),
(6182, 595, 102, NULL),
(6183, 595, 7, 3),
(6184, 595, 2, NULL),
(6189, 596, 27, NULL),
(6190, 596, 42, NULL),
(6191, 596, 7, 0),
(6192, 596, 1, NULL),
(6193, 597, 27, NULL),
(6194, 597, 42, NULL),
(6195, 597, 7, 0),
(6196, 597, 1, NULL),
(6197, 586, 78, NULL),
(6198, 586, 28, NULL),
(6199, 586, 57, NULL),
(6200, 586, 93, NULL),
(6201, 586, 102, NULL),
(6202, 586, 7, 2.8),
(6203, 586, 2, NULL),
(6204, 582, 78, NULL),
(6205, 582, 28, NULL),
(6206, 582, 57, NULL),
(6207, 582, 93, NULL),
(6208, 582, 102, NULL),
(6209, 582, 7, 2.3),
(6210, 582, 2, NULL),
(6216, 598, 8, NULL),
(6217, 598, 42, NULL),
(6218, 598, 102, NULL),
(6219, 598, 7, 0),
(6220, 598, 1, NULL),
(6221, 599, 8, NULL),
(6222, 599, 42, NULL),
(6223, 599, 102, NULL),
(6224, 599, 7, 0),
(6225, 599, 1, NULL),
(6226, 600, 27, NULL),
(6227, 600, 57, NULL),
(6228, 600, 102, NULL),
(6229, 600, 7, 0),
(6230, 600, 1, NULL),
(6251, 603, 28, NULL),
(6252, 603, 42, NULL),
(6253, 603, 7, 1),
(6254, 603, 1, NULL),
(6255, 604, 28, NULL),
(6256, 604, 57, NULL),
(6257, 604, 7, 0),
(6258, 604, 1, NULL),
(6259, 605, 27, NULL),
(6260, 605, 57, NULL),
(6261, 605, 7, 0),
(6262, 605, 1, NULL),
(6267, 601, 28, NULL),
(6268, 601, 42, NULL),
(6269, 601, 7, 1),
(6270, 601, 1, NULL),
(6271, 602, 28, NULL),
(6272, 602, 42, NULL),
(6273, 602, 7, 1),
(6274, 602, 1, NULL),
(6275, 606, 27, NULL),
(6276, 606, 42, NULL),
(6277, 606, 7, 1),
(6278, 606, 1, NULL),
(6283, 608, 8, NULL),
(6284, 608, 42, NULL),
(6285, 608, 102, NULL),
(6286, 608, 7, 0),
(6287, 608, 1, NULL),
(6288, 607, 23, NULL),
(6289, 607, 42, NULL),
(6290, 607, 102, NULL),
(6291, 607, 7, 0),
(6292, 607, 1, NULL),
(6293, 609, 23, NULL),
(6294, 609, 42, NULL),
(6295, 609, 102, NULL),
(6296, 609, 7, 0),
(6297, 609, 1, NULL),
(6298, 610, 28, NULL),
(6299, 610, 61, NULL),
(6300, 610, 102, NULL),
(6301, 610, 7, 0),
(6302, 610, 1, NULL),
(6303, 611, 27, NULL),
(6304, 611, 42, NULL),
(6305, 611, 7, 0),
(6306, 611, 1, NULL),
(6311, 612, 27, NULL),
(6312, 612, 42, NULL),
(6313, 612, 7, 0),
(6314, 612, 1, NULL),
(6315, 613, 27, NULL),
(6316, 613, 42, NULL),
(6317, 613, 7, 0),
(6318, 613, 1, NULL),
(6319, 614, 23, NULL),
(6320, 614, 42, NULL),
(6321, 614, 102, NULL),
(6322, 614, 7, 0),
(6323, 614, 1, NULL),
(6324, 615, 23, NULL),
(6325, 615, 42, NULL),
(6326, 615, 102, NULL),
(6327, 615, 7, 0),
(6328, 615, 1, NULL),
(6334, 562, 27, NULL),
(6335, 562, 42, NULL),
(6336, 562, 102, NULL),
(6337, 562, 7, 0),
(6338, 562, 1, NULL),
(6339, 616, 23, NULL),
(6340, 616, 42, NULL),
(6341, 616, 102, NULL),
(6342, 616, 7, 0),
(6343, 616, 1, NULL),
(6358, 618, 27, NULL),
(6359, 618, 57, NULL),
(6360, 618, 102, NULL),
(6361, 618, 7, 2.75),
(6362, 618, 2, NULL),
(6363, 619, 27, NULL),
(6364, 619, 57, NULL),
(6365, 619, 102, NULL),
(6366, 619, 7, 2.65),
(6367, 619, 2, NULL),
(6368, 620, 160, 0),
(6369, 620, 163, NULL),
(6370, 621, 160, 0),
(6371, 621, 163, NULL),
(6375, 622, 302, NULL),
(6376, 622, 204, 0),
(6377, 622, 286, 0),
(6387, 624, 302, NULL),
(6388, 624, 204, 0),
(6389, 624, 286, 0),
(6390, 625, 8, NULL),
(6391, 625, 42, NULL),
(6392, 625, 104, NULL),
(6393, 625, 7, 1.3),
(6394, 625, 1, NULL),
(6407, 626, 8, NULL),
(6408, 626, 42, NULL),
(6409, 626, 7, 0),
(6410, 626, 1, NULL),
(6411, 627, 8, NULL),
(6412, 627, 42, NULL),
(6413, 627, 7, 2),
(6414, 627, 1, NULL),
(6415, 628, 8, NULL),
(6416, 628, 42, NULL),
(6417, 628, 7, 0),
(6418, 628, 1, NULL),
(6423, 629, 27, NULL),
(6424, 629, 42, NULL),
(6425, 629, 7, 0),
(6426, 629, 1, NULL),
(6427, 630, 23, NULL),
(6428, 630, 42, NULL),
(6429, 630, 102, NULL),
(6430, 630, 7, 0),
(6431, 630, 1, NULL),
(6436, 631, 8, NULL),
(6437, 631, 42, NULL),
(6438, 631, 7, 0),
(6439, 631, 1, NULL),
(6440, 632, 8, NULL),
(6441, 632, 42, NULL),
(6442, 632, 7, 0),
(6443, 632, 1, NULL),
(6444, 633, 8, NULL),
(6445, 633, 42, NULL),
(6446, 633, 7, 0),
(6447, 633, 1, NULL),
(6448, 634, 8, NULL),
(6449, 634, 42, NULL),
(6450, 634, 7, 0),
(6451, 634, 1, NULL),
(6465, 635, 8, NULL),
(6466, 635, 42, NULL),
(6467, 635, 7, 0),
(6468, 635, 1, NULL),
(6474, 636, 23, NULL),
(6475, 636, 42, NULL),
(6476, 636, 102, NULL),
(6477, 636, 7, 0),
(6478, 636, 1, NULL),
(6527, 638, 124, NULL),
(6528, 638, 119, 1),
(6529, 638, 123, 505),
(6530, 638, 122, NULL),
(6555, 644, 124, NULL),
(6556, 644, 119, 1),
(6557, 644, 123, 465),
(6558, 644, 120, NULL),
(6619, 651, 126, NULL),
(6620, 651, 119, 3),
(6621, 651, 123, 457),
(6622, 651, 121, NULL),
(6675, 653, 124, NULL),
(6676, 653, 119, 0),
(6677, 653, 123, 465),
(6678, 653, 122, NULL),
(6679, 654, 124, NULL),
(6680, 654, 119, 0),
(6681, 654, 123, 544),
(6682, 654, 122, NULL),
(6683, 655, 125, NULL),
(6684, 655, 119, 0),
(6685, 655, 123, 359),
(6686, 655, 122, NULL),
(6687, 656, 126, NULL),
(6688, 656, 119, 0),
(6689, 656, 123, 341),
(6690, 656, 122, NULL),
(6691, 657, 126, NULL),
(6692, 657, 119, 0),
(6693, 657, 123, 496),
(6694, 657, 134, NULL),
(6703, 659, 124, NULL),
(6704, 659, 119, 0),
(6705, 659, 123, 470),
(6706, 659, 134, NULL),
(6707, 658, 124, NULL),
(6708, 658, 119, 2),
(6709, 658, 123, 545),
(6710, 658, 122, NULL),
(6727, 86, 160, 100),
(6728, 86, 163, NULL),
(6733, 663, 124, NULL),
(6734, 663, 119, 1),
(6735, 663, 123, 555),
(6736, 663, 122, NULL),
(6737, 664, 124, NULL),
(6738, 664, 119, 3),
(6739, 664, 123, 625),
(6740, 664, 120, NULL),
(6741, 666, 125, NULL),
(6742, 666, 119, 0),
(6743, 666, 123, 0),
(6744, 666, 122, NULL),
(6761, 670, 126, NULL),
(6762, 670, 119, 0),
(6763, 670, 123, 441),
(6764, 670, 314, NULL),
(6765, 671, 340, 165),
(6766, 672, 340, 0),
(6776, 673, 8, NULL),
(6777, 673, 42, NULL),
(6778, 673, 93, NULL),
(6779, 673, 7, 1),
(6780, 673, 6, NULL),
(6803, 676, 79, NULL),
(6804, 676, 84, NULL),
(6805, 676, 8, NULL),
(6806, 676, 42, NULL),
(6807, 676, 89, NULL),
(6808, 676, 93, NULL),
(6809, 676, 7, 2.25),
(6810, 676, 6, NULL),
(6811, 675, 79, NULL),
(6812, 675, 84, NULL),
(6813, 675, 8, NULL),
(6814, 675, 42, NULL),
(6815, 675, 89, NULL),
(6816, 675, 93, NULL),
(6817, 675, 7, 2.25),
(6818, 675, 6, NULL),
(6819, 674, 79, NULL),
(6820, 674, 84, NULL),
(6821, 674, 8, NULL),
(6822, 674, 42, NULL),
(6823, 674, 89, NULL),
(6824, 674, 93, NULL),
(6825, 674, 7, 1.25),
(6826, 674, 6, NULL),
(6827, 677, 8, NULL),
(6828, 677, 42, NULL),
(6829, 677, 7, 0),
(6830, 677, 1, NULL),
(6831, 678, 8, NULL),
(6832, 678, 42, NULL),
(6833, 678, 7, 0),
(6834, 678, 1, NULL),
(6835, 679, 8, NULL),
(6836, 679, 42, NULL),
(6837, 679, 7, 0),
(6838, 679, 1, NULL),
(6839, 680, 8, NULL),
(6840, 680, 42, NULL),
(6841, 680, 7, 0),
(6842, 680, 1, NULL),
(6843, 681, 8, NULL),
(6844, 681, 42, NULL),
(6845, 681, 7, 0),
(6846, 681, 1, NULL),
(6847, 682, 8, NULL),
(6848, 682, 42, NULL),
(6849, 682, 7, 0),
(6850, 682, 1, NULL),
(6851, 683, 8, NULL),
(6852, 683, 42, NULL),
(6853, 683, 7, 0),
(6854, 683, 1, NULL),
(6855, 684, 8, NULL),
(6856, 684, 42, NULL),
(6857, 684, 7, 0),
(6858, 684, 1, NULL),
(6859, 685, 8, NULL),
(6860, 685, 42, NULL),
(6861, 685, 7, 0),
(6862, 685, 1, NULL),
(6863, 686, 8, NULL),
(6864, 686, 42, NULL),
(6865, 686, 7, 0),
(6866, 686, 1, NULL),
(6867, 687, 8, NULL),
(6868, 687, 42, NULL),
(6869, 687, 7, 0),
(6870, 687, 1, NULL),
(6871, 688, 8, NULL),
(6872, 688, 42, NULL),
(6873, 688, 7, 0),
(6874, 688, 1, NULL),
(6875, 689, 8, NULL),
(6876, 689, 42, NULL),
(6877, 689, 7, 0),
(6878, 689, 1, NULL),
(6883, 690, 8, NULL),
(6884, 690, 42, NULL),
(6885, 690, 7, 0),
(6886, 690, 1, NULL),
(6887, 691, 8, NULL),
(6888, 691, 42, NULL),
(6889, 691, 7, 0),
(6890, 691, 1, NULL),
(6891, 692, 8, NULL),
(6892, 692, 42, NULL),
(6893, 692, 7, 0),
(6894, 692, 1, NULL),
(6895, 693, 8, NULL),
(6896, 693, 42, NULL),
(6897, 693, 7, 0),
(6898, 693, 1, NULL),
(6899, 694, 8, NULL);
INSERT INTO `resources` (`idResources`, `combo_idcombo`, `Resources_values_idResources_values`, `number_value`) VALUES
(6900, 694, 42, NULL),
(6901, 694, 7, 0),
(6902, 694, 1, NULL),
(6903, 695, 8, NULL),
(6904, 695, 42, NULL),
(6905, 695, 7, 0),
(6906, 695, 1, NULL),
(6907, 696, 8, NULL),
(6908, 696, 42, NULL),
(6909, 696, 7, 0),
(6910, 696, 1, NULL),
(6911, 697, 8, NULL),
(6912, 697, 42, NULL),
(6913, 697, 7, 0),
(6914, 697, 1, NULL),
(6915, 698, 8, NULL),
(6916, 698, 42, NULL),
(6917, 698, 7, 0),
(6918, 698, 1, NULL),
(6919, 699, 8, NULL),
(6920, 699, 42, NULL),
(6921, 699, 7, 0),
(6922, 699, 1, NULL),
(6923, 700, 8, NULL),
(6924, 700, 42, NULL),
(6925, 700, 7, 0),
(6926, 700, 1, NULL),
(6927, 701, 8, NULL),
(6928, 701, 42, NULL),
(6929, 701, 7, 0),
(6930, 701, 1, NULL),
(6931, 702, 8, NULL),
(6932, 702, 42, NULL),
(6933, 702, 7, 0),
(6934, 702, 1, NULL),
(6935, 703, 8, NULL),
(6936, 703, 42, NULL),
(6937, 703, 7, 0),
(6938, 703, 1, NULL),
(6939, 704, 8, NULL),
(6940, 704, 42, NULL),
(6941, 704, 7, 0),
(6942, 704, 1, NULL),
(6943, 705, 8, NULL),
(6944, 705, 42, NULL),
(6945, 705, 7, 0),
(6946, 705, 1, NULL),
(6947, 706, 8, NULL),
(6948, 706, 42, NULL),
(6949, 706, 7, 0),
(6950, 706, 1, NULL),
(6951, 707, 8, NULL),
(6952, 707, 42, NULL),
(6953, 707, 7, 0),
(6954, 707, 1, NULL),
(6960, 708, 36, NULL),
(6961, 708, 43, NULL),
(6962, 708, 93, NULL),
(6963, 708, 7, 1),
(6964, 708, 2, NULL),
(6969, 709, 8, NULL),
(6970, 709, 42, NULL),
(6971, 709, 7, 0),
(6972, 709, 1, NULL),
(6977, 710, 36, NULL),
(6978, 710, 42, NULL),
(6979, 710, 7, 0),
(6980, 710, 6, NULL),
(6981, 711, 9, NULL),
(6982, 711, 70, NULL),
(6983, 711, 7, 2.7),
(6984, 711, 1, NULL),
(6990, 713, 8, NULL),
(6991, 713, 42, NULL),
(6992, 713, 7, 0),
(6993, 713, 1, NULL),
(7002, 714, 82, NULL),
(7003, 714, 87, NULL),
(7004, 714, 8, NULL),
(7005, 714, 42, NULL),
(7006, 714, 89, NULL),
(7007, 714, 94, NULL),
(7008, 714, 7, 6.75),
(7009, 714, 6, NULL),
(7014, 715, 8, NULL),
(7015, 715, 42, NULL),
(7016, 715, 7, 0),
(7017, 715, 1, NULL),
(7018, 716, 8, NULL),
(7019, 716, 42, NULL),
(7020, 716, 7, 0),
(7021, 716, 1, NULL),
(7022, 717, 8, NULL),
(7023, 717, 42, NULL),
(7024, 717, 7, 0),
(7025, 717, 1, NULL),
(7026, 718, 8, NULL),
(7027, 718, 42, NULL),
(7028, 718, 7, 0),
(7029, 718, 1, NULL),
(7030, 719, 8, NULL),
(7031, 719, 42, NULL),
(7032, 719, 7, 0),
(7033, 719, 1, NULL),
(7034, 720, 8, NULL),
(7035, 720, 42, NULL),
(7036, 720, 7, 0),
(7037, 720, 1, NULL),
(7038, 721, 8, NULL),
(7039, 721, 42, NULL),
(7040, 721, 7, 0),
(7041, 721, 1, NULL),
(7042, 722, 8, NULL),
(7043, 722, 42, NULL),
(7044, 722, 7, 0),
(7045, 722, 1, NULL),
(7046, 723, 8, NULL),
(7047, 723, 42, NULL),
(7048, 723, 7, 0),
(7049, 723, 1, NULL),
(7050, 724, 8, NULL),
(7051, 724, 42, NULL),
(7052, 724, 7, 0),
(7053, 724, 1, NULL),
(7054, 725, 8, NULL),
(7055, 725, 42, NULL),
(7056, 725, 7, 0),
(7057, 725, 1, NULL),
(7062, 726, 8, NULL),
(7063, 726, 42, NULL),
(7064, 726, 7, 0),
(7065, 726, 1, NULL),
(7066, 727, 8, NULL),
(7067, 727, 42, NULL),
(7068, 727, 7, 0),
(7069, 727, 1, NULL),
(7070, 728, 8, NULL),
(7071, 728, 42, NULL),
(7072, 728, 7, 0),
(7073, 728, 1, NULL),
(7074, 729, 8, NULL),
(7075, 729, 42, NULL),
(7076, 729, 7, 0),
(7077, 729, 1, NULL),
(7078, 730, 8, NULL),
(7079, 730, 42, NULL),
(7080, 730, 7, 0),
(7081, 730, 1, NULL),
(7086, 731, 8, NULL),
(7087, 731, 42, NULL),
(7088, 731, 7, 0),
(7089, 731, 1, NULL),
(7090, 732, 8, NULL),
(7091, 732, 42, NULL),
(7092, 732, 7, 0),
(7093, 732, 1, NULL),
(7098, 733, 8, NULL),
(7099, 733, 42, NULL),
(7100, 733, 7, 0),
(7101, 733, 1, NULL),
(7102, 734, 8, NULL),
(7103, 734, 42, NULL),
(7104, 734, 7, 0.8),
(7105, 734, 1, NULL),
(7110, 736, 8, NULL),
(7111, 736, 42, NULL),
(7112, 736, 7, 0),
(7113, 736, 1, NULL),
(7114, 737, 8, NULL),
(7115, 737, 42, NULL),
(7116, 737, 7, 0),
(7117, 737, 1, NULL),
(7118, 735, 8, NULL),
(7119, 735, 42, NULL),
(7120, 735, 7, 1),
(7121, 735, 1, NULL),
(7122, 738, 8, NULL),
(7123, 738, 42, NULL),
(7124, 738, 7, 0),
(7125, 738, 4, NULL),
(7126, 739, 8, NULL),
(7127, 739, 42, NULL),
(7128, 739, 7, 0),
(7129, 739, 2, NULL),
(7130, 740, 8, NULL),
(7131, 740, 42, NULL),
(7132, 740, 7, 0),
(7133, 740, 1, NULL),
(7134, 741, 8, NULL),
(7135, 741, 42, NULL),
(7136, 741, 7, 0),
(7137, 741, 1, NULL),
(7138, 742, 8, NULL),
(7139, 742, 42, NULL),
(7140, 742, 7, 0),
(7141, 742, 1, NULL),
(7142, 524, 83, NULL),
(7143, 524, 8, NULL),
(7144, 524, 42, NULL),
(7145, 524, 93, NULL),
(7146, 524, 7, 0),
(7147, 524, 1, NULL),
(7148, 523, 83, NULL),
(7149, 523, 8, NULL),
(7150, 523, 42, NULL),
(7151, 523, 93, NULL),
(7152, 523, 7, 0),
(7153, 523, 1, NULL),
(7154, 743, 8, NULL),
(7155, 743, 42, NULL),
(7156, 743, 7, 0),
(7157, 743, 1, NULL),
(7166, 744, 8, NULL),
(7167, 744, 42, NULL),
(7168, 744, 7, 0),
(7169, 744, 1, NULL),
(7170, 745, 8, NULL),
(7171, 745, 42, NULL),
(7172, 745, 7, 0),
(7173, 745, 1, NULL),
(7174, 746, 8, NULL),
(7175, 746, 42, NULL),
(7176, 746, 7, 0),
(7177, 746, 1, NULL),
(7178, 747, 8, NULL),
(7179, 747, 42, NULL),
(7180, 747, 7, 1.6),
(7181, 747, 1, NULL),
(7182, 748, 8, NULL),
(7183, 748, 42, NULL),
(7184, 748, 7, 1.6),
(7185, 748, 1, NULL),
(7186, 46, 8, NULL),
(7187, 46, 42, NULL),
(7188, 46, 104, NULL),
(7189, 46, 7, 0),
(7190, 46, 1, NULL),
(7191, 749, 78, NULL),
(7192, 749, 28, NULL),
(7193, 749, 57, NULL),
(7194, 749, 93, NULL),
(7195, 749, 7, 4.25),
(7196, 749, 1, NULL),
(7197, 750, 83, NULL),
(7198, 750, 28, NULL),
(7199, 750, 57, NULL),
(7200, 750, 93, NULL),
(7201, 750, 7, 4.4),
(7202, 750, 1, NULL),
(7203, 751, 78, NULL),
(7204, 751, 28, NULL),
(7205, 751, 57, NULL),
(7206, 751, 93, NULL),
(7207, 751, 7, 4.3),
(7208, 751, 1, NULL),
(7209, 752, 23, NULL),
(7210, 752, 42, NULL),
(7211, 752, 102, NULL),
(7212, 752, 7, 0),
(7213, 752, 1, NULL),
(7214, 753, 23, NULL),
(7215, 753, 42, NULL),
(7216, 753, 102, NULL),
(7217, 753, 7, 0.1),
(7218, 753, 1, NULL),
(7219, 754, 8, NULL),
(7220, 754, 42, NULL),
(7221, 754, 104, NULL),
(7222, 754, 7, 0),
(7223, 754, 1, NULL),
(7224, 755, 8, NULL),
(7225, 755, 42, NULL),
(7226, 755, 104, NULL),
(7227, 755, 7, 0),
(7228, 755, 1, NULL),
(7234, 756, 8, NULL),
(7235, 756, 42, NULL),
(7236, 756, 103, NULL),
(7237, 756, 7, 5),
(7238, 756, 1, NULL),
(7239, 757, 8, NULL),
(7240, 757, 42, NULL),
(7241, 757, 7, 0),
(7242, 757, 1, NULL),
(7253, 760, 78, NULL),
(7254, 760, 28, NULL),
(7255, 760, 57, NULL),
(7256, 760, 93, NULL),
(7257, 760, 102, NULL),
(7258, 760, 7, 2.5),
(7259, 760, 2, NULL),
(7260, 758, 78, NULL),
(7261, 758, 28, NULL),
(7262, 758, 57, NULL),
(7263, 758, 93, NULL),
(7264, 758, 102, NULL),
(7265, 758, 7, 2.6),
(7266, 758, 2, NULL),
(7267, 759, 78, NULL),
(7268, 759, 28, NULL),
(7269, 759, 57, NULL),
(7270, 759, 93, NULL),
(7271, 759, 102, NULL),
(7272, 759, 7, 2.6),
(7273, 759, 2, NULL),
(7274, 761, 8, NULL),
(7275, 761, 42, NULL),
(7276, 761, 93, NULL),
(7277, 761, 7, 0),
(7278, 761, 4, NULL),
(7284, 762, 8, NULL),
(7285, 762, 42, NULL),
(7286, 762, 93, NULL),
(7287, 762, 7, 0),
(7288, 762, 4, NULL),
(7289, 763, 23, NULL),
(7290, 763, 42, NULL),
(7291, 763, 102, NULL),
(7292, 763, 7, 0),
(7293, 763, 1, NULL),
(7294, 764, 28, NULL),
(7295, 764, 42, NULL),
(7296, 764, 7, 0),
(7297, 764, 1, NULL),
(7298, 765, 27, NULL),
(7299, 765, 62, NULL),
(7300, 765, 102, NULL),
(7301, 765, 7, 0.9),
(7302, 765, 2, NULL),
(7308, 766, 27, NULL),
(7309, 766, 62, NULL),
(7310, 766, 102, NULL),
(7311, 766, 7, 0.9),
(7312, 766, 2, NULL),
(7318, 767, 27, NULL),
(7319, 767, 57, NULL),
(7320, 767, 102, NULL),
(7321, 767, 7, 2.3),
(7322, 767, 2, NULL),
(7328, 346, 124, NULL),
(7329, 346, 119, 3),
(7330, 346, 133, NULL),
(7331, 346, 123, 488),
(7332, 346, 120, NULL),
(7333, 368, 124, NULL),
(7334, 368, 119, 3),
(7335, 368, 133, NULL),
(7336, 368, 123, 488),
(7337, 368, 120, NULL),
(7338, 401, 124, NULL),
(7339, 401, 119, 3),
(7340, 401, 133, NULL),
(7341, 401, 123, 546),
(7342, 401, 121, NULL),
(7343, 367, 124, NULL),
(7344, 367, 119, 3),
(7345, 367, 133, NULL),
(7346, 367, 123, 488),
(7347, 367, 120, NULL),
(7348, 366, 124, NULL),
(7349, 366, 119, 3),
(7350, 366, 133, NULL),
(7351, 366, 123, 568),
(7352, 366, 121, NULL),
(7353, 365, 124, NULL),
(7354, 365, 119, 3),
(7355, 365, 133, NULL),
(7356, 365, 123, 569),
(7357, 365, 121, NULL),
(7358, 351, 126, NULL),
(7359, 351, 119, 3),
(7360, 351, 133, NULL),
(7361, 351, 123, 468),
(7362, 351, 120, NULL),
(7363, 352, 126, NULL),
(7364, 352, 119, 3),
(7365, 352, 133, NULL),
(7366, 352, 123, 468),
(7367, 352, 120, NULL),
(7368, 364, 126, NULL),
(7369, 364, 119, 3),
(7370, 364, 133, NULL),
(7371, 364, 123, 459),
(7372, 364, 120, NULL),
(7373, 357, 126, NULL),
(7374, 357, 119, 3),
(7375, 357, 133, NULL),
(7376, 357, 123, 503),
(7377, 357, 121, NULL),
(7378, 363, 126, NULL),
(7379, 363, 119, 3),
(7380, 363, 133, NULL),
(7381, 363, 123, 456),
(7382, 363, 121, NULL),
(7383, 362, 126, NULL),
(7384, 362, 119, 3),
(7385, 362, 133, NULL),
(7386, 362, 123, 441),
(7387, 362, 121, NULL),
(7388, 381, 124, NULL),
(7389, 381, 119, 1),
(7390, 381, 133, NULL),
(7391, 381, 123, 550),
(7392, 381, 122, NULL),
(7393, 395, 124, NULL),
(7394, 395, 119, 1),
(7395, 395, 133, NULL),
(7396, 395, 123, 521),
(7397, 395, 122, NULL),
(7398, 394, 124, NULL),
(7399, 394, 119, 1),
(7400, 394, 133, NULL),
(7401, 394, 123, 521),
(7402, 394, 122, NULL),
(7403, 369, 124, NULL),
(7404, 369, 119, 0),
(7405, 369, 133, NULL),
(7406, 369, 123, 550),
(7407, 369, 122, NULL),
(7408, 345, 124, NULL),
(7409, 345, 119, 0),
(7410, 345, 133, NULL),
(7411, 345, 123, 521),
(7412, 345, 122, NULL),
(7413, 370, 124, NULL),
(7414, 370, 119, 0),
(7415, 370, 133, NULL),
(7416, 370, 123, 486),
(7417, 370, 122, NULL),
(7418, 390, 124, NULL),
(7419, 390, 119, 1),
(7420, 390, 129, NULL),
(7421, 390, 123, 460),
(7422, 390, 122, NULL),
(7423, 398, 124, NULL),
(7424, 398, 119, 1),
(7425, 398, 128, NULL),
(7426, 398, 123, 460),
(7427, 398, 122, NULL),
(7433, 389, 124, NULL),
(7434, 389, 119, 1),
(7435, 389, 128, NULL),
(7436, 389, 123, 427),
(7437, 389, 122, NULL),
(7438, 382, 125, NULL),
(7439, 382, 119, 1),
(7440, 382, 128, NULL),
(7441, 382, 123, 443),
(7442, 382, 122, NULL),
(7448, 385, 124, NULL),
(7449, 385, 119, 1),
(7450, 385, 128, NULL),
(7451, 385, 123, 460),
(7452, 385, 122, NULL),
(7453, 386, 124, NULL),
(7454, 386, 119, 1),
(7455, 386, 128, NULL),
(7456, 386, 123, 399),
(7457, 386, 122, NULL),
(7458, 400, 124, NULL),
(7459, 400, 119, 1),
(7460, 400, 129, NULL),
(7461, 400, 123, 425),
(7462, 400, 122, NULL),
(7463, 384, 124, NULL),
(7464, 384, 119, 1),
(7465, 384, 129, NULL),
(7466, 384, 123, 425),
(7467, 384, 122, NULL),
(7472, 769, 27, NULL),
(7473, 769, 57, NULL),
(7474, 769, 102, NULL),
(7475, 769, 7, 2.3),
(7476, 769, 2, NULL),
(7477, 770, 27, NULL),
(7478, 770, 57, NULL),
(7479, 770, 102, NULL),
(7480, 770, 7, 2.4),
(7481, 770, 2, NULL),
(7482, 771, 27, NULL),
(7483, 771, 57, NULL),
(7484, 771, 102, NULL),
(7485, 771, 7, 2.25),
(7486, 771, 2, NULL),
(7487, 772, 27, NULL),
(7488, 772, 57, NULL),
(7489, 772, 102, NULL),
(7490, 772, 7, 2.7),
(7491, 772, 2, NULL),
(7492, 773, 27, NULL),
(7493, 773, 57, NULL),
(7494, 773, 102, NULL),
(7495, 773, 7, 2.65),
(7496, 773, 2, NULL),
(7502, 583, 78, NULL),
(7503, 583, 28, NULL),
(7504, 583, 57, NULL),
(7505, 583, 93, NULL),
(7506, 583, 102, NULL),
(7507, 583, 7, 2.3),
(7508, 583, 2, NULL),
(7509, 775, 78, NULL),
(7510, 775, 8, NULL),
(7511, 775, 42, NULL),
(7512, 775, 93, NULL),
(7513, 775, 7, 2.5),
(7514, 775, 4, NULL),
(7515, 776, 78, NULL),
(7516, 776, 8, NULL),
(7517, 776, 42, NULL),
(7518, 776, 93, NULL),
(7519, 776, 7, 2.75),
(7520, 776, 4, NULL),
(7551, 768, 27, NULL),
(7552, 768, 62, NULL),
(7553, 768, 102, NULL),
(7554, 768, 7, 1.9),
(7555, 768, 2, NULL),
(7556, 779, 27, NULL),
(7557, 779, 62, NULL),
(7558, 779, 102, NULL),
(7559, 779, 7, 1.88),
(7560, 779, 2, NULL),
(7561, 777, 27, NULL),
(7562, 777, 62, NULL),
(7563, 777, 102, NULL),
(7564, 777, 7, 1.85),
(7565, 777, 2, NULL),
(7566, 778, 27, NULL),
(7567, 778, 62, NULL),
(7568, 778, 102, NULL),
(7569, 778, 7, 1.95),
(7570, 778, 2, NULL),
(7571, 308, 23, NULL),
(7572, 308, 42, NULL),
(7573, 308, 7, 0),
(7574, 308, 1, NULL),
(7575, 780, 8, NULL),
(7576, 780, 42, NULL),
(7577, 780, 7, 0),
(7578, 780, 6, NULL),
(7579, 781, 197, 0),
(7580, 781, 216, NULL),
(7581, 781, 219, 0),
(7585, 782, 197, 0),
(7586, 782, 352, NULL),
(7587, 782, 219, 0),
(7588, 783, 197, 0),
(7589, 783, 352, NULL),
(7590, 783, 219, 0),
(7591, 784, 197, 0),
(7592, 784, 352, NULL),
(7593, 784, 219, 0),
(7594, 785, 197, 0),
(7595, 785, 352, NULL),
(7596, 785, 219, 0.4),
(7597, 786, 197, 0),
(7598, 786, 352, NULL),
(7599, 786, 219, 0),
(7600, 787, 197, 0),
(7601, 787, 352, NULL),
(7602, 787, 219, 0),
(7603, 788, 197, 0),
(7604, 788, 352, NULL),
(7605, 788, 219, 1.6),
(7606, 789, 197, 0),
(7607, 789, 352, NULL),
(7608, 789, 219, 0.8),
(7612, 791, 197, 0),
(7613, 791, 216, NULL),
(7614, 791, 219, 1),
(7615, 790, 197, 0),
(7616, 790, 216, NULL),
(7617, 790, 219, 1),
(7618, 792, 197, 0),
(7619, 792, 216, NULL),
(7620, 792, 219, 1),
(7621, 793, 197, 0),
(7622, 793, 216, NULL),
(7623, 793, 219, 1),
(7624, 794, 197, 0),
(7625, 794, 216, NULL),
(7626, 794, 219, 1),
(7627, 795, 197, 0),
(7628, 795, 216, NULL),
(7629, 795, 219, 1),
(7630, 796, 197, 0),
(7631, 796, 216, NULL),
(7632, 796, 219, 1),
(7633, 797, 197, 0),
(7634, 797, 216, NULL),
(7635, 797, 219, 1),
(7636, 798, 197, 0),
(7637, 798, 216, NULL),
(7638, 798, 219, 1),
(7639, 799, 197, 0),
(7640, 799, 216, NULL),
(7641, 799, 219, 1),
(7642, 800, 197, 0),
(7643, 800, 216, NULL),
(7644, 800, 219, 1),
(7645, 801, 197, 0),
(7646, 801, 216, NULL),
(7647, 801, 219, 1),
(7648, 802, 197, 0),
(7649, 802, 216, NULL),
(7650, 802, 219, 1),
(7651, 803, 197, 0),
(7652, 803, 216, NULL),
(7653, 803, 219, 1),
(7654, 804, 197, 0),
(7655, 804, 352, NULL),
(7656, 804, 219, 0),
(7657, 805, 197, 0),
(7658, 805, 352, NULL),
(7659, 805, 219, 0),
(7660, 806, 197, 0),
(7661, 806, 216, NULL),
(7662, 806, 219, 1),
(7663, 807, 197, 0),
(7664, 807, 216, NULL),
(7665, 807, 219, 1),
(7666, 808, 197, 0),
(7667, 808, 216, NULL),
(7668, 808, 219, 1),
(7669, 809, 197, 0),
(7670, 809, 216, NULL),
(7671, 809, 219, 1),
(7672, 810, 197, 0),
(7673, 810, 217, NULL),
(7674, 810, 219, 1),
(7675, 811, 197, 0),
(7676, 811, 217, NULL),
(7677, 811, 219, 1),
(7678, 812, 197, 0),
(7679, 812, 217, NULL),
(7680, 812, 219, 1),
(7681, 813, 197, 0),
(7682, 813, 352, NULL),
(7683, 813, 219, 0),
(7684, 814, 197, 0),
(7685, 814, 352, NULL),
(7686, 814, 219, 0),
(7687, 815, 197, 0),
(7688, 815, 216, NULL),
(7689, 815, 219, 1.5),
(7690, 816, 197, 0),
(7691, 816, 352, NULL),
(7692, 816, 219, 0),
(7693, 817, 197, 0),
(7694, 817, 352, NULL),
(7695, 817, 219, 0),
(7696, 818, 197, 0),
(7697, 818, 352, NULL),
(7698, 818, 219, 0),
(7699, 623, 197, 25),
(7700, 623, 352, NULL),
(7701, 623, 219, 0),
(7702, 819, 197, 0),
(7703, 819, 352, NULL),
(7704, 819, 219, 0),
(7705, 820, 197, 0),
(7706, 820, 352, NULL),
(7707, 820, 219, 0),
(7708, 821, 197, 0),
(7709, 821, 352, NULL),
(7710, 821, 219, 0),
(7711, 822, 197, 0),
(7712, 822, 352, NULL),
(7713, 822, 219, 0),
(7714, 823, 197, 0),
(7715, 823, 217, NULL),
(7716, 823, 219, 1),
(7723, 824, 197, 0),
(7724, 824, 352, NULL),
(7725, 824, 219, 0),
(7726, 652, 124, NULL),
(7727, 652, 119, 3),
(7728, 652, 123, 624),
(7729, 652, 350, NULL),
(7730, 652, 314, NULL),
(7731, 662, 124, NULL),
(7732, 662, 119, 3),
(7733, 662, 123, 490),
(7734, 662, 350, NULL),
(7735, 662, 121, NULL),
(7736, 669, 126, NULL),
(7737, 669, 119, 3),
(7738, 669, 123, 471),
(7739, 669, 350, NULL),
(7740, 669, 314, NULL),
(7741, 646, 124, NULL),
(7742, 646, 119, 3),
(7743, 646, 123, 498),
(7744, 646, 350, NULL),
(7745, 646, 120, NULL),
(7746, 650, 126, NULL),
(7747, 650, 119, 3),
(7748, 650, 123, 453),
(7749, 650, 350, NULL),
(7750, 650, 121, NULL),
(7751, 661, 124, NULL),
(7752, 661, 119, 0),
(7753, 661, 123, 545),
(7754, 661, 350, NULL),
(7755, 661, 314, NULL),
(7756, 667, 126, NULL),
(7757, 667, 119, 0),
(7758, 667, 123, 571),
(7759, 667, 350, NULL),
(7760, 667, 314, NULL),
(7761, 641, 124, NULL),
(7762, 641, 119, 3),
(7763, 641, 123, 294),
(7764, 641, 350, NULL),
(7765, 641, 122, NULL),
(7766, 668, 126, NULL),
(7767, 668, 119, 0),
(7768, 668, 123, 547),
(7769, 668, 350, NULL),
(7770, 668, 314, NULL),
(7771, 649, 124, NULL),
(7772, 649, 119, 0),
(7773, 649, 123, 533),
(7774, 649, 350, NULL),
(7775, 649, 121, NULL),
(7776, 647, 124, NULL),
(7777, 647, 119, 0),
(7778, 647, 123, 523),
(7779, 647, 350, NULL),
(7780, 647, 120, NULL),
(7781, 660, 124, NULL),
(7782, 660, 119, 0),
(7783, 660, 123, 446),
(7784, 660, 350, NULL),
(7785, 660, 314, NULL),
(7791, 645, 124, NULL),
(7792, 645, 119, 1),
(7793, 645, 123, 475),
(7794, 645, 350, NULL),
(7795, 645, 120, NULL),
(7796, 642, 126, NULL),
(7797, 642, 119, 1),
(7798, 642, 123, 440),
(7799, 642, 350, NULL),
(7800, 642, 122, NULL),
(7801, 396, 126, NULL),
(7802, 396, 119, 1),
(7803, 396, 128, NULL),
(7804, 396, 123, 465),
(7805, 396, 350, NULL),
(7806, 396, 122, NULL),
(7807, 643, 126, NULL),
(7808, 643, 119, 0),
(7809, 643, 123, 469),
(7810, 643, 350, NULL),
(7811, 643, 122, NULL),
(7812, 397, 126, NULL),
(7813, 397, 119, 1),
(7814, 397, 128, NULL),
(7815, 397, 123, 440),
(7816, 397, 350, NULL),
(7817, 397, 122, NULL),
(7818, 639, 125, NULL),
(7819, 639, 119, 1),
(7820, 639, 123, 334),
(7821, 639, 350, NULL),
(7822, 639, 122, NULL),
(7823, 640, 124, NULL),
(7824, 640, 119, 0),
(7825, 640, 123, 330),
(7826, 640, 350, NULL),
(7827, 640, 122, NULL),
(7828, 637, 124, NULL),
(7829, 637, 119, 0),
(7830, 637, 123, 253),
(7831, 637, 350, NULL),
(7832, 637, 122, NULL),
(7833, 648, 124, NULL),
(7834, 648, 119, 0),
(7835, 648, 123, 0),
(7836, 648, 350, NULL),
(7837, 648, 120, NULL),
(7851, 80, 197, 0),
(7852, 80, 352, NULL),
(7853, 80, 219, 0),
(7854, 80, 220, NULL),
(7855, 500, 197, 0),
(7856, 500, 352, NULL),
(7857, 500, 219, 0),
(7861, 826, 197, 0),
(7862, 826, 352, NULL),
(7863, 826, 219, 0),
(7864, 827, 197, 0),
(7865, 827, 216, NULL),
(7866, 827, 219, 1),
(7871, 825, 197, 0),
(7872, 825, 352, NULL),
(7873, 825, 219, 0),
(7874, 829, 197, 0),
(7875, 829, 352, NULL),
(7876, 829, 219, 0),
(7877, 830, 197, 0),
(7878, 830, 352, NULL),
(7879, 830, 219, 0.4),
(7880, 831, 197, 0),
(7881, 831, 352, NULL),
(7882, 831, 219, 0),
(7886, 832, 197, 0),
(7887, 832, 217, NULL),
(7888, 832, 219, 1),
(7889, 832, 221, NULL),
(7890, 828, 197, 0),
(7891, 828, 216, NULL),
(7892, 828, 219, 1),
(7893, 828, 221, NULL),
(7894, 833, 197, 0),
(7895, 833, 352, NULL),
(7896, 833, 219, 0.4),
(7917, 356, 160, 100),
(7918, 356, 163, NULL),
(7919, 354, 160, 0),
(7920, 354, 163, NULL),
(7921, 353, 160, 0),
(7922, 353, 163, NULL),
(7923, 355, 160, 100),
(7924, 355, 163, NULL),
(7925, 835, 160, 0),
(7926, 835, 163, NULL),
(7927, 836, 79, NULL),
(7928, 836, 85, NULL),
(7929, 836, 8, NULL),
(7930, 836, 42, NULL),
(7931, 836, 89, NULL),
(7932, 836, 7, 0),
(7933, 836, 4, NULL),
(7936, 665, 160, 0),
(7937, 665, 161, NULL),
(7940, 837, 160, 0),
(7941, 837, 163, NULL),
(7946, 838, 160, 0),
(7947, 838, 163, NULL),
(7948, 839, 160, 0),
(7949, 839, 163, NULL),
(7950, 840, 160, 0),
(7951, 840, 163, NULL),
(7952, 841, 160, 0),
(7953, 841, 163, NULL),
(7954, 842, 160, 0),
(7955, 842, 163, NULL),
(7956, 843, 160, 0),
(7957, 843, 163, NULL),
(7958, 844, 160, 0),
(7959, 844, 163, NULL),
(7960, 845, 160, 0),
(7961, 845, 163, NULL),
(7964, 846, 160, 0),
(7965, 846, 163, NULL),
(7970, 849, 160, 0),
(7971, 849, 163, NULL),
(7974, 850, 160, 50),
(7975, 850, 163, NULL),
(7976, 847, 160, 0),
(7977, 847, 163, NULL),
(7978, 848, 160, 69),
(7979, 848, 163, NULL),
(7984, 851, 8, NULL),
(7985, 851, 42, NULL),
(7986, 851, 7, 1.85),
(7987, 851, 1, NULL),
(7988, 852, 160, 141),
(7989, 852, 163, NULL),
(7990, 853, 160, 0),
(7991, 853, 163, NULL),
(7992, 854, 8, NULL),
(7993, 854, 42, NULL),
(7994, 854, 7, 0),
(7995, 854, 1, NULL),
(7998, 856, 160, 169),
(7999, 856, 163, NULL),
(8004, 857, 160, 0),
(8005, 857, 163, NULL),
(8006, 858, 160, 100),
(8007, 858, 163, NULL),
(8008, 859, 160, 87),
(8009, 859, 163, NULL),
(8010, 860, 160, 0),
(8011, 860, 163, NULL),
(8012, 861, 160, 0),
(8013, 861, 163, NULL),
(8014, 862, 160, 0),
(8015, 862, 163, NULL),
(8016, 863, 160, 0),
(8017, 863, 163, NULL),
(8018, 864, 160, 0),
(8019, 864, 161, NULL),
(8020, 865, 160, 0),
(8021, 865, 161, NULL),
(8022, 866, 160, 0),
(8023, 866, 161, NULL),
(8024, 867, 160, 0),
(8025, 867, 161, NULL),
(8028, 869, 160, 71.2),
(8029, 869, 161, NULL),
(8030, 868, 160, 69.4),
(8031, 868, 161, NULL),
(8032, 870, 160, 71.2),
(8033, 870, 161, NULL),
(8034, 871, 160, 71.2),
(8035, 871, 161, NULL),
(8036, 872, 160, 80.2),
(8037, 872, 161, NULL),
(8038, 873, 160, 82.9),
(8039, 873, 161, NULL),
(8040, 874, 160, 300),
(8041, 874, 161, NULL),
(8042, 875, 160, 300),
(8043, 875, 161, NULL),
(8044, 876, 160, 0),
(8045, 876, 161, NULL),
(8046, 877, 160, 0),
(8047, 877, 161, NULL),
(8048, 878, 160, 0),
(8049, 878, 161, NULL),
(8052, 879, 160, 0),
(8053, 879, 161, NULL),
(8054, 880, 160, 0),
(8055, 880, 162, NULL),
(8056, 881, 160, 0),
(8057, 881, 162, NULL),
(8058, 882, 160, 0),
(8059, 882, 162, NULL),
(8060, 883, 160, 0),
(8061, 883, 162, NULL),
(8062, 884, 160, 0),
(8063, 884, 162, NULL),
(8066, 885, 160, 0),
(8067, 885, 162, NULL),
(8068, 886, 160, 0),
(8069, 886, 162, NULL),
(8070, 887, 160, 0),
(8071, 887, 162, NULL),
(8072, 888, 160, 0),
(8073, 888, 162, NULL),
(8074, 855, 160, 39),
(8075, 855, 163, NULL),
(8076, 889, 8, NULL),
(8077, 889, 42, NULL),
(8078, 889, 104, NULL),
(8079, 889, 7, 1.25),
(8080, 889, 1, NULL),
(8086, 774, 27, NULL),
(8087, 774, 57, NULL),
(8088, 774, 102, NULL),
(8089, 774, 7, 2.35),
(8090, 774, 2, NULL),
(8099, 892, 8, NULL),
(8100, 892, 42, NULL),
(8101, 892, 7, 0),
(8102, 892, 1, NULL),
(8103, 893, 8, NULL),
(8104, 893, 42, NULL),
(8105, 893, 7, 1),
(8106, 893, 1, NULL);

-- --------------------------------------------------------

--
-- Table structure for table `resources_values`
--

CREATE TABLE `resources_values` (
  `idResources_values` int(11) NOT NULL,
  `value` varchar(115) NOT NULL,
  `order` int(11) DEFAULT NULL,
  `game_resources_idgame_resources` int(11) NOT NULL
) ENGINE=InnoDB DEFAULT CHARSET=utf8;

--
-- Dumping data for table `resources_values`
--

INSERT INTO `resources_values` (`idResources_values`, `value`, `order`, `game_resources_idgame_resources`) VALUES
(1, 'No Sparking', 0, 2),
(2, 'Level 1', 1, 2),
(3, 'Level 2', 2, 2),
(4, 'Level 3', 3, 2),
(5, 'Double Sparking', 4, 2),
(6, 'Starts With Sparking', 5, 2),
(7, '7', NULL, 8),
(8, 'None', 0, 6),
(9, 'Goku (SSJ) (A - Kamehameha)', 1, 6),
(10, 'Goku Black (A - Black Kamehameha)', 1, 6),
(11, 'Vegeta (SSJ) (A - Consecutive Energy Blast)', 1, 6),
(12, 'Vegeta (SSGSS) (A - Big Bang Attack)', 1, 6),
(13, 'Gohan (Teen) (A - Super Dragon Flight)', 1, 6),
(14, 'Gohan (Adult) (A - Jet Uppercut)', 1, 6),
(15, 'Krilin (A - Rock Throw/Senzu Bean)', 1, 6),
(16, 'Yamcha (A - Wolf Fang Fist)', 1, 6),
(17, 'Tien (A - Dodon Ray)', 1, 6),
(18, 'Trunks (A- Change The Future)', 1, 6),
(19, 'Gotenks (A - Galactic Donut)', 1, 6),
(20, 'Piccolo (A - Homing Energy Blast)', 1, 6),
(21, 'Nappa (A - Blazing Storm)', 1, 6),
(22, 'Captain Ginyu (A - Strong Jersey)', 1, 6),
(23, 'Frieza (A - Death Slash)', 1, 6),
(24, 'Cell (A - (Air) Kamhehameha)', 1, 6),
(25, 'Android 16 (A - Hell Heat)', 1, 6),
(26, 'Android 18 (A - Barrier)', 1, 6),
(27, 'Android 21 (A - Total Detonation Ball)', 1, 6),
(28, 'Kid Buu (A - Arm Ball)', 1, 6),
(29, 'Majin Buu (A - Sweeping Breath)', 1, 6),
(30, 'Hit (A - Guard Breaker)', 1, 6),
(31, 'Beerus (A - Sphere of Destruction)', 1, 6),
(32, 'Broly (A - Eraser Blow)', 1, 6),
(33, 'Bardock (A - Rebellion Spear)', 1, 6),
(34, 'Zamasu (Fused) (A - Divine Order)', 1, 6),
(35, 'Vegito (SSGSS) (A - Split Finger Shot)', 1, 6),
(36, 'Goku (A - 5LLL)', 1, 6),
(37, 'Vegeta (A - Energy Cutter)', 1, 6),
(38, 'Cooler (A - Death Breaker)', 1, 6),
(39, 'Android 17 (A - Reverse Gear)', 1, 6),
(40, 'Videl (A - Videl Rush)', 1, 6),
(41, 'Jiren (A - Infinity Rush)', 1, 6),
(42, 'None', 0, 7),
(43, 'Goku (SSJ) (A - Kamehameha)', 1, 7),
(44, 'Goku Black (A- Black Kamehameha)', 1, 7),
(45, 'Vegeta (SSJ) (A - Consecutive Energy Blast)', 1, 7),
(46, 'Vegeta (SSGSS) (A - Big Bang Attack)', 1, 7),
(48, 'Gohan (Adult) (A - Jet Uppercut)', 1, 7),
(49, 'Krilin (A - Rock Throw/Senzu Bean)', 1, 7),
(50, 'Yamcha (A - Wolf Fang Fist)', 1, 7),
(51, 'Tien (A - Dodon Ray)', 1, 7),
(52, 'Trunks (A- Change The Future)', 1, 7),
(53, 'Gotenks (A - Galactic Donut)', 1, 7),
(54, 'Piccolo (A - Homing Energy Blast)', 1, 7),
(56, 'Captain Ginyu (A - Strong Jersey)', 1, 7),
(57, 'Frieza (A - Death Slash)', 1, 7),
(58, 'Cell (A - (Air) Kamhehameha)', 1, 7),
(59, 'Android 16 (A - Hell Heat)', 1, 7),
(60, 'Android 18 (A - Barrier)', 1, 7),
(61, 'Android 21 (A - Total Destruction Ball)', 1, 7),
(62, 'Kid Buu (A - Arm Ball)', 1, 7),
(63, 'Majin Buu (A - Sweeping Breath)', 1, 7),
(64, 'Hit (A - Guard Breaker)', 1, 7),
(65, 'Beerus (A - Sphere of Destruction)', 1, 7),
(66, 'Broly (A - Eraser Blow)', 1, 7),
(67, 'Bardock (A - Rebellion Spear)', 1, 7),
(68, 'Zamasu (Fused) (A - Divine Order)', 1, 7),
(69, 'Vegito (SSGSS) (A - Split Finger Shot)', 1, 7),
(70, 'Goku (A - 5LLL)', 1, 7),
(71, 'Vegeta (A - Energy Cutter)', 1, 7),
(72, 'Cooler (A - Death Breaker)', 1, 7),
(73, 'Android 17 (A - Reverse Gear)', 1, 7),
(74, 'Videl (A - Videl Rush)', 1, 7),
(75, 'Jiren (A - Infinity Rush)', 1, 7),
(78, 'Normal', 0, 9),
(79, 'Solar Flare', 1, 9),
(80, 'Sticky Energy Blast', 2, 9),
(81, 'Barrier Sphere', 3, 9),
(82, 'Sonic Warp', 4, 9),
(83, 'Normal', 0, 10),
(84, 'Solar Flare', 1, 10),
(85, 'Sticky Energy Blast', 2, 10),
(86, 'Barrier Sphere', 3, 10),
(87, 'Sonic Warp', 4, 10),
(88, 'Normal', 0, 11),
(89, 'Kamehameha', 1, 11),
(90, 'Consecutive Energy Blast', 2, 11),
(91, 'Explosive Energy Blast', 3, 11),
(92, 'Homing Energy Blast', 4, 11),
(93, 'Normal', 0, 12),
(94, 'Kamehameha', 1, 12),
(95, 'Consecutive Energy Blast', 2, 12),
(96, 'Explosive Energy Blast', 3, 12),
(97, 'Homing Energy Blast', 4, 12),
(98, 'Guldo', 0, 13),
(99, 'Recoome', 1, 13),
(100, 'Burter', 2, 13),
(101, 'Jeice', 3, 13),
(102, 'No Golden', 0, 14),
(103, 'Mid Combo', 1, 14),
(104, 'Starts With', 2, 14),
(105, 'Normal', 0, 15),
(106, 'Powered Up', 1, 15),
(107, '0', 0, 16),
(108, '1', 1, 16),
(109, '2', 2, 16),
(110, '3', 3, 16),
(111, '4', 4, 16),
(112, '5', 5, 16),
(113, '6', 6, 16),
(114, '7', 7, 16),
(115, 'Normal', 0, 17),
(116, 'Level 1', 1, 17),
(117, 'Level 2', 2, 17),
(118, 'Level 3', 3, 17),
(119, '3', NULL, 22),
(120, 'V-Trigger I', 1, 23),
(121, 'V-Trigger II', 2, 23),
(122, 'No V-Trigger', 0, 23),
(123, '1500', NULL, 24),
(124, 'No Counter', 0, 25),
(125, 'Counter', 1, 25),
(126, 'Crush Counter', 2, 25),
(127, '0', 0, 27),
(128, '1', 1, 27),
(129, '2', 2, 27),
(130, '3', 3, 27),
(131, '4', 4, 27),
(132, '5', 5, 27),
(133, '6', 6, 27),
(134, 'Starts with V-Trigger I', 5, 23),
(135, 'No Absorb', 0, 28),
(136, 'Projectile Absorbed', 1, 28),
(137, 'No Buff', 0, 29),
(138, 'Level 1', 1, 29),
(139, 'Level 2', 2, 29),
(140, 'Level 3', 3, 29),
(141, 'Level 4', 4, 29),
(142, 'Level 5', 5, 29),
(143, 'Level 6', 6, 29),
(144, 'None', 0, 30),
(145, 'LK', 1, 30),
(146, 'MK', 2, 30),
(147, 'HK', 3, 30),
(148, 'LK + MK', 4, 30),
(149, 'LK + HK', 5, 30),
(150, 'MK + HK', 6, 30),
(151, 'All Charges', 8, 30),
(152, 'Normal', 0, 31),
(153, 'Charged', 1, 31),
(154, 'Old Zeku', 0, 33),
(155, 'Young Zeku', 1, 33),
(156, 'Level 1', 0, 34),
(157, 'Level 2', 1, 34),
(158, 'Level 3', 2, 34),
(159, '9', NULL, 35),
(160, '300', NULL, 38),
(161, 'Full Moon', NULL, 39),
(162, 'Half Moon', NULL, 39),
(163, 'Crescent Moon', NULL, 39),
(164, 'None', 0, 42),
(165, 'Squigly', 1, 42),
(166, 'Big Band', 1, 42),
(167, 'Eliza', 1, 42),
(168, 'Ms Fortune', 1, 42),
(169, 'Peacock', 1, 42),
(170, 'Painwheel', 1, 42),
(171, 'Filia', 1, 42),
(172, 'Cerebella', 1, 42),
(173, 'Valentine', 1, 42),
(174, 'Parasoul', 1, 42),
(175, 'Double', 1, 42),
(177, 'Fukua', 1, 42),
(178, 'Beowulf', 1, 42),
(179, 'Robo-Fortune', 1, 42),
(180, 'None', 0, 43),
(181, 'Squigly', 1, 43),
(182, 'Big Band', 1, 43),
(183, 'Eliza', 1, 43),
(184, 'Ms Fortune', 1, 43),
(185, 'Peacock', 1, 43),
(186, 'Painwheel', 1, 43),
(187, 'Filia', 1, 43),
(188, 'Cerebella', 1, 43),
(189, 'Valentine', 1, 43),
(190, 'Parasoul', 1, 43),
(192, 'Double', 1, 43),
(193, 'Fukua', 1, 43),
(194, 'Beowulf', 1, 43),
(195, 'Robo-Fortune', 1, 43),
(196, '5', NULL, 44),
(197, '100', NULL, 46),
(198, 'Normal', 0, 47),
(199, 'Level 1', 1, 47),
(200, 'Level 2', 2, 47),
(201, 'Level 3', 3, 47),
(202, 'With', 0, 48),
(203, 'Without', 1, 48),
(204, '200', NULL, 49),
(205, 'P', 1, 50),
(206, 'K', 2, 50),
(207, 'P+K', 3, 50),
(208, '0', 0, 51),
(209, '1', 1, 51),
(210, '2', 2, 51),
(211, '3', 3, 51),
(212, '0', 0, 53),
(213, '1', 1, 53),
(214, '2', 2, 53),
(215, '3', 3, 53),
(216, 'I', 1, 54),
(217, 'II', 2, 54),
(218, 'III', 3, 54),
(219, '3', NULL, 55),
(220, '0', 0, 57),
(221, '1', 1, 57),
(222, '2', 2, 57),
(223, '3', 3, 57),
(224, '4', 4, 57),
(225, '5', 5, 57),
(226, '6', 6, 57),
(227, '7', 7, 57),
(228, '8', 8, 57),
(229, '4', NULL, 58),
(232, '100', NULL, 60),
(233, 'Off', 0, 62),
(234, 'On', 1, 62),
(235, 'None', 0, 63),
(236, 'Level 1', 1, 63),
(237, 'Level 2', 2, 63),
(238, 'Level 3', 3, 63),
(239, 'Level 4', 4, 63),
(240, '2', NULL, 65),
(241, 'None', 0, 66),
(242, 'Ragna the Bloodedge', 1, 66),
(243, 'Jin Kisaragi', 1, 66),
(244, 'Noel Vermillion', 1, 66),
(245, 'Rachel Alucard', 1, 66),
(246, 'Hazama', 1, 66),
(247, 'Iron Tager', 1, 66),
(248, 'Hakumen', 1, 66),
(249, 'Nu-13', 1, 66),
(250, 'Makoto Nanaya', 1, 66),
(251, 'Platinum the Trinity', 1, 66),
(252, 'Izayoi', 1, 66),
(253, 'Azrael', 1, 66),
(254, 'Naoto Kurogane', 1, 66),
(255, 'Nine the Phantom', 1, 66),
(256, 'Mai Natsume', 1, 66),
(257, 'Es', 1, 66),
(258, 'Jubei', 1, 66),
(259, 'Yu Narukami', 1, 66),
(260, 'Yosuke Hanamura', 1, 66),
(261, 'Chie Satonaka', 1, 66),
(262, 'Yukiko Amagi', 1, 66),
(263, 'Kanji Tatsumi', 1, 66),
(264, 'Teddie', 1, 66),
(265, 'Labrys', 1, 66),
(266, 'Aegis', 1, 66),
(267, 'Hyde', 1, 66),
(268, 'Akihiko Sanada', 1, 66),
(269, 'Linne', 1, 66),
(270, 'Mitsuru Kirijo', 1, 66),
(271, 'Naoto Shirogane', 1, 66),
(272, 'Waldstein', 1, 66),
(273, 'Carmine', 1, 66),
(274, 'Orie', 1, 66),
(275, 'Gordeau', 1, 66),
(276, 'Merkava', 1, 66),
(277, 'Vatista', 1, 66),
(278, 'Seth', 1, 66),
(279, 'Yuzuriha', 1, 66),
(280, 'Mika', 1, 66),
(281, 'Ruby Rose', 1, 66),
(282, 'Weiss Schnee', 1, 66),
(283, 'Blake Belladonna', 1, 66),
(284, 'Yang Xiao Long', 1, 66),
(285, 'Heart Aino', 1, 66),
(286, '100000', NULL, 67),
(287, 'None', 0, 50),
(288, 'Power', NULL, 68),
(289, 'Speed', NULL, 68),
(290, 'Ex', NULL, 68),
(295, '10000', NULL, 70),
(296, '10000', NULL, 71),
(302, 'Default', 0, 75),
(303, 'Counter', 1, 75),
(304, 'High Counter', 2, 75),
(314, 'Starts with V-Trigger II\r\n', 10, 23),
(318, 'x3', 1, 83),
(319, 'x20', 2, 83),
(320, 'Full Team', 0, 83),
(321, 'Normal', 0, 84),
(322, 'Active', 1, 84),
(323, 'Mid Combo', 5, 62),
(324, 'Goku (GT) (A - Kamehameha)', 1, 6),
(325, 'Goku (GT) (A - Kamehameha)', 1, 7),
(338, 'Janemba (A - 5S)', 1, 6),
(339, 'Janemba (A - 5S)', 1, 7),
(340, '300', NULL, 89),
(341, 'Gogeta (SSGSS) (A - jH)', 1, 7),
(342, 'Gogeta (SSGSS) (A - jH)', 1, 6),
(343, 'Broly (DBS) - (A - Raging Quake)', 1, 6),
(344, 'Broly (DBS) (A - Raging Quake)', 1, 7),
(345, 'Normal', 1, 90),
(346, 'Powered Up', 2, 90),
(347, 'Normal', 1, 91),
(348, 'Powered Up', 2, 91),
(349, 'No V-Skill', 0, 92),
(350, 'V-Skill I', 1, 92),
(351, 'V-Skill II', 2, 92),
(352, 'No Super Art', 0, 54),
(353, 'Gohan (Adult) (B - Placeholder)', 1, 6),
(354, 'Gohan (Adult) (C - Placeholder)', 1, 6),
(355, 'Goku (SSJ) (B - Flurry Kick)', 1, 6),
(356, 'Goku (SSJ) (C - Dragon Storm)', 1, 6),
(357, 'Gohan (Adult) (B - Placeholder)', 1, 7),
(358, 'Gohan (Adult) (C - Placeholder)', 1, 7),
(359, 'Goku (SSJ) (B - Flurry Kick)', 1, 7),
(360, 'Goku (SSJ) (C - Dragon Storm)', 1, 7),
(361, 'Kid Buu (B - Mystic Ball)', 1, 6),
(362, 'Kid Buu (B - Mystic Ball)', 1, 7),
(363, 'Kid Buu (C - Placeholder)', 1, 6),
(364, 'Kid Buu (C - Placeholder)', 1, 7),
(365, 'Trunks (B - Masenko)', 1, 6),
(366, 'Trunks (B - Masenko)', 1, 7),
(367, 'Trunks (C - Placeholder)', 1, 6),
(368, 'Trunks (C - Placeholder)', 1, 7),
(369, 'Goku Black (B - Placeholder)', 1, 7),
(370, 'Goku Black (C - Placeholder)', 1, 7),
(371, 'Goku Black (B - Placeholder)', 1, 6),
(372, 'Goku Black (C - Placeholder)', 1, 6),
(373, 'Cell (B - Perfect Attack)', 1, 7),
(374, 'Cell (B - Perfect Attack)', 1, 6),
(375, 'Cell (C - Placeholder)', 1, 6),
(376, 'Cell (C - Placeholder)', 1, 7),
(377, 'Vegeta (SSGSS) (B - Super Dash Kick)', 1, 6),
(378, 'Vegeta (SSGSS) (C - )', 1, 6),
(379, 'Vegeta (SSGSS) (B - Super Dash Kick)', 1, 7),
(380, 'Vegeta (SSGSS) (C - Placeholder)', 1, 7),
(381, 'Vegeta (SSJ) (B - Super Dash Kick)', 1, 7),
(382, 'Vegeta (SSJ) (B - Super Dash Kick)', 1, 6),
(383, 'Vegeta (SSJ) (C - Crushing Knee Kick)', 1, 6),
(384, 'Vegeta (SSJ) (C - Crushing Knee Kick)', 1, 7),
(385, 'Gogeta (SSGSS) (B - )', 1, 6),
(386, 'Gogeta (SSGSS) (C - )', 1, 6),
(387, 'Android 16 (B - )', 1, 6),
(388, 'Android 16 (C - )', 1, 6),
(389, 'Android 17 (B - Accel Driver)', 1, 6),
(390, 'Android 17 (C - )', 1, 6),
(391, 'Android 18 (B - )', 1, 6),
(392, 'Android 18 (C - )', 1, 6),
(393, 'Android 21 (B - )', 1, 6),
(394, 'Android 21 (C - )', 1, 6),
(395, 'Bardock (B - ', 1, 6),
(396, 'Bardock (C - )', 1, 6),
(397, 'Beerus (B - )', 1, 6),
(398, 'Beerus (C - God of Destruction\'s Wrath > jH)', 1, 6),
(399, 'Broly (B - )', 1, 6),
(400, 'Broly (C - )', 1, 6),
(401, 'Broly (DBS) - (B - )', 1, 6),
(402, 'Broly (DBS) - (C - )', 1, 6),
(403, 'Captain Ginyu (B - )', 1, 6),
(404, 'Captain Ginyu (C - )', 1, 6),
(405, 'Cooler (B - )', 1, 6),
(406, 'Cooler (C - )', 1, 6),
(407, 'Frieza (B - )', 1, 6),
(408, 'Frieza (C - )', 1, 6),
(409, 'Gohan (Teen) (B - )', 1, 6),
(410, 'Gohan (Teen) (C - )', 1, 6),
(411, 'Goku (B - )', 1, 6),
(412, 'Goku (C - )', 1, 6),
(413, 'Goku (SSGSS) (A - Dragon Flash Kick)', 1, 6),
(414, 'Goku (SSGSS) (B - )', 1, 6),
(415, 'Goku (SSGSS) (C - )', 1, 6),
(416, 'Goku (Ultra Instinct) (A - )', 1, 6),
(417, 'Goku (Ultra Instinct) (B - )', 1, 6),
(418, 'Goku (Ultra Instinct) (C - )', 1, 6),
(419, 'Goku (GT) (B - )', 1, 6),
(420, 'Goku (GT) (C - )', 1, 6),
(421, 'Gotenks (B - Miracle Super Punch)', 1, 6),
(422, 'Gotenks (C - DIE DIE Missile Barrage) ', 1, 6),
(423, 'Hit (B - )', 1, 6),
(424, 'Hit (C - Tides of Time: Time Release)', 1, 6),
(425, 'Janemba (B - )', 1, 6),
(426, 'Janemba (C - )', 1, 6),
(427, 'Kefla (A - )', 1, 6),
(428, 'Jiren (B - )', 1, 6),
(429, 'Jiren (C - )', 1, 6),
(430, 'Kefla (B - )', 1, 6),
(431, 'Kefla (C - )', 1, 6),
(432, 'Krilin (B - Kamehameha)', 1, 6),
(433, 'Krillin (C - )', 1, 6),
(434, 'Majin Buu (B - )', 1, 6),
(435, 'Majin Buu (C - )', 1, 6),
(436, 'Nappa (B - )', 1, 6),
(437, 'Nappa (C - )', 1, 6),
(438, 'Piccolo (B - )', 1, 6),
(439, 'Piccolo (C - )', 1, 6),
(440, 'Tien (B - )', 1, 6),
(441, 'Tien (C - )', 1, 6),
(442, 'Vegeta (B', 1, 6),
(443, 'Vegeta (C ', 1, 6),
(444, 'Vegito (SSGSS) (B - Spiral Heel Shot)', 1, 6),
(445, 'Vegito (SSGSS) (C - 5L)', 1, 6),
(446, 'Videl (B - )', 1, 6),
(447, 'Videl (C - )', 1, 6),
(448, 'Yamcha (B - Kamehameha)', 1, 6),
(449, 'Yamcha (C - Wolf Fang Fist: Gale Claws)', 1, 6),
(450, 'Zamasu (Fused) (B - Eternal Justice)', 1, 6),
(451, 'Zamasu (Fused) (C - )', 1, 6),
(452, 'Android 16 (B - )', 1, 7),
(453, 'Android 16 (C - )', 1, 7),
(454, 'Android 17 (B - Accel Driver)', 1, 7),
(455, 'Android 17 (C - )', 1, 7),
(456, 'Android 18 (B - )', 1, 7),
(457, 'Android 18 (C - )', 1, 7),
(458, 'Android 21 (B - )', 1, 7),
(459, 'Android 21 (C - )', 1, 7),
(460, 'Bardock (B - )', 1, 7),
(461, 'Bardock (C - )', 1, 7),
(462, 'Beerus (B - )', 1, 7),
(463, 'Beerus (C - God of Destruction\'s Edict > jH)', 1, 7),
(464, 'Broly (B - )', 1, 7),
(465, 'Broly (C - )', 1, 7),
(466, 'Broly (DBS) (B - )', 1, 7),
(467, 'Broly (DBS) (C - )', 1, 7),
(468, 'Captain Ginyu (B - )', 1, 7),
(469, 'Captain Ginyu (B - )', 1, 7),
(470, 'Captain Ginyu (C - )', 1, 7),
(471, 'Cooler (B - )', 1, 7),
(472, 'Cooler (C - )', 1, 7),
(473, 'Frieza (B - )', 1, 7),
(474, 'Frieza (C - )', 1, 7),
(475, 'Gogeta (SSGSS) (B - )', 1, 7),
(476, 'Gogeta (SSGSS) (C - )', 1, 7),
(477, 'Gohan (Adult) (A - Jet Uppercut)', 1, 7),
(480, 'Goku (B - )', 1, 7),
(481, 'Goku (C - )', 1, 7),
(482, 'Gohan (Teen) (A - Super Dragon Flight)', 1, 7),
(483, 'Gohan (Teen) (B - )', 1, 7),
(484, 'Gohan (Teen) (C - )', 1, 7),
(485, 'Goku (GT) (B - )', 1, 7),
(486, 'Goku (GT) (C - )', 1, 7),
(487, 'Goku (SSGSS) (A - Dragon Flash Kick)', 1, 7),
(488, 'Goku (SSGSS) (B - )', 1, 7),
(489, 'Goku (SSGSS) (C - )', 1, 7),
(490, 'Goku (Ultra Instinct) (A - )', 1, 7),
(491, 'Goku (Ultra Instinct) (B - )', 1, 7),
(492, 'Goku (Ultra Instinct) (C - )', 1, 7),
(493, 'Gotenks (B - Miracle Super Punch)', 1, 7),
(494, 'Gotenks (C - DIE DIE Missile Barrage)', 1, 7),
(495, 'Hit (B - )', 1, 7),
(496, 'Hit (C - Tides of Time: Time Release)', 1, 7),
(497, 'Janemba (B - )', 1, 7),
(498, 'Janemba (C - )', 1, 7),
(499, 'Jiren (B - )', 1, 7),
(500, 'Jiren (C - )', 1, 7),
(501, 'Kefla (A - )', 1, 7),
(502, 'Kefla (B - )', 1, 7),
(503, 'Kefla (C - )', 1, 7),
(504, 'Krillin (B - Kamehameha)', 1, 7),
(505, 'Krillin (C - )', 1, 7),
(506, 'Majin Buu (B - )', 1, 7),
(507, 'Majin Buu (C - )', 1, 7),
(508, 'Nappa (A - Blazing Storm)', 1, 7),
(509, 'Nappa (B - )', 1, 7),
(510, 'Nappa (C - )', 1, 7),
(511, 'Piccolo (B - )', 1, 7),
(512, 'Piccolo (C - )', 1, 7),
(513, 'Tien (B - )', 1, 7),
(514, 'Tien (C - )', 1, 7),
(515, 'Vegeta (B - )', 1, 7),
(516, 'Vegeta (C - )', 1, 7),
(517, 'Vegito (SSGSS) (B - Spiral Heel Shot)', 1, 7),
(518, 'Vegito (SSGSS) (C - )', 1, 7),
(519, 'Videl (B - )', 1, 7),
(520, 'Videl (C - )', 1, 7),
(521, 'Yamcha (B - Kamehameha)', 1, 7),
(522, 'Yamcha (C - Wolf Fang Fist: Gale Claws)', 1, 7),
(523, 'Zamasu (Fused) (B - Eternal Justice)', 1, 7),
(524, 'Zamasu (Fused) (C - )', 1, 7);

-- --------------------------------------------------------

--
-- Table structure for table `user`
--

CREATE TABLE `user` (
  `iduser` int(11) NOT NULL,
  `nickname` varchar(45) DEFAULT NULL,
  `trusted user` int(11) DEFAULT NULL
) ENGINE=InnoDB DEFAULT CHARSET=utf8;

--
-- Indexes for dumped tables
--

--
-- Indexes for table `button`
--
ALTER TABLE `button`
  ADD PRIMARY KEY (`idbutton`),
  ADD KEY `fk_button_game1_idx` (`game_idgame`);

--
-- Indexes for table `character`
--
ALTER TABLE `character`
  ADD PRIMARY KEY (`idcharacter`),
  ADD KEY `fk_character_game1_idx` (`game_idgame`);

--
-- Indexes for table `combo`
--
ALTER TABLE `combo`
  ADD PRIMARY KEY (`idcombo`),
  ADD KEY `fk_combo_character1_idx` (`character_idcharacter`),
  ADD KEY `fk_combo_user1` (`user_iduser`);

--
-- Indexes for table `combo_listing`
--
ALTER TABLE `combo_listing`
  ADD PRIMARY KEY (`idcombo`,`idlist`);

--
-- Indexes for table `game`
--
ALTER TABLE `game`
  ADD PRIMARY KEY (`idgame`);

--
-- Indexes for table `game_resources`
--
ALTER TABLE `game_resources`
  ADD PRIMARY KEY (`idgame_resources`),
  ADD KEY `fk_game_resources_game1_idx` (`game_idgame`);

--
-- Indexes for table `link`
--
ALTER TABLE `link`
  ADD PRIMARY KEY (`idLink`);

--
-- Indexes for table `list`
--
ALTER TABLE `list`
  ADD PRIMARY KEY (`idlist`);

--
-- Indexes for table `logs`
--
ALTER TABLE `logs`
  ADD PRIMARY KEY (`idlog`);

--
-- Indexes for table `resources`
--
ALTER TABLE `resources`
  ADD PRIMARY KEY (`idResources`),
  ADD KEY `fk_Resources_combo1_idx` (`combo_idcombo`),
  ADD KEY `fk_Resources_Resources_values1_idx` (`Resources_values_idResources_values`);

--
-- Indexes for table `resources_values`
--
ALTER TABLE `resources_values`
  ADD PRIMARY KEY (`idResources_values`),
  ADD KEY `fk_resources_values_game_resources1_idx` (`game_resources_idgame_resources`);

--
-- Indexes for table `user`
--
ALTER TABLE `user`
  ADD PRIMARY KEY (`iduser`);

--
-- AUTO_INCREMENT for dumped tables
--

--
-- AUTO_INCREMENT for table `button`
--
ALTER TABLE `button`
  MODIFY `idbutton` int(11) NOT NULL AUTO_INCREMENT, AUTO_INCREMENT=573;

--
-- AUTO_INCREMENT for table `character`
--
ALTER TABLE `character`
  MODIFY `idcharacter` int(11) NOT NULL AUTO_INCREMENT, AUTO_INCREMENT=532;

--
-- AUTO_INCREMENT for table `combo`
--
ALTER TABLE `combo`
  MODIFY `idcombo` int(11) NOT NULL AUTO_INCREMENT, AUTO_INCREMENT=894;

--
-- AUTO_INCREMENT for table `game`
--
ALTER TABLE `game`
  MODIFY `idgame` int(11) NOT NULL AUTO_INCREMENT, AUTO_INCREMENT=24;

--
-- AUTO_INCREMENT for table `game_resources`
--
ALTER TABLE `game_resources`
  MODIFY `idgame_resources` int(11) NOT NULL AUTO_INCREMENT, AUTO_INCREMENT=93;

--
-- AUTO_INCREMENT for table `link`
--
ALTER TABLE `link`
  MODIFY `idLink` int(11) NOT NULL AUTO_INCREMENT, AUTO_INCREMENT=6;

--
-- AUTO_INCREMENT for table `list`
--
ALTER TABLE `list`
  MODIFY `idlist` int(11) NOT NULL AUTO_INCREMENT, AUTO_INCREMENT=22;

--
-- AUTO_INCREMENT for table `logs`
--
ALTER TABLE `logs`
  MODIFY `idlog` int(11) NOT NULL AUTO_INCREMENT, AUTO_INCREMENT=37;

--
-- AUTO_INCREMENT for table `resources`
--
ALTER TABLE `resources`
  MODIFY `idResources` int(11) NOT NULL AUTO_INCREMENT, AUTO_INCREMENT=8107;

--
-- AUTO_INCREMENT for table `resources_values`
--
ALTER TABLE `resources_values`
  MODIFY `idResources_values` int(11) NOT NULL AUTO_INCREMENT, AUTO_INCREMENT=525;

--
-- Constraints for dumped tables
--

--
-- Constraints for table `button`
--
ALTER TABLE `button`
  ADD CONSTRAINT `fk_button_game1` FOREIGN KEY (`game_idgame`) REFERENCES `game` (`idgame`) ON DELETE NO ACTION ON UPDATE NO ACTION;

--
-- Constraints for table `character`
--
ALTER TABLE `character`
  ADD CONSTRAINT `fk_character_game1` FOREIGN KEY (`game_idgame`) REFERENCES `game` (`idgame`) ON DELETE NO ACTION ON UPDATE NO ACTION;

--
-- Constraints for table `combo`
--
ALTER TABLE `combo`
  ADD CONSTRAINT `fk_combo_character1` FOREIGN KEY (`character_idcharacter`) REFERENCES `character` (`idcharacter`) ON DELETE NO ACTION ON UPDATE NO ACTION,
  ADD CONSTRAINT `fk_combo_user1` FOREIGN KEY (`user_iduser`) REFERENCES `userrr` (`iduser`) ON DELETE NO ACTION ON UPDATE NO ACTION;

--
-- Constraints for table `game_resources`
--
ALTER TABLE `game_resources`
  ADD CONSTRAINT `fk_game_resources_game1` FOREIGN KEY (`game_idgame`) REFERENCES `game` (`idgame`) ON DELETE NO ACTION ON UPDATE NO ACTION;

--
-- Constraints for table `resources`
--
ALTER TABLE `resources`
  ADD CONSTRAINT `fk_Resources_Resources_values1` FOREIGN KEY (`Resources_values_idResources_values`) REFERENCES `resources_values` (`idResources_values`) ON DELETE NO ACTION ON UPDATE NO ACTION,
  ADD CONSTRAINT `fk_Resources_combo1` FOREIGN KEY (`combo_idcombo`) REFERENCES `combo` (`idcombo`) ON DELETE NO ACTION ON UPDATE NO ACTION;

--
-- Constraints for table `resources_values`
--
ALTER TABLE `resources_values`
  ADD CONSTRAINT `fk_resources_values_game_resources1` FOREIGN KEY (`game_resources_idgame_resources`) REFERENCES `game_resources` (`idgame_resources`) ON DELETE NO ACTION ON UPDATE NO ACTION;
COMMIT;

/*!40101 SET CHARACTER_SET_CLIENT=@OLD_CHARACTER_SET_CLIENT */;
/*!40101 SET CHARACTER_SET_RESULTS=@OLD_CHARACTER_SET_RESULTS */;
/*!40101 SET COLLATION_CONNECTION=@OLD_COLLATION_CONNECTION */;
